case,x_relative_nm,y_relative_nm,relative_ray_power
nominal,-4005.25125160161,1171.5048546602775,0.025009789906040258
nominal,-440.6516803157565,-2040.7135014635642,0.025009789906040258
nominal,1786.107536192855,-438.265266901105,0.025009789906040258
nominal,-3322.1465835029885,-3.671854188091447,0.025009789906040258
nominal,2285.018206351136,2316.5432934974533,0.025009789906040258
nominal,-834.6136592547956,-1632.3667753329046,0.025009789906040258
nominal,-4478.555268331124,1121.6120974830164,0.025009789906040258
nominal,-1728.2287410132433,-3624.1556507639602,0.025009789906040258
nominal,-3968.3480175401405,2215.2355455148936,0.025009789906040258
nominal,-1958.81880000886,1780.4119627819478,0.025009789906040258
nominal,1116.8706424915024,3812.506985303166,0.025009789906040258
nominal,-3253.651920398998,-2192.1502644828834,0.025009789906040258
nominal,-809.1920190956223,4374.874070661229,0.025009789906040258
nominal,3539.5649332774005,2892.7343590489654,0.025009789906040258
nominal,-4356.815043127287,1273.1578769213388,0.025009789906040258
nominal,442.396693606856,-3290.5959170242413,0.025009789906040258
nominal,-2648.9020045370958,148.98830407655885,0.025009789906040258
nominal,-552.4323700832276,4425.045411705576,0.025009789906040258
nominal,-215.36400174953482,-1177.0461545260173,0.025009789906040258
nominal,843.8000800538639,-3887.15459708272,0.025009789906040258
nominal,-4423.4065621427335,-1145.3540556039525,0.025009789906040258
nominal,3401.4827012218198,225.7817598631534,0.025009789906040258
nominal,-3908.4795083144604,-2566.4580684668367,0.025009789906040258
nominal,-4556.413110772755,-333.04828857155746,0.025009789906040258
nominal,144.17469710651412,4226.723389825161,0.025009789906040258
nominal,-2011.9603987534483,-3782.9865898635903,0.025009789906040258
nominal,1519.4924036933735,-815.7598590757259,0.025009789906040258
nominal,-2182.7711665554584,2974.6442275972454,0.025009789906040258
nominal,-2326.845873561073,-3650.776832595348,0.025009789906040258
nominal,2545.482326525356,2063.1265231487178,0.025009789906040258
nominal,-268.219989994428,777.5060414895735,0.025009789906040258
nominal,-1049.672060305756,2446.5630476108727,0.025009789906040258
nominal,-646.6095257633916,3766.9720130907863,0.025009789906040258
nominal,-3515.8696941902044,2654.931222129953,0.025009789906040258
nominal,-2382.1565519664355,37.27744141496294,0.025009789906040258
nominal,-4446.110590872681,-685.9149014933336,0.025009789906040258
nominal,4954.998291122732,426.4356901628191,0.025009789906040258
nominal,-81.50382275844945,-1468.1710418112386,0.025009789906040258
nominal,-3116.966053844866,1935.1826239472632,0.025009789906040258
nominal,780.0936137737971,3689.575583981586,0.025009789906040258
nominal,4422.766539360307,-2277.006751706445,0.025009789906040258
nominal,1155.5276835414966,-416.8041801169692,0.025009789906040258
nominal,3738.3024875378755,3355.532251054505,0.025009789906040258
nominal,-2550.8827578657965,1801.3727695131438,0.025009789906040258
nominal,-3795.7075618738013,-2606.124705560042,0.025009789906040258
nominal,3156.6387787269114,-3427.9295898243518,0.025009789906040258
nominal,2149.652437529465,2518.4127547903117,0.025009789906040258
nominal,-3573.8070372022758,2766.3828137122764,0.025009789906040258
nominal,2924.0711018342968,4048.4231088464003,0.025009789906040258
nominal,4601.72269952292,-1926.3886168963677,0.025009789906040258
nominal,1507.8907713558856,3220.4873264249372,0.025009789906040258
nominal,-4310.368378323265,-1757.169276889236,0.025009789906040258
nominal,1768.1650937810325,-174.40509941452018,0.025009789906040258
nominal,3748.8970548306743,1288.419459997748,0.025009789906040258
nominal,-904.8884820646527,-2873.0132143322535,0.025009789906040258
nominal,-2714.119216374261,-1484.3060956713498,0.025009789906040258
nominal,4004.8208129558952,652.7950190473036,0.025009789906040258
nominal,-1309.2869149189887,3910.0782052138857,0.025009789906040258
nominal,-2297.539283794553,-2038.1757710732913,0.025009789906040258
nominal,-2551.9760259871628,-4055.6655073394336,0.025009789906040258
nominal,2513.1378472100287,-2420.2533118169995,0.025009789906040258
nominal,1424.5753998118396,-1507.9514425731516,0.025009789906040258
nominal,-1832.8472821785233,-1712.440639741352,0.025009789906040258
nominal,1645.3757723788378,-358.1246080484596,0.025009789906040258
nominal,732.89540573413,-460.5495228220952,0.025009789906040258
nominal,-4091.995498672279,-2161.5670624675618,0.025009789906040258
nominal,-3131.240693242493,2569.8118334973046,0.025009789906040258
nominal,3418.106573250096,3507.8343169467344,0.025009789906040258
nominal,-2727.5736926735626,2318.8799094825968,0.025009789906040258
nominal,-2437.4599878807467,598.2806113037925,0.025009789906040258
nominal,1935.6183133666996,4093.0053827616393,0.025009789906040258
nominal,-3758.9892027046158,2820.5485489444795,0.025009789906040258
nominal,853.8396509547077,4517.635259842557,0.025009789906040258
nominal,2885.427416881864,2009.0712206603528,0.025009789906040258
nominal,-1366.4554434132333,984.6150097307388,0.025009789906040258
nominal,-3891.045224601758,1386.9284805367317,0.025009789906040258
nominal,728.0132219417759,-2701.7453480716044,0.025009789906040258
nominal,-374.4530505352337,4872.172381210128,0.025009789906040258
nominal,-579.2874081041397,-1078.9645031475386,0.025009789906040258
nominal,-3404.259099635315,-1966.4766417498142,0.025009789906040258
nominal,1056.416921989051,586.5502730164068,0.025009789906040258
nominal,4688.93796712106,-2095.691305092295,0.025009789906040258
nominal,-1081.0800734737888,-2271.6879420435207,0.025009789906040258
nominal,3205.504780503471,-3560.1628574276065,0.025009789906040258
nominal,-4011.7458599727092,1338.7436186175778,0.025009789906040258
nominal,89.9655886600961,-4312.0721551822,0.025009789906040258
nominal,-2697.4889701878947,-753.5643919037155,0.025009789906040258
nominal,-392.1259587707446,-4114.170408217098,0.025009789906040258
nominal,3524.434528952408,1698.9093732335266,0.025009789906040258
nominal,-3436.328154712559,-694.5441075772435,0.025009789906040258
nominal,1606.2515078804688,-4604.959413386843,0.025009789906040258
nominal,-4548.213385152482,268.7722837159684,0.025009789906040258
nominal,5051.350763789881,-723.5972036581657,0.025009789906040258
nominal,198.5504518046746,-4711.305344893112,0.025009789906040258
nominal,-1601.7389487355479,3508.177929814671,0.025009789906040258
nominal,-2877.58922500419,96.91794878014028,0.025009789906040258
nominal,-4262.541193735419,1913.065070693499,0.025009789906040258
nominal,-196.14748795775935,4280.960566175275,0.025009789906040258
nominal,4331.893387427183,-2021.1410030078198,0.025009789906040258
nominal,-2460.0394885854694,-2644.613548382246,0.025009789906040258
nominal,-1336.4953218438166,4412.431128995643,0.025009789906040258
nominal,2598.9904078084824,-2617.9409530249773,0.025009789906040258
nominal,3607.2864677802518,3352.704618142688,0.025009789906040258
nominal,-2772.5618802488193,488.6791079658509,0.025009789906040258
nominal,-2173.226366511788,601.0422687194322,0.025009789906040258
nominal,-1611.2383659155291,4005.044688040805,0.025009789906040258
nominal,1759.3332150646681,2629.109676836883,0.025009789906040258
nominal,-507.54357148235476,-2549.568608357255,0.025009789906040258
nominal,-4426.185389621966,12.772574942643846,0.025009789906040258
nominal,361.63187459576386,-2903.555850109207,0.025009789906040258
nominal,3765.768943136688,-1564.745953667234,0.025009789906040258
nominal,-2704.201758383423,-2982.897623782954,0.025009789906040258
nominal,3149.9686257636163,-1395.9875119058934,0.025009789906040258
nominal,-3264.512384553658,-3534.668497076787,0.025009789906040258
nominal,1967.2696371845823,-3870.229970060201,0.025009789906040258
nominal,687.1854859417717,995.7774666379821,0.025009789906040258
nominal,2783.280682227168,854.352041495588,0.025009789906040258
nominal,-2155.735825506927,-3795.9758737023394,0.025009789906040258
nominal,3334.238018784358,-3853.4050096166725,0.025009789906040258
nominal,-2013.3358850489778,-3235.415751755177,0.025009789906040258
nominal,2617.9237915546273,3973.3168277870664,0.025009789906040258
nominal,-1794.873926765522,-2722.4039902356553,0.025009789906040258
nominal,3676.1608162376224,3103.9646316856633,0.025009789906040258
nominal,-4224.007127429591,892.5401209613498,0.025009789906040258
nominal,2144.501105391722,-2379.3059932749047,0.025009789906040258
nominal,-3910.4138508494975,-5.7641964294469075,0.025009789906040258
nominal,-4659.513150368216,201.69565671518453,0.025009789906040258
nominal,-3822.232082899607,-3153.055711200558,0.025009789906040258
nominal,-583.8358655992301,-2222.0000528768155,0.025009789906040258
nominal,511.96005269233433,4023.106219845197,0.025009789906040258
nominal,-4529.519442303669,-1213.0039731952918,0.025009789906040258
nominal,3550.4909565066746,-1334.4025652933237,0.025009789906040258
nominal,4878.436226146871,-18.59011453836322,0.025009789906040258
nominal,-3931.413276230305,1114.1647432510456,0.025009789906040258
nominal,2613.5379063849164,-4050.5622535412226,0.025009789906040258
nominal,3225.6026018057714,-3430.475436976998,0.025009789906040258
nominal,2946.397581024168,2091.10312302635,0.025009789906040258
nominal,-183.94260888948108,-4523.35990510938,0.025009789906040258
nominal,-2985.761054179964,220.77165981987446,0.025009789906040258
nominal,2368.149440791395,3669.4734198847173,0.025009789906040258
nominal,1309.5284739769788,693.0535528330566,0.025009789906040258
nominal,-2932.894522206514,-3085.168909491564,0.025009789906040258
nominal,1052.0648197486828,3374.0610144918364,0.025009789906040258
nominal,242.16791778370353,-1581.6550859944482,0.025009789906040258
nominal,-2978.8897824683468,-2449.9646464575803,0.025009789906040258
nominal,3195.5525103026293,-1497.2111581548756,0.025009789906040258
nominal,-2389.653247088891,-2294.254089070968,0.025009789906040258
nominal,2681.8603815396746,-3822.116621700566,0.025009789906040258
nominal,-227.03408744511574,-4175.115464457867,0.025009789906040258
nominal,945.8130842178783,-279.53161574872877,0.025009789906040258
nominal,1603.876735714888,5.285904438657188,0.025009789906040258
nominal,1374.1619078441795,4315.760935957592,0.025009789906040258
nominal,-1337.7971057760226,203.93024932613469,0.025009789906040258
nominal,-393.436752961712,48.059155910607515,0.025009789906040258
nominal,-2946.585282820596,2844.6082470502956,0.025009789906040258
nominal,-1505.1368906192017,2858.4782792557276,0.025009789906040258
nominal,1614.0177090310851,2705.0467819386695,0.025009789906040258
nominal,4762.977943041986,706.4039804160487,0.025009789906040258
nominal,4872.444451433151,1236.1134360642795,0.025009789906040258
nominal,-3772.935810455952,2558.9800832840906,0.025009789906040258
nominal,4352.506199108714,-2196.319665474455,0.025009789906040258
nominal,-2933.5425108203917,1013.2409912839153,0.025009789906040258
nominal,-404.7767716320258,-4942.876833057773,0.025009789906040258
nominal,3330.4969238234285,-3422.644169381705,0.025009789906040258
nominal,50.97186034270254,3329.288085216653,0.025009789906040258
nominal,2237.5175783797054,-2653.7390758163965,0.025009789906040258
nominal,2879.4130125188776,1974.0750199070405,0.025009789906040258
nominal,957.0869568515442,2999.279010834577,0.025009789906040258
nominal,-513.6933703471733,3067.77123624763,0.025009789906040258
nominal,-4262.799790783194,2063.121672110036,0.025009789906040258
nominal,1679.243869052666,3771.1362047596067,0.025009789906040258
nominal,801.0881788309057,-3103.5793639396234,0.025009789906040258
nominal,2857.005245175909,2982.281018338362,0.025009789906040258
nominal,-1493.975989463042,-4724.611486020713,0.025009789906040258
nominal,3959.093394076913,-2548.3345491060236,0.025009789906040258
nominal,1050.8251063145515,1394.2629174931726,0.025009789906040258
nominal,-763.2916571141343,-4526.0371565112855,0.025009789906040258
nominal,-636.3897246096037,-277.1230886243198,0.025009789906040258
nominal,-15.626300449428117,686.2766376280476,0.025009789906040258
nominal,-2018.1233839618394,924.2940672186678,0.025009789906040258
nominal,965.0048952862314,-2693.1970041864092,0.025009789906040258
nominal,-924.4237529189511,1921.9277347148352,0.025009789906040258
nominal,2620.625333453258,-258.5469388512446,0.025009789906040258
nominal,-2631.4561406653393,1275.1327328943137,0.025009789906040258
nominal,-4379.109998392355,673.4201602333628,0.025009789906040258
nominal,259.8401575363898,-425.0292155474894,0.025009789906040258
nominal,1090.0224743423728,4277.152289217491,0.025009789906040258
nominal,-1704.9869009855774,-4577.765917064546,0.025009789906040258
nominal,-4278.1310909166195,-636.0337813025579,0.025009789906040258
nominal,1725.3153117277657,1600.1877730784104,0.025009789906040258
nominal,445.0664021482034,-4696.06506790604,0.025009789906040258
nominal,4400.2982363590745,2332.9627546126444,0.025009789906040258
nominal,-3648.461056623692,2807.4928050984554,0.025009789906040258
nominal,2982.3781599173703,-4022.6511516670553,0.025009789906040258
nominal,1773.7829505812322,-3214.437020228111,0.025009789906040258
nominal,290.7531514892483,1710.6259698917443,0.025009789906040258
nominal,-2162.772762957449,-133.08862344185656,0.025009789906040258
nominal,-3758.7923567162175,1710.1200560920022,0.025009789906040258
nominal,-1085.846311068611,-1312.0401569984278,0.025009789906040258
nominal,4736.034741828771,-835.4648973488138,0.025009789906040258
nominal,-3758.661146828818,-2526.6012943865876,0.025009789906040258
nominal,-3500.1082611212873,-1718.4895478393184,0.025009789906040258
nominal,-3363.7834321669725,-2448.150057597964,0.025009789906040258
nominal,-637.155383226112,-476.3112729183056,0.025009789906040258
nominal,-677.7966844278502,3328.1053214808126,0.025009789906040258
nominal,-4203.260240753398,2405.644650730288,0.025009789906040258
nominal,391.7181616932055,4772.96569627378,0.025009789906040258
nominal,-3354.5157808521576,1475.8214425520396,0.025009789906040258
nominal,2909.660103722128,2535.075603270876,0.025009789906040258
nominal,3788.8243053143033,-2330.7266587642703,0.025009789906040258
nominal,3205.5626081981036,3079.961018750133,0.025009789906040258
nominal,660.3860955433696,4209.290608150063,0.025009789906040258
nominal,-1706.5592470202837,3356.4701541892177,0.025009789906040258
nominal,1205.8240114449284,-1627.6050780795185,0.025009789906040258
nominal,-1120.6077451198446,-4830.258223778748,0.025009789906040258
nominal,2382.833769115361,-3584.4197725814483,0.025009789906040258
nominal,1341.7683728946308,3221.6330554548094,0.025009789906040258
nominal,13.621864298824198,3856.958521444021,0.025009789906040258
nominal,1092.5011686295286,-3270.346633067966,0.025009789906040258
nominal,-3940.112475799001,-2372.957538336273,0.025009789906040258
nominal,3049.3940235598093,751.2000550453096,0.025009789906040258
nominal,1052.3887935360358,-4605.409095704892,0.025009789906040258
nominal,-2144.450023503769,-2596.2288353318927,0.025009789906040258
nominal,2939.6215222416477,1532.1902754441014,0.025009789906040258
nominal,-3467.8032285842487,52.29772098552856,0.025009789906040258
nominal,-4444.431977705992,-2069.2583414734786,0.025009789906040258
nominal,-1849.4651820151694,-1863.5852134585843,0.025009789906040258
nominal,-2548.217272120784,955.7786074638202,0.025009789906040258
nominal,958.378966796797,1387.0898644687275,0.025009789906040258
nominal,-1576.6607223386904,-901.129394538735,0.025009789906040258
nominal,3536.5960951314114,-862.2125632958272,0.025009789906040258
nominal,-1696.334822504358,-3515.3809788027174,0.025009789906040258
nominal,-3332.95174092601,3242.788128898944,0.025009789906040258
nominal,4741.597850828011,-1618.3406086656687,0.025009789906040258
nominal,-2878.045642350774,-1777.0692919881196,0.025009789906040258
nominal,4110.089151002367,-805.9567314247502,0.025009789906040258
nominal,-2864.5832827112695,111.44117297251567,0.025009789906040258
nominal,2059.5566852361135,4045.0815173380124,0.025009789906040258
nominal,2060.1932090368923,-3448.2635934572345,0.025009789906040258
nominal,-2357.4122014760555,-4186.671037276489,0.025009789906040258
nominal,1959.6995775476635,2941.80421321294,0.025009789906040258
nominal,-1814.6677115634054,4304.345813172795,0.025009789906040258
nominal,-1443.7879162528197,-4196.054967005757,0.025009789906040258
nominal,-687.9492562324393,-29.469976131901152,0.025009789906040258
nominal,1179.6632979863057,3919.056506402619,0.025009789906040258
nominal,4495.8631029640765,-1885.0546970486375,0.025009789906040258
nominal,4218.206776269224,-1394.1464379956797,0.025009789906040258
nominal,-3796.1454013771213,749.9080156995747,0.025009789906040258
nominal,-3476.4391328959086,782.0356515472754,0.025009789906040258
nominal,-999.9376551764136,4441.688221928865,0.025009789906040258
nominal,1278.6262709884647,334.0026031534721,0.025009789906040258
nominal,-3146.50878648553,1395.5826102162735,0.025009789906040258
nominal,-3410.712841389657,-1642.540845388673,0.025009789906040258
nominal,-3116.5609548043317,-11.787183900213147,0.025009789906040258
nominal,-3601.974243753464,2332.461552798371,0.025009789906040258
nominal,1022.3177925596297,4557.403446893539,0.025009789906040258
nominal,-2825.855958284823,1342.6884265041467,0.025009789906040258
nominal,-3564.2673332741347,-291.11356325689457,0.025009789906040258
nominal,3556.19166901317,105.13098267112055,0.025009789906040258
nominal,3081.4977081558613,-3913.011075477534,0.025009789906040258
nominal,-1280.2989138652129,-4750.755593052879,0.025009789906040258
nominal,2342.7959059607097,4380.1291271685095,0.025009789906040258
nominal,286.6859372294197,4370.563025671793,0.025009789906040258
nominal,2358.5714459106234,1660.4321392567629,0.025009789906040258
nominal,1682.8016763654255,3112.481642636389,0.025009789906040258
nominal,-3191.2707865156485,-1841.0693109721092,0.025009789906040258
nominal,-3515.5607289741265,3081.4675094441027,0.025009789906040258
nominal,-3014.3577171446946,-3882.8702644500554,0.025009789906040258
nominal,-1103.5836861519817,3971.596772165576,0.025009789906040258
nominal,-555.3985303979267,-181.57651942346473,0.025009789906040258
nominal,-686.1396652575954,-1502.5259154557984,0.025009789906040258
nominal,1583.8326362271396,4625.244462884205,0.025009789906040258
nominal,-697.2597772044118,4553.0712203906705,0.025009789906040258
nominal,4762.39147039021,-185.26448903649572,0.025009789906040258
nominal,2412.7682867640165,2336.7192929996677,0.025009789906040258
nominal,-2402.900759242815,-4327.882460979204,0.025009789906040258
nominal,4596.497810102246,-848.1443709318909,0.025009789906040258
nominal,501.5629917996592,-2801.5838736535343,0.025009789906040258
nominal,3236.8042265890685,-2374.6362947341668,0.025009789906040258
nominal,-2691.7411903962184,-2869.677846371765,0.025009789906040258
nominal,611.4073346429941,3283.8677700916533,0.025009789906040258
nominal,2410.8489832319115,2453.016382540419,0.025009789906040258
nominal,3456.679063852558,-1252.448107989245,0.025009789906040258
nominal,-4344.442656030228,-1296.4765206827094,0.025009789906040258
nominal,1206.443287748055,-3196.9416391482428,0.025009789906040258
nominal,-117.3844254370113,2897.1440437268184,0.025009789906040258
nominal,-3244.6783081705953,-2537.48485741162,0.025009789906040258
nominal,4405.357158486507,1557.7756106971992,0.025009789906040258
nominal,3909.972666541645,1510.8770221236584,0.025009789906040258
nominal,-2010.568289680098,-2353.9451658918792,0.025009789906040258
nominal,-4116.894744302928,2534.175532216743,0.025009789906040258
nominal,-4582.566069142363,355.59041703886516,0.025009789906040258
nominal,-1771.4578898320674,-3867.0477679139667,0.025009789906040258
nominal,3853.862632145105,-3090.418128499472,0.025009789906040258
nominal,-4768.928800199351,779.3521948184506,0.025009789906040258
nominal,4420.158298419747,-2386.4979863488784,0.025009789906040258
nominal,-2805.8016780679263,843.8479686351812,0.025009789906040258
nominal,-2120.262869410855,2638.992385482986,0.025009789906040258
nominal,-3465.9070721399453,1289.702769415591,0.025009789906040258
nominal,3810.347353074345,-483.6809075688392,0.025009789906040258
nominal,1339.1527578793864,-4907.46956764304,0.025009789906040258
nominal,-4228.723679691231,-2314.85227044309,0.025009789906040258
nominal,-3765.774879819933,2882.2742191089715,0.025009789906040258
nominal,-347.7625722277331,-4827.076304609711,0.025009789906040258
nominal,-3734.655762339717,-2814.056452289215,0.025009789906040258
nominal,4291.860908257345,1394.7964254705244,0.025009789906040258
nominal,1808.0328527382896,-3396.2277084909615,0.025009789906040258
nominal,2240.0985338077494,-2332.6396050563076,0.025009789906040258
nominal,-2246.1276572900924,83.2492478310415,0.025009789906040258
nominal,-894.6613880716434,4033.7730815075975,0.025009789906040258
nominal,2159.139904577895,3417.1948455232196,0.025009789906040258
nominal,4876.389913651419,-339.48686656942675,0.025009789906040258
nominal,713.6373628910455,3775.2689897502805,0.025009789906040258
nominal,4726.755832248526,-1196.7223008365052,0.025009789906040258
nominal,-4342.575783485674,-548.5537516312638,0.025009789906040258
nominal,3940.415291570471,1171.5872052541772,0.025009789906040258
nominal,-235.50693870438263,-4363.120636457217,0.025009789906040258
nominal,670.0400467951121,3780.0360595256493,0.025009789906040258
nominal,1464.5823714105113,1848.4581408252939,0.025009789906040258
nominal,2079.8111588561987,-1969.875685340405,0.025009789906040258
nominal,-2247.0001177477493,-1573.327318569461,0.025009789906040258
nominal,-982.6535188355798,-4481.555967098593,0.025009789906040258
nominal,-3832.9319172123955,-2758.8055602357217,0.025009789906040258
nominal,-3007.0925178083353,-412.8959346439415,0.025009789906040258
nominal,-2206.7274758899525,3779.6582631110523,0.025009789906040258
nominal,2238.5986261288017,4158.3244176430235,0.025009789906040258
nominal,-2238.69961728656,3819.9787029122303,0.025009789906040258
nominal,-4126.753767433261,1644.8853661647506,0.025009789906040258
nominal,475.1081598070641,-3526.1684051255957,0.025009789906040258
nominal,-1943.591123438498,-2564.990795184407,0.025009789906040258
nominal,-3451.7349466188175,3057.4547190782014,0.025009789906040258
nominal,-1862.20880336268,3929.026807041048,0.025009789906040258
nominal,1832.657804810406,923.1015209951182,0.025009789906040258
nominal,4641.658359485885,768.1716059539384,0.025009789906040258
nominal,1475.3572381853212,-4123.300619868707,0.025009789906040258
nominal,690.0689118691297,-2918.9842254296323,0.025009789906040258
nominal,307.885815246495,703.4682091197625,0.025009789906040258
nominal,492.7101547944127,-1921.358793813887,0.025009789906040258
nominal,-1376.873675242468,-4110.52401450923,0.025009789906040258
nominal,396.0169451672826,4254.146657471204,0.025009789906040258
nominal,3494.8522025647967,-3683.1137006266276,0.025009789906040258
nominal,3833.4377373598404,-2949.604545472717,0.025009789906040258
nominal,-3832.67887022814,1412.9677155431682,0.025009789906040258
nominal,1779.241674697513,-3732.4287203957524,0.025009789906040258
nominal,2861.811622868199,1845.4314828947888,0.025009789906040258
nominal,4250.962941182163,-698.4219049644408,0.025009789906040258
nominal,1050.9829154261076,-209.87639548392056,0.025009789906040258
nominal,1761.9109740558195,-4455.256723235045,0.025009789906040258
nominal,-3862.0353575385348,-1540.5949621086206,0.025009789906040258
nominal,-4140.403195367841,1280.5892558682149,0.025009789906040258
nominal,2878.326428522765,180.51971206450912,0.025009789906040258
nominal,-929.4613528597004,572.0977444105274,0.025009789906040258
nominal,832.5732955100698,-3919.2073762158157,0.025009789906040258
nominal,-3288.8241428313204,-2655.0329071233778,0.025009789906040258
nominal,-2578.0688276238416,-3128.207071073696,0.025009789906040258
nominal,-2558.273239170067,4132.492707936643,0.025009789906040258
nominal,-1244.326534564127,-1918.5690149419725,0.025009789906040258
nominal,251.38142530062882,-3981.4898465613805,0.025009789906040258
nominal,-3370.4155057346306,1383.6403410054106,0.025009789906040258
nominal,-2331.9627257439247,-1914.121536648771,0.025009789906040258
nominal,2185.2889137190023,-4555.018368245733,0.025009789906040258
nominal,4810.374436285909,-517.6350846281535,0.025009789906040258
nominal,3778.033332665526,-53.144385211145156,0.025009789906040258
nominal,-2563.599359511276,1365.6459433659124,0.025009789906040258
nominal,-91.63898093960651,333.4086640817696,0.025009789906040258
nominal,4017.1217337569624,2838.869518670684,0.025009789906040258
nominal,1345.8919381261262,-3461.0476548649344,0.025009789906040258
nominal,2610.137971509058,4243.047325699302,0.025009789906040258
nominal,736.72832366562,1511.5729085175008,0.025009789906040258
nominal,3310.7624952326055,-725.2220262342063,0.025009789906040258
nominal,347.1690935683061,-2894.2218376378223,0.025009789906040258
nominal,-4774.279940153608,-447.64705341276914,0.025009789906040258
nominal,947.6277942552294,-2993.3635195774073,0.025009789906040258
nominal,-2893.505166525362,-3656.9114394338626,0.025009789906040258
nominal,4018.562037782342,-1032.9514974281578,0.025009789906040258
nominal,-1544.5418196864898,4053.069052813719,0.025009789906040258
nominal,-1535.260928358145,-3649.734734106069,0.025009789906040258
nominal,2777.0532774131275,283.6487581287522,0.025009789906040258
nominal,3850.7381245555584,-463.1382044267268,0.025009789906040258
nominal,4075.01732182109,1546.6335210906907,0.025009789906040258
nominal,55.98230200793444,3971.1064938551817,0.025009789906040258
nominal,-74.32346732821313,4798.5422286537805,0.025009789906040258
nominal,1110.9454192194726,-4766.208849199593,0.025009789906040258
nominal,-970.0574154183847,4495.469913626316,0.025009789906040258
nominal,-3919.288460298592,-85.02475803036312,0.025009789906040258
nominal,2621.753127091292,4244.010090649731,0.025009789906040258
nominal,-2267.817033814229,-2354.0180714454737,0.025009789906040258
nominal,331.6155798566758,159.1379359950357,0.025009789906040258
nominal,3409.039390433971,3542.0946749533114,0.025009789906040258
nominal,-1417.9012517164188,-121.22677996920183,0.025009789906040258
nominal,-2805.6317788692163,-3749.931176338983,0.025009789906040258
nominal,-2612.225459017342,3987.438279833889,0.025009789906040258
nominal,-3466.6295637922285,858.0316269203863,0.025009789906040258
nominal,-254.2787134572286,166.24357796318824,0.025009789906040258
nominal,4685.723651082835,959.0472456470494,0.025009789906040258
nominal,3144.181643819305,-3022.410919312712,0.025009789906040258
nominal,3992.741310473175,1596.3180958082364,0.025009789906040258
nominal,-421.10768354369196,-4416.640726250086,0.025009789906040258
nominal,3416.1346057790033,2828.3534788948186,0.025009789906040258
nominal,561.5511232969831,4303.211606275504,0.025009789906040258
nominal,2500.254689806919,2475.5136717311,0.025009789906040258
nominal,4073.1298880171744,-1065.7448963853892,0.025009789906040258
nominal,-3320.8081566651836,479.96432689662083,0.025009789906040258
nominal,2709.9458697609825,3134.0619753749693,0.025009789906040258
nominal,904.0542731892423,-1017.7957394923991,0.025009789906040258
nominal,-3749.166364503115,-80.26190456097925,0.025009789906040258
nominal,1973.6009409538403,79.53467077709333,0.025009789906040258
nominal,-3998.310333283289,-2493.0689501714837,0.025009789906040258
nominal,-1115.5757367471927,-123.56309766536842,0.025009789906040258
nominal,-4106.352589548439,460.4543103343134,0.025009789906040258
nominal,3716.524914321123,-2289.9783599704124,0.025009789906040258
nominal,3295.8118905032698,3507.220983903714,0.025009789906040258
nominal,-3249.5415690650343,-771.3504373765828,0.025009789906040258
nominal,-1735.1432611199477,-807.3648214924062,0.025009789906040258
nominal,2540.987826506974,-2686.306099333457,0.025009789906040258
nominal,-820.4363194735329,3116.4554715503173,0.025009789906040258
nominal,-4317.883811924932,-324.98394398744415,0.025009789906040258
nominal,1453.8589403287397,-4762.937546767098,0.025009789906040258
nominal,-1757.896249624796,-4231.8779981605485,0.025009789906040258
nominal,3334.366097743352,2439.2202482183548,0.025009789906040258
nominal,3325.938758316166,1070.7892474923215,0.025009789906040258
nominal,-4445.168846384067,-1058.840259459181,0.025009789906040258
nominal,4157.846303723684,41.49143436821325,0.025009789906040258
nominal,-857.5898495056186,4542.475580419926,0.025009789906040258
nominal,-1032.8800301020954,-4553.819459199026,0.025009789906040258
nominal,-2117.2750540681627,3223.6886543601245,0.025009789906040258
nominal,-1848.456769113543,-3684.5227851414747,0.025009789906040258
nominal,-3300.2436167666683,2796.867491580535,0.025009789906040258
nominal,4196.00722919395,121.96254161861488,0.025009789906040258
nominal,3383.855378082895,-3568.6185284141134,0.025009789906040258
nominal,4803.537157532073,1382.9810480491817,0.025009789906040258
nominal,678.6180328712313,3021.135175620138,0.025009789906040258
nominal,-1847.9600951866678,4091.0958331658594,0.025009789906040258
nominal,-4111.863777037033,564.6501732267667,0.025009789906040258
nominal,-305.58829945542243,-1508.6031825062844,0.025009789906040258
nominal,2512.832101946255,-159.71575526957326,0.025009789906040258
nominal,2568.463196752585,-2133.0311213410555,0.025009789906040258
nominal,-3709.221865747342,-164.54294826723168,0.025009789906040258
nominal,1307.5465115730049,-2892.7926081173114,0.025009789906040258
nominal,3286.263400017869,-3800.848770241949,0.025009789906040258
nominal,351.3931800615602,2862.474044723562,0.025009789906040258
nominal,106.06904788754726,894.7184486458043,0.025009789906040258
nominal,-340.73329919297987,-4910.290164575947,0.025009789906040258
nominal,-3611.5054623802544,-2223.2943280669488,0.025009789906040258
nominal,960.3545005476058,314.8475609686124,0.025009789906040258
nominal,-4358.497042271697,-1379.81991081687,0.025009789906040258
nominal,3577.279008684936,-2656.4104490368054,0.025009789906040258
nominal,3934.014766766975,3061.1184708548294,0.025009789906040258
nominal,-2092.402301073154,3137.1245737312206,0.025009789906040258
nominal,-4347.569652796639,655.517359685554,0.025009789906040258
nominal,-2197.943307567446,-1288.6421222353943,0.025009789906040258
nominal,2824.1168434992082,2616.9512627391427,0.025009789906040258
nominal,-3605.2886271665197,1468.8883110307033,0.025009789906040258
nominal,-3172.5886920380085,-1217.9602382541004,0.025009789906040258
nominal,-1570.8108498766967,-4784.384536181739,0.025009789906040258
nominal,2403.198670340284,-4362.841541665495,0.025009789906040258
nominal,-2730.269208764785,3136.8855178556814,0.025009789906040258
nominal,-2335.6730508186597,-3224.200247326003,0.025009789906040258
nominal,455.86024010896864,3633.6448916409195,0.025009789906040258
nominal,2346.194353631542,1443.5390075761563,0.025009789906040258
nominal,-727.3951499029927,-4859.692943933346,0.025009789906040258
nominal,2158.552196658231,-2827.604317906129,0.025009789906040258
nominal,705.3273208392277,-3003.417216201065,0.025009789906040258
nominal,2127.4160845092315,-4348.954062445564,0.025009789906040258
nominal,-4474.085303502622,689.6397700876805,0.025009789906040258
nominal,-455.6411168894989,-4387.38175678771,0.025009789906040258
nominal,1544.8613965997674,3950.7562707591933,0.025009789906040258
nominal,2466.258085612022,-2318.6410783060937,0.025009789906040258
nominal,1730.547595304838,-1106.6685244325852,0.025009789906040258
nominal,3755.0651875055187,2836.6152033478256,0.025009789906040258
nominal,1726.7456752531666,-1436.820673486771,0.025009789906040258
nominal,-3463.4134434479656,492.2216758448955,0.025009789906040258
nominal,-129.55401975661115,4338.930926591268,0.025009789906040258
nominal,4965.573480884839,966.6430562160216,0.025009789906040258
nominal,-4758.734325416785,874.5919479317693,0.025009789906040258
nominal,-806.9065070262446,3872.949921406466,0.025009789906040258
nominal,-409.880752785746,-650.3457627070047,0.025009789906040258
nominal,-4524.55787697264,-511.7206085890053,0.025009789906040258
nominal,2082.3605702670666,974.077403508467,0.025009789906040258
nominal,-571.8018663390332,-2575.4088709376006,0.025009789906040258
nominal,2662.9694189747643,4020.998607428162,0.025009789906040258
nominal,-3094.8094150172133,3290.339435556511,0.025009789906040258
nominal,-2714.0745648242482,1587.0339475331791,0.025009789906040258
nominal,-3654.1103609156135,-3176.9334701919333,0.025009789906040258
nominal,-973.875245871941,-3506.75807361106,0.025009789906040258
nominal,-1927.3287560746473,-1659.4539771246912,0.025009789906040258
nominal,-3025.314919291194,520.5755599264066,0.025009789906040258
nominal,-1271.645359540546,2072.8020658055684,0.025009789906040258
nominal,-2229.268908830623,344.4321542588896,0.025009789906040258
nominal,3741.2700134784095,1866.0626649961716,0.025009789906040258
nominal,1757.8071198589066,-1247.3929773302855,0.025009789906040258
nominal,-340.8902409237022,4305.081955015389,0.025009789906040258
nominal,3347.4602934834897,-3720.6981841556017,0.025009789906040258
nominal,780.199754354566,4707.273868985674,0.025009789906040258
nominal,-2361.374077721795,3643.1096360282636,0.025009789906040258
nominal,-755.6368957977675,1926.1012974653443,0.025009789906040258
nominal,5008.714585525493,-496.4607460554155,0.025009789906040258
nominal,-153.41362301284886,1760.0993256611803,0.025009789906040258
nominal,-571.693364902753,-1577.9038944983552,0.025009789906040258
nominal,2189.617750890388,3076.7095148306894,0.025009789906040258
nominal,1985.9470657376867,-4022.0246903593375,0.025009789906040258
nominal,1729.114714703112,-3453.3321827779346,0.025009789906040258
nominal,-631.5945311290924,4543.279534358015,0.025009789906040258
nominal,661.7782250226193,-5062.996823620047,0.025009789906040258
nominal,408.28505394325276,213.31796114115787,0.025009789906040258
nominal,4265.701811629836,-2240.243460425894,0.025009789906040258
nominal,-1579.8665034636947,-1152.9826482681854,0.025009789906040258
nominal,-1994.2033065337093,4031.051569133915,0.025009789906040258
nominal,2430.370738409632,-3751.6451504998045,0.025009789906040258
nominal,2656.533355836327,2025.86481932493,0.025009789906040258
nominal,3184.9172847774944,1590.1847490053528,0.025009789906040258
nominal,2113.80908290732,1057.3450495880438,0.025009789906040258
nominal,-2844.4050043279713,3133.004947050544,0.025009789906040258
nominal,-3664.6186088407585,2426.720154870388,0.025009789906040258
nominal,-1682.4127938562192,3004.4770510692656,0.025009789906040258
nominal,1722.3142204784772,-37.264648870216064,0.025009789906040258
nominal,-830.8769293675019,-816.9790466559518,0.025009789906040258
nominal,2138.2858157896258,830.0413695320757,0.025009789906040258
nominal,3009.7751326149723,-1048.266365496097,0.025009789906040258
nominal,-950.8725666758586,4463.605135830385,0.025009789906040258
nominal,-1164.0995009414787,-4851.850188887062,0.025009789906040258
nominal,3577.659692045326,-3239.3420170307436,0.025009789906040258
nominal,2818.74717512704,-2124.5366558083065,0.025009789906040258
nominal,-2373.2949608148924,3754.8963200941257,0.025009789906040258
nominal,3696.2179026755525,1553.3024783579992,0.025009789906040258
nominal,-3439.5983951963026,-985.1006695982816,0.025009789906040258
nominal,733.7971373763744,2140.999909551134,0.025009789906040258
nominal,-2442.663883392587,-2853.7540613896012,0.025009789906040258
nominal,-468.0167720772452,-4822.089628513659,0.025009789906040258
nominal,-4585.992292294665,1360.9700558096522,0.025009789906040258
nominal,-4295.984339794106,1175.3300759235758,0.025009789906040258
nominal,-3105.504970107692,1459.109641666679,0.025009789906040258
nominal,1002.2858255073821,91.48828844235459,0.025009789906040258
nominal,-3825.9157458316263,170.98829201350807,0.025009789906040258
nominal,1617.7355190962253,-4600.3844457891955,0.025009789906040258
nominal,-4581.134129590541,1243.2188004145034,0.025009789906040258
nominal,-439.12364308478755,-4441.410667128941,0.025009789906040258
nominal,-1850.620633062011,-2275.6678851279516,0.025009789906040258
nominal,-4782.708434536036,-234.55208390693537,0.025009789906040258
nominal,-4398.5719782031965,1551.1299999776968,0.025009789906040258
nominal,-935.4817815690417,4568.336193903456,0.025009789906040258
nominal,-4423.569659710185,-1143.805651331597,0.025009789906040258
nominal,-1841.4297548364152,2194.782578699595,0.025009789906040258
nominal,3833.800377851698,3069.138653808146,0.025009789906040258
nominal,-1092.6746018138863,-1732.5777556023706,0.025009789906040258
nominal,1587.6513542675889,2962.2857307224917,0.025009789906040258
nominal,-3955.5041519921338,-2947.9782354989156,0.025009789906040258
nominal,134.4518596656646,165.09573093731524,0.025009789906040258
nominal,832.5430430357663,-480.15368730053245,0.025009789906040258
nominal,3230.359020460266,732.9179207339891,0.025009789906040258
nominal,2923.610049407838,303.60282085267806,0.025009789906040258
nominal,4081.8761579725697,-2612.08226064219,0.025009789906040258
nominal,4267.9344960174285,1286.1974581956376,0.025009789906040258
nominal,3021.985519155063,-492.8607749870578,0.025009789906040258
nominal,-1738.5220546671185,1692.7081352837165,0.025009789906040258
nominal,-491.3804635431837,685.9714840367631,0.025009789906040258
nominal,-582.6961555075947,-2504.6707803844656,0.025009789906040258
nominal,2470.067500880585,1467.4146271233542,0.025009789906040258
nominal,-2355.3952548627744,-3288.411706146299,0.025009789906040258
nominal,-3267.8644245148157,1419.317325429937,0.025009789906040258
nominal,-3287.2177028298534,3555.2965003000095,0.025009789906040258
nominal,-531.2581368266897,4453.240718516661,0.025009789906040258
nominal,-3249.4155855889385,-131.73845782637972,0.025009789906040258
nominal,-3995.3357449352075,-61.95101926154077,0.025009789906040258
nominal,747.9365541702201,1363.6492857604383,0.025009789906040258
nominal,1347.1947016072186,-2978.9064851029607,0.025009789906040258
nominal,-1921.164600097885,-399.34976207051056,0.025009789906040258
nominal,143.1998287392186,-489.70485119809115,0.025009789906040258
nominal,-3574.4002834579514,-1480.6889210937084,0.025009789906040258
nominal,-4451.524541511591,-1500.1724812029875,0.025009789906040258
nominal,-360.02936139350436,-1709.574336519914,0.025009789906040258
nominal,4942.108459378542,1205.560111173732,0.025009789906040258
nominal,4182.628394350413,1887.9126352310823,0.025009789906040258
nominal,-523.1188137480522,4669.424098030895,0.025009789906040258
nominal,-1001.7996315859143,-2873.167506999785,0.025009789906040258
nominal,-2654.912691816552,-3178.626340778756,0.025009789906040258
nominal,-4609.053324219619,855.1342628206343,0.025009789906040258
nominal,-1569.267957486847,-3140.5021512312387,0.025009789906040258
nominal,-1110.8767462047417,4660.999997005256,0.025009789906040258
nominal,-428.8649753792448,1439.2220383140925,0.025009789906040258
nominal,-2062.0920675252173,-1105.2935202278672,0.025009789906040258
nominal,3859.42333890949,2356.6016158100283,0.025009789906040258
nominal,-1935.31006776087,4331.038935757982,0.025009789906040258
nominal,-688.1195398223347,-3090.438849858323,0.025009789906040258
nominal,777.3287982292878,-2912.961727991991,0.025009789906040258
nominal,1977.8785343835316,-2464.2958370313936,0.025009789906040258
nominal,902.3902134237042,-2995.57649125709,0.025009789906040258
nominal,-874.6046024490859,-2362.243790939466,0.025009789906040258
nominal,-3553.296404770695,-1349.9283540244205,0.025009789906040258
nominal,4439.203502823514,1795.3684911817265,0.025009789906040258
nominal,4061.2840192903514,781.5916364949943,0.025009789906040258
nominal,-2882.7700113605524,3357.2426638365796,0.025009789906040258
nominal,-1978.7036404995072,-4367.997491444618,0.025009789906040258
nominal,721.0125335856468,-346.53911014453865,0.025009789906040258
nominal,3986.874581987049,2599.277101934028,0.025009789906040258
nominal,-3359.291754054855,-344.2772295921265,0.025009789906040258
nominal,637.1907001247515,-4185.621405741023,0.025009789906040258
nominal,1407.75326782045,-2260.5120309243107,0.025009789906040258
nominal,-2950.8880544031836,1597.4373675946015,0.025009789906040258
nominal,-813.2375883085849,-3035.097246515683,0.025009789906040258
nominal,2244.9397202710165,-3276.5570378628368,0.025009789906040258
nominal,2717.938161226069,2817.8533583670956,0.025009789906040258
nominal,4339.054366664325,2111.549805513924,0.025009789906040258
nominal,-2562.041212811611,828.446902926217,0.025009789906040258
nominal,2729.833210349536,-2892.2830646840866,0.025009789906040258
nominal,2407.448023614872,4038.7306281510223,0.025009789906040258
nominal,-561.5164139621206,-4853.340154179541,0.025009789906040258
nominal,-4596.222120308685,-1427.8703215551684,0.025009789906040258
nominal,-2571.836699498281,-4235.860891684872,0.025009789906040258
nominal,-2024.4224134021104,-1666.0957076111697,0.025009789906040258
nominal,3868.8603453426786,-275.04526039817625,0.025009789906040258
nominal,-2867.6670398649017,-3651.3222467234314,0.025009789906040258
nominal,-4692.914553099886,387.8979244304476,0.025009789906040258
nominal,2134.6779413690733,-2701.906703647616,0.025009789906040258
nominal,-581.2591688668042,3674.7573584514084,0.025009789906040258
nominal,2157.2178610793135,4467.143632714333,0.025009789906040258
nominal,-2360.6753988825667,-1366.0446156545374,0.025009789906040258
nominal,2261.58458356846,4032.754780735893,0.025009789906040258
nominal,2627.18811759694,1743.0355882372412,0.025009789906040258
nominal,-1500.017993297181,3057.8503433830733,0.025009789906040258
nominal,-1246.6039848618102,-2530.4704085214453,0.025009789906040258
nominal,2411.020459977603,-1184.1318116412863,0.025009789906040258
nominal,2445.1116637468963,-884.2094977279941,0.025009789906040258
nominal,945.9719602608666,-3499.123938747239,0.025009789906040258
nominal,-1021.5174049661932,1049.9001749494926,0.025009789906040258
nominal,2483.6001736336434,-3657.9144429594307,0.025009789906040258
nominal,-3025.9509889130563,-2603.8777653759057,0.025009789906040258
nominal,-2712.313378573189,2044.8984295612931,0.025009789906040258
nominal,3188.699528280775,-360.7358480122719,0.025009789906040258
nominal,-4669.47295275904,-1038.0738436420172,0.025009789906040258
nominal,3835.9737867250165,3027.6877086642953,0.025009789906040258
nominal,1569.4299583963236,3925.667409601708,0.025009789906040258
nominal,4141.227845100243,-1514.1897501272365,0.025009789906040258
nominal,-3274.8773748028593,745.572930564265,0.025009789906040258
nominal,-1452.675566116884,423.874803643976,0.025009789906040258
nominal,3579.4963548920255,233.01458035723866,0.025009789906040258
nominal,-2208.0534765538896,-2455.820303423117,0.025009789906040258
nominal,4882.763357369097,1260.3638167544846,0.025009789906040258
nominal,4030.720666396487,1460.5613986675155,0.025009789906040258
nominal,926.3670558871731,2864.4954175562348,0.025009789906040258
nominal,-16.003433350336465,102.43942783944084,0.025009789906040258
nominal,4323.25170293208,89.95125907101999,0.025009789906040258
nominal,-1787.406844653777,-2177.109770747087,0.025009789906040258
nominal,2703.229307180205,3096.014290429217,0.025009789906040258
nominal,-3176.864915669203,-1206.7584936839564,0.025009789906040258
nominal,-2733.4858600585544,1629.2914339250403,0.025009789906040258
nominal,-373.146289994569,-4973.3145869289,0.025009789906040258
nominal,3986.438259925901,2302.388732226824,0.025009789906040258
nominal,4765.943485143648,1387.5169559544604,0.025009789906040258
nominal,270.9423693227411,3403.0106936364105,0.025009789906040258
nominal,98.18535575126822,-2961.6781113850907,0.025009789906040258
nominal,3735.4382783587102,-3468.4187765690594,0.025009789906040258
nominal,2424.5167923492904,4310.613072311121,0.025009789906040258
nominal,-758.404848527899,4011.281332002959,0.025009789906040258
nominal,-447.98396628614154,2227.269122909881,0.025009789906040258
nominal,895.6600234725834,2792.252617788982,0.025009789906040258
nominal,-4534.1801849719195,-1173.6580997932504,0.025009789906040258
nominal,-4810.9016273901125,708.1547424083184,0.025009789906040258
nominal,80.65027085463774,0.42100379088529116,0.025009789906040258
nominal,-2816.894077973192,-1063.3740258845773,0.025009789906040258
nominal,-116.83651413068571,1370.4054532756588,0.025009789906040258
nominal,2104.7578891395024,-39.14682171268723,0.025009789906040258
nominal,2097.676795909503,2737.2194328322835,0.025009789906040258
nominal,4970.489815587737,-1257.2174905385862,0.025009789906040258
nominal,-526.8264858542757,2380.237039618372,0.025009789906040258
nominal,-2836.711221362581,3918.4907316973113,0.025009789906040258
nominal,-4398.685367017979,1606.0340456076078,0.025009789906040258
nominal,-1763.8768002519676,2592.9098018210866,0.025009789906040258
nominal,3335.992631410217,3207.7293521461384,0.025009789906040258
nominal,-489.1157245113184,4657.0073793483225,0.025009789906040258
nominal,91.21374538096386,-972.5250419053139,0.025009789906040258
nominal,3683.6744238084084,1342.9149404921577,0.025009789906040258
nominal,2074.205386659539,-3580.144695684517,0.025009789906040258
nominal,-4423.048218082531,-1027.1552051899773,0.025009789906040258
nominal,3857.402304032259,2769.0266259782775,0.025009789906040258
nominal,-2364.7917536098685,53.74563145371715,0.025009789906040258
nominal,-3878.5024371708555,-2510.484381995248,0.025009789906040258
nominal,865.5613871888015,4052.267148215883,0.025009789906040258
nominal,-2601.1107194068795,763.0455016058307,0.025009789906040258
nominal,5038.52083503315,421.49061797286447,0.025009789906040258
nominal,-3462.4252216591212,-2640.4757059437784,0.025009789906040258
nominal,-2792.276716977288,70.90783524760282,0.025009789906040258
nominal,-3172.496522068574,2644.560813594488,0.025009789906040258
nominal,2807.706699670515,-3256.586704088626,0.025009789906040258
nominal,-4169.488238435153,2382.7760372847065,0.025009789906040258
nominal,3312.1135208670826,2846.629891608721,0.025009789906040258
nominal,-4535.7862863997725,-1307.5766817006167,0.025009789906040258
nominal,3420.6662332860237,-2498.7320225789417,0.025009789906040258
nominal,4240.71378639152,71.78530317325573,0.025009789906040258
nominal,4697.1394323133745,-1768.6775658563574,0.025009789906040258
nominal,-3460.7232294870337,-294.7455765268109,0.025009789906040258
nominal,1175.0142287642655,-3933.805992711036,0.025009789906040258
nominal,3768.137943027167,1084.4542484595438,0.025009789906040258
nominal,-2277.8471691605127,-2414.4878472632245,0.025009789906040258
nominal,-2107.202403184122,2024.6642960672361,0.025009789906040258
nominal,-1859.8916858319433,-4506.042877795046,0.025009789906040258
nominal,3289.9418785210023,2853.8838295212868,0.025009789906040258
nominal,3162.9198818489745,-1386.8224298828052,0.025009789906040258
nominal,-81.21934354737267,-3063.1125241440955,0.025009789906040258
nominal,1073.3015323611319,3526.041490042154,0.025009789906040258
nominal,1086.0397809193182,-4203.672870426722,0.025009789906040258
nominal,-2473.3966849548815,-126.96336994266697,0.025009789906040258
nominal,409.2836693105397,4232.974128205392,0.025009789906040258
nominal,3607.4085951800007,-740.5697312664045,0.025009789906040258
nominal,858.8188844495584,-1350.6966950312387,0.025009789906040258
nominal,3151.355370186021,-1889.0420467417284,0.025009789906040258
nominal,-3696.8508821853484,859.7357405918942,0.025009789906040258
nominal,-1509.2486081296704,-4396.892444775978,0.025009789906040258
nominal,-1275.0115524294222,-4702.382408135641,0.025009789906040258
nominal,4450.016534147178,-418.44378982497324,0.025009789906040258
nominal,-51.2850574443888,4384.8497001143805,0.025009789906040258
nominal,123.57405175336564,-4426.008172489225,0.025009789906040258
nominal,3888.789219548666,2910.921998066918,0.025009789906040258
nominal,-3420.4447479662613,2230.6284106414223,0.025009789906040258
nominal,-4547.398709174249,-1523.1484044274096,0.025009789906040258
nominal,-4169.550892494872,2027.3982120301853,0.025009789906040258
nominal,2493.5003015795264,123.45289754706114,0.025009789906040258
nominal,688.8136715823059,-3521.3757822972198,0.025009789906040258
nominal,1742.4908088429838,-1586.5742691974488,0.025009789906040258
nominal,753.0249517694934,1812.7376968945514,0.025009789906040258
nominal,-3187.298395988908,-2377.0904130755994,0.025009789906040258
nominal,1472.0487442016542,-849.2380036220765,0.025009789906040258
nominal,4534.018626291609,501.0356558902701,0.025009789906040258
nominal,-1706.8211930975572,2422.3755350882284,0.025009789906040258
nominal,1301.0936011270182,3735.416733258113,0.025009789906040258
nominal,-2035.4452246845121,-427.44117692256003,0.025009789906040258
nominal,-3060.1601955094147,-202.34526967316478,0.025009789906040258
nominal,3249.636053702826,2540.601973022028,0.025009789906040258
nominal,4726.625599627394,-1331.6159509407225,0.025009789906040258
nominal,1085.2104342346572,-4002.6463820502227,0.025009789906040258
nominal,-939.9241351438156,2125.9758994227054,0.025009789906040258
nominal,371.7499959831674,-2712.931107657745,0.025009789906040258
nominal,-3519.7782170004966,-2183.898666617445,0.025009789906040258
nominal,-1296.5134135281494,3467.2101138199523,0.025009789906040258
nominal,252.23860918139354,910.9021913872866,0.025009789906040258
nominal,-3949.1930062527877,2330.9734243547878,0.025009789906040258
nominal,2514.0567039660446,-3086.549164953489,0.025009789906040258
nominal,3269.1892921409894,1077.3325464243374,0.025009789906040258
nominal,-1054.0063254605377,2546.7091795278734,0.025009789906040258
nominal,-1584.132200082738,-879.1110975193134,0.025009789906040258
nominal,3521.552629365882,-974.7857980147429,0.025009789906040258
nominal,-2073.041734980624,3338.305827758681,0.025009789906040258
nominal,4999.775274353308,-912.722445711111,0.025009789906040258
nominal,2073.3239798364557,1007.3647589778362,0.025009789906040258
nominal,4295.982858810671,-1548.5114170348807,0.025009789906040258
nominal,-1861.6263538642704,-4404.105310692962,0.025009789906040258
nominal,612.2813329353996,-954.6568538561501,0.025009789906040258
nominal,4484.953680102106,-1229.7365969067823,0.025009789906040258
nominal,1489.680339526739,-2164.0288814775417,0.025009789906040258
nominal,-3302.4303919649224,-745.7873293977285,0.025009789906040258
nominal,-2047.3390682336722,-1381.488140323405,0.025009789906040258
nominal,-596.4522035815597,2439.9096073268183,0.025009789906040258
nominal,4025.7241222829202,1720.4138738102233,0.025009789906040258
nominal,1413.5916578372269,4664.037201313754,0.025009789906040258
nominal,-1528.4890240781442,-2803.432223933477,0.025009789906040258
nominal,-3331.4988704798375,-1484.3636308000112,0.025009789906040258
nominal,-3271.6238942636587,2614.062769280501,0.025009789906040258
nominal,816.8739165123676,1774.0236479465993,0.025009789906040258
nominal,942.3326339787544,-4662.124488066076,0.025009789906040258
nominal,-1596.6148412150324,328.33010449290265,0.025009789906040258
nominal,3649.2157041227492,412.32411129560387,0.025009789906040258
nominal,3920.337079215525,495.5850760938746,0.025009789906040258
nominal,3542.9716091396945,1553.4201847643988,0.025009789906040258
nominal,1818.1781627703622,721.079354271737,0.025009789906040258
nominal,1231.002182111535,830.8940285297056,0.025009789906040258
nominal,-6.59524611240056,2672.6654935892993,0.025009789906040258
nominal,3598.287251250948,2355.4715644082407,0.025009789906040258
nominal,4221.50038216213,1110.5099289491777,0.025009789906040258
nominal,-4185.672053185701,-636.0626692212818,0.025009789906040258
nominal,-2853.2440163995752,853.731045022677,0.025009789906040258
nominal,2127.180555352165,-3481.543000072584,0.025009789906040258
nominal,2606.2025595340933,-4344.826028715608,0.025009789906040258
nominal,-3876.41412668987,-2830.1328886562446,0.025009789906040258
nominal,-2837.643635440973,2068.3925989268273,0.025009789906040258
nominal,2881.836644253294,-4215.771775891773,0.025009789906040258
nominal,-686.8326887228768,3362.95860821928,0.025009789906040258
nominal,-692.1292797331055,-3782.3713209078064,0.025009789906040258
nominal,836.246311254957,-3898.183862715065,0.025009789906040258
nominal,4447.141601151511,-35.23260772819668,0.025009789906040258
nominal,1020.7366044804936,4359.525392443054,0.025009789906040258
nominal,-3245.2923999737814,-942.6765689471423,0.025009789906040258
nominal,3972.8302043901604,778.8453114911392,0.025009789906040258
nominal,-647.1323190715914,-4162.385856981309,0.025009789906040258
nominal,2782.243893023345,4018.248303685191,0.025009789906040258
nominal,-4056.3583307320846,-248.49307739699347,0.025009789906040258
nominal,-662.6455318695043,4635.095962987002,0.025009789906040258
nominal,-4231.336759392295,2340.498540748193,0.025009789906040258
nominal,-1487.0446570288073,2713.9932037571484,0.025009789906040258
nominal,-2502.6066362943634,1948.999708174249,0.025009789906040258
nominal,-3406.6628961713586,1511.4560144195439,0.025009789906040258
nominal,256.29795581245145,-4221.010609905484,0.025009789906040258
nominal,4722.70668015224,-193.97010770377753,0.025009789906040258
nominal,-1583.4578507614658,2424.2759630667692,0.025009789906040258
nominal,-2046.4954946564583,3893.8194002519635,0.025009789906040258
nominal,3223.445368633232,-1722.3362950338765,0.025009789906040258
nominal,1316.677514751458,3027.013924514044,0.025009789906040258
nominal,-4248.470932690257,-1145.8208737152302,0.025009789906040258
nominal,-2891.8988555229284,-4062.11752758373,0.025009789906040258
nominal,4500.414753824739,-2538.6274421158037,0.025009789906040258
nominal,3250.7823333038423,386.81559522729725,0.025009789906040258
nominal,-1867.9080655448706,-1221.5901500741138,0.025009789906040258
nominal,1460.4187080906108,183.42608444060826,0.025009789906040258
nominal,4382.39562450033,-2668.450357200591,0.025009789906040258
nominal,4842.616584238297,1430.9423105342562,0.025009789906040258
nominal,-1607.7119209590371,3692.252382785533,0.025009789906040258
nominal,-3230.0684748061635,-2637.3063497032163,0.025009789906040258
nominal,3428.998411373069,-2309.861435419613,0.025009789906040258
nominal,-3417.7960438302403,1364.6092944587524,0.025009789906040258
nominal,2684.000416099902,-898.4885257732883,0.025009789906040258
nominal,4065.873950761695,-779.6216113560845,0.025009789906040258
nominal,2189.639267511762,1640.291697428687,0.025009789906040258
nominal,5114.497328247265,-38.05836139147921,0.025009789906040258
nominal,3475.0665390749837,3257.531900595801,0.025009789906040258
nominal,1129.2629689977964,-1930.495461998582,0.025009789906040258
nominal,1316.219298697913,4560.2768491812,0.025009789906040258
nominal,93.65203584760809,1242.0569582187186,0.025009789906040258
nominal,3279.721909649819,-1059.1612703552682,0.025009789906040258
nominal,-3342.751713777009,-1947.1996686777898,0.025009789906040258
nominal,-175.51301069800826,4693.778792000892,0.025009789906040258
nominal,-1769.3775333014692,96.18633603508732,0.025009789906040258
nominal,-1561.3719440153382,-3824.2806475479724,0.025009789906040258
nominal,-970.0323443247391,4659.91484302969,0.025009789906040258
nominal,975.4830588932286,2185.9330981876537,0.025009789906040258
nominal,2030.6847062471822,3562.1623521372994,0.025009789906040258
nominal,2853.0970468171936,3434.379283392353,0.025009789906040258
nominal,-2212.158423233351,-2534.7038477597225,0.025009789906040258
nominal,4583.127207919486,1460.0021911623246,0.025009789906040258
nominal,1090.105545837833,18.684267330038598,0.025009789906040258
nominal,-4197.2192557043145,-300.2254188360637,0.025009789906040258
nominal,-3563.6662169654055,334.4851544750399,0.025009789906040258
nominal,1601.9605974730348,-1125.3042469941404,0.025009789906040258
nominal,-544.7109679184656,2691.418792822809,0.025009789906040258
nominal,4494.265314879126,2081.5986319726035,0.025009789906040258
nominal,-4085.9532412401086,1674.0859683427873,0.025009789906040258
nominal,4711.596460421359,1738.1624181617713,0.025009789906040258
nominal,-3678.232032466472,-532.3386334253328,0.025009789906040258
nominal,2742.5160570228645,-2945.00154732652,0.025009789906040258
nominal,3102.75079998274,929.7074160474211,0.025009789906040258
nominal,-4026.7924190931444,2261.1484604426196,0.025009789906040258
nominal,-2755.111531946458,871.5370359017599,0.025009789906040258
nominal,-2809.8734865796227,-598.8920799982473,0.025009789906040258
nominal,2810.163251802006,-1369.546921042463,0.025009789906040258
nominal,-890.8896536703955,1086.0258184572376,0.025009789906040258
nominal,-578.4831623488137,1545.0464564634176,0.025009789906040258
nominal,2863.716956142465,338.5188567054947,0.025009789906040258
nominal,-2938.3255666100504,-2587.0326205875144,0.025009789906040258
nominal,-1511.9195215596512,3028.4482168362883,0.025009789906040258
nominal,2154.229775119315,1451.550886670539,0.025009789906040258
nominal,-1029.751903125092,2195.313187692783,0.025009789906040258
nominal,1268.3000481534316,-4958.800143329888,0.025009789906040258
nominal,-3488.1125765938104,-2873.752422074382,0.025009789906040258
nominal,1211.8539099987338,988.1319227315616,0.025009789906040258
nominal,3053.7267560970026,-2122.5233775069014,0.025009789906040258
nominal,-2107.424444961087,4171.15299170029,0.025009789906040258
nominal,216.73860436916573,-1324.8033261546436,0.025009789906040258
nominal,-840.2520215225414,3294.129802321855,0.025009789906040258
nominal,1395.802129682661,564.9275543812565,0.025009789906040258
nominal,-3422.7259467552394,2700.027364118618,0.025009789906040258
nominal,5059.937696121292,-202.50786464842628,0.025009789906040258
nominal,1182.4685068070942,1772.1128575833307,0.025009789906040258
nominal,324.5520503404933,912.8497102596783,0.025009789906040258
nominal,2938.7909024802316,-3888.9067351511317,0.025009789906040258
nominal,-4199.829193165133,2443.6935565234635,0.025009789906040258
nominal,1568.0456437245418,-2450.1950248050903,0.025009789906040258
nominal,2360.816267970417,1747.2324977735882,0.025009789906040258
nominal,-995.351769439484,-51.470753752113616,0.025009789906040258
nominal,2570.264182349685,-1812.7930775782556,0.025009789906040258
nominal,4788.248011753321,-1861.877410801959,0.025009789906040258
nominal,-2821.2313145164426,-4141.630362399616,0.025009789906040258
nominal,1132.0267370140193,1777.5947630266915,0.025009789906040258
nominal,-2771.3062640653484,-3119.202876982918,0.025009789906040258
nominal,-3606.9036083677343,995.403742777235,0.025009789906040258
nominal,-1699.9557987591947,-486.02596918262356,0.025009789906040258
nominal,-3371.1755081636206,219.74810184594074,0.025009789906040258
nominal,2330.968061923183,-3114.7381802994473,0.025009789906040258
nominal,-3566.2918005950282,-524.8059872118844,0.025009789906040258
nominal,-768.6082996856633,1691.627149067621,0.025009789906040258
nominal,-3299.102015119676,3004.119843930731,0.025009789906040258
nominal,127.17749454051463,4595.855306012531,0.025009789906040258
nominal,-3125.14748185993,492.4368658431605,0.025009789906040258
nominal,1993.26158179009,3328.9403538369625,0.025009789906040258
nominal,-2386.4005848782067,2258.471011733654,0.025009789906040258
nominal,1040.6429183133562,-4500.301354499135,0.025009789906040258
nominal,-2758.858562994565,43.432003348165566,0.025009789906040258
nominal,-93.71194834489313,-1807.7938929901832,0.025009789906040258
nominal,529.1927457071247,-1702.4244848474195,0.025009789906040258
nominal,-831.126800641396,1679.3196095680757,0.025009789906040258
nominal,3772.5192996699907,-696.6247739568771,0.025009789906040258
nominal,3332.022208461577,119.76406069663716,0.025009789906040258
nominal,-3791.2664362838523,-1368.653334348046,0.025009789906040258
nominal,1843.5325310357023,1045.9429300497266,0.025009789906040258
nominal,4220.415041214349,-2643.065922855847,0.025009789906040258
nominal,-1654.3998425464997,-2095.9125886011448,0.025009789906040258
nominal,446.3147758836996,-1328.447593176129,0.025009789906040258
nominal,3686.0097945887237,3388.4138003281164,0.025009789906040258
nominal,-1454.4639406107115,-3849.2276377531384,0.025009789906040258
nominal,545.6676628252169,404.07585496521403,0.025009789906040258
nominal,4083.5997393852745,2407.7818359679595,0.025009789906040258
nominal,3276.3023144579183,-1102.9412868953086,0.025009789906040258
nominal,1608.2561324801184,3914.9232938250907,0.025009789906040258
changed,-14384.73051033245,4948.912340138002,0.025009789906040258
changed,11530.545264744456,-6803.121774071662,0.025009789906040258
changed,-8174.460665184175,-4111.040894207385,0.025009789906040258
changed,4695.2228168532565,-4008.0379938863257,0.025009789906040258
changed,-7770.55120128583,8001.233458079404,0.025009789906040258
changed,3483.5405892387816,-4775.654410835549,0.025009789906040258
changed,-13533.514605835568,5713.827390822325,0.025009789906040258
changed,4150.427476968983,-7243.422336918492,0.025009789906040258
changed,6120.435938058617,3703.736913889422,0.025009789906040258
changed,-4740.665709748231,11908.938896181886,0.025009789906040258
changed,10430.04388209962,2611.4095214368476,0.025009789906040258
changed,-8479.745009743629,4428.181509673557,0.025009789906040258
changed,13829.31905200419,-2477.353557147232,0.025009789906040258
changed,1689.3490343882825,-11837.258988388221,0.025009789906040258
changed,2176.442851113908,-944.8498021214497,0.025009789906040258
changed,-13284.039117688768,4870.291919709835,0.025009789906040258
changed,8837.84975478758,-9075.551845319218,0.025009789906040258
changed,1178.8032976997656,-6976.5434517086715,0.025009789906040258
changed,4839.459959911036,1137.9785401343663,0.025009789906040258
changed,8900.971161587673,-5526.6713618905,0.025009789906040258
changed,-11805.559237689384,972.2414376926453,0.025009789906040258
changed,-939.4239730698358,-2843.9309381947382,0.025009789906040258
changed,-10812.220630991793,-113.67317714058798,0.025009789906040258
changed,-4185.864801847178,14307.156066363625,0.025009789906040258
changed,-3507.1576195302932,3653.56457459648,0.025009789906040258
changed,-10898.08233015393,917.1066859054449,0.025009789906040258
changed,-11163.074186757489,-8629.264303879503,0.025009789906040258
changed,13888.419711339533,-4650.709966444842,0.025009789906040258
changed,-7642.687828350919,-7505.181081788159,0.025009789906040258
changed,-14008.067276424503,-2555.1699068196426,0.025009789906040258
changed,-5742.1969712403925,14013.12979764463,0.025009789906040258
changed,-15179.319312938194,-325.42662388029777,0.025009789906040258
changed,-649.1142203826569,219.93797345215617,0.025009789906040258
changed,8142.90799949941,5864.688943444997,0.025009789906040258
changed,-9011.719415361658,5505.16879294144,0.025009789906040258
changed,-2499.8494675361694,79.37043906586284,0.025009789906040258
changed,7349.848803052733,-3596.2897909629914,0.025009789906040258
changed,-5365.930523118895,7885.41699691131,0.025009789906040258
changed,1749.2644354279498,4323.755968145882,0.025009789906040258
changed,506.9452708119152,512.9385204971087,0.025009789906040258
changed,4120.347839299438,4913.278840063818,0.025009789906040258
changed,3867.1356976948737,-5449.940150301479,0.025009789906040258
changed,-1380.5648498866283,4710.719006549348,0.025009789906040258
changed,-11607.430720740158,-1252.577259842013,0.025009789906040258
changed,-14489.10365060701,3522.5276054277615,0.025009789906040258
changed,-7735.926537140219,1419.5994442444687,0.025009789906040258
changed,3140.6681655198945,-6616.3303975435565,0.025009789906040258
changed,-1074.0210027689266,-13724.357671586695,0.025009789906040258
changed,-7092.319782692474,-1255.0903091093628,0.025009789906040258
changed,1189.2720921155621,-11003.472674895598,0.025009789906040258
changed,8475.01930606182,7441.128661282271,0.025009789906040258
changed,7816.325473975321,-351.7594670045526,0.025009789906040258
changed,-9276.665134592184,-7814.507654997194,0.025009789906040258
changed,-812.9693928525191,-1385.0561107900387,0.025009789906040258
changed,4992.428509134012,631.574128579338,0.025009789906040258
changed,5002.390599538171,1861.7374070399324,0.025009789906040258
changed,3738.080028842855,-4124.611464089433,0.025009789906040258
changed,-4653.2068474714415,12605.909702377794,0.025009789906040258
changed,-2280.7806307275023,2150.6381763597988,0.025009789906040258
changed,-2621.1209191156436,-10683.70525207235,0.025009789906040258
changed,-2972.160932805995,-6697.701322283144,0.025009789906040258
changed,15351.546722616798,-1993.3014362945585,0.025009789906040258
changed,-10940.749312328851,5774.732385132432,0.025009789906040258
changed,-531.3134250580162,12754.798653252741,0.025009789906040258
changed,5604.336097434665,7443.280521998553,0.025009789906040258
changed,5175.273203177295,11981.099961365593,0.025009789906040258
changed,620.8720625228761,-9726.18229612926,0.025009789906040258
changed,-11357.596561939294,8250.816090691947,0.025009789906040258
changed,331.3175283487571,1985.803114296914,0.025009789906040258
changed,13463.333732307741,-5850.567161245045,0.025009789906040258
changed,7984.65838529378,1545.7236654367607,0.025009789906040258
changed,11286.947651865059,2185.7962421056313,0.025009789906040258
changed,11283.731128497404,-5164.9769364366375,0.025009789906040258
changed,8556.63394457235,-4442.987087284244,0.025009789906040258
changed,-8186.893314188698,-707.6920875107023,0.025009789906040258
changed,-6899.055779090051,8123.446932452871,0.025009789906040258
changed,11629.713624007503,-2871.7459044698685,0.025009789906040258
changed,-1013.4787037068768,2303.8918022090797,0.025009789906040258
changed,3637.8019214588553,13566.500041795216,0.025009789906040258
changed,-9369.040024317204,-7825.904765829173,0.025009789906040258
changed,-2439.832319992835,7358.543143579589,0.025009789906040258
changed,-3787.413243637122,1994.5921119199354,0.025009789906040258
changed,8643.831158679342,11086.279905993812,0.025009789906040258
changed,-1390.636517738347,-13384.370722166417,0.025009789906040258
changed,5883.332077214871,-5919.393088289758,0.025009789906040258
changed,9062.305582809355,9137.408488621268,0.025009789906040258
changed,-3056.4811576137495,2020.8011292505716,0.025009789906040258
changed,-12642.584497288884,-8214.439259790319,0.025009789906040258
changed,-8710.705556545012,3607.5465676962963,0.025009789906040258
changed,2267.52524331037,14485.405680053354,0.025009789906040258
changed,-25.8052451387267,-12743.69917404733,0.025009789906040258
changed,-4553.250078163589,4703.870388203136,0.025009789906040258
changed,2772.7806119650145,4621.251092817581,0.025009789906040258
changed,-1384.3892849832393,-9603.249938701374,0.025009789906040258
changed,1196.1744930752475,-6328.851556192837,0.025009789906040258
changed,7036.214389000545,-13385.72241642516,0.025009789906040258
changed,-2647.1191566411144,7142.327201490496,0.025009789906040258
changed,2611.779203811121,-5055.58873105577,0.025009789906040258
changed,-15145.95476664798,-888.725399767864,0.025009789906040258
changed,3564.7135693807677,2231.194600113618,0.025009789906040258
changed,-5212.7900436036925,-7564.746105606368,0.025009789906040258
changed,-5454.668045629379,12519.840765703171,0.025009789906040258
changed,-4265.610286462934,11814.435125733602,0.025009789906040258
changed,3626.5450189909066,-8687.991706440023,0.025009789906040258
changed,5436.589895495953,-5396.514691947295,0.025009789906040258
changed,-1469.3480560211078,4880.081413284721,0.025009789906040258
changed,5628.42389521418,-7921.95117024469,0.025009789906040258
changed,-13316.328478271405,3110.5088023363764,0.025009789906040258
changed,2207.289106125504,2446.455383132651,0.025009789906040258
changed,10066.098982513377,4031.0092544808003,0.025009789906040258
changed,-4736.993319505661,2306.9552178946465,0.025009789906040258
changed,2550.9813716548315,9203.352111265494,0.025009789906040258
changed,-6020.7117238913415,3514.993320249793,0.025009789906040258
changed,-9022.18958807271,-9895.547078722366,0.025009789906040258
changed,-1362.7233309150774,-72.28677466979082,0.025009789906040258
changed,11108.583097215469,8880.838040288885,0.025009789906040258
changed,-7707.530092719455,6566.411850121135,0.025009789906040258
changed,2896.4188922064372,8795.156360862755,0.025009789906040258
changed,-4890.4749199532525,-5944.936765553798,0.025009789906040258
changed,-5743.705408253024,12730.248968755908,0.025009789906040258
changed,-292.3723193264891,1162.8877222268914,0.025009789906040258
changed,-4686.079977128049,10725.735765623134,0.025009789906040258
changed,-14935.754145301733,1134.6803054752004,0.025009789906040258
changed,8854.419281356168,-12485.169721552502,0.025009789906040258
changed,-10003.568520012213,-1415.5454846325738,0.025009789906040258
changed,8471.392966296458,10885.435224926077,0.025009789906040258
changed,9076.195267777759,-9130.030121488553,0.025009789906040258
changed,8471.327230332232,-3558.9118253478987,0.025009789906040258
changed,-2931.750471350686,-12960.754922618557,0.025009789906040258
changed,-4432.962080451791,-1072.1488443302112,0.025009789906040258
changed,2010.5367966780143,4057.53607227738,0.025009789906040258
changed,-10560.218070505161,4140.198275386531,0.025009789906040258
changed,-8828.107500661592,-12465.686967227108,0.025009789906040258
changed,-11433.333690621655,-1827.0790415100817,0.025009789906040258
changed,-4793.8540044892225,1193.7100386877903,0.025009789906040258
changed,-11214.428608343813,-9910.139239343529,0.025009789906040258
changed,-4983.581891152827,12162.128702625174,0.025009789906040258
changed,-6558.281446902785,-804.3957064767787,0.025009789906040258
changed,1032.9113129836146,-6875.510581940524,0.025009789906040258
changed,-7775.237974633914,-1056.481189877722,0.025009789906040258
changed,3027.624666938461,-5498.990949641957,0.025009789906040258
changed,-12633.721229728995,-665.1850722603764,0.025009789906040258
changed,-3090.7094012718126,2534.757495064433,0.025009789906040258
changed,-9163.500174085788,3434.7481453360087,0.025009789906040258
changed,-2218.3654375394435,6307.995406929557,0.025009789906040258
changed,1595.3364381808335,-4092.691190726249,0.025009789906040258
changed,10274.813782185925,4436.095973614663,0.025009789906040258
changed,-4303.617709616564,1521.7818086027962,0.025009789906040258
changed,-974.5157744203644,-14439.255953983044,0.025009789906040258
changed,-4743.096092287007,10422.6615469451,0.025009789906040258
changed,-10735.719170223807,5191.905482559712,0.025009789906040258
changed,-9040.510146177956,8681.825264124476,0.025009789906040258
changed,-11699.767520621013,8079.056489856462,0.025009789906040258
changed,-4159.223696283792,-4104.932547731642,0.025009789906040258
changed,7423.431366007489,-7896.279272591678,0.025009789906040258
changed,-1342.200198684079,7261.393052674315,0.025009789906040258
changed,-562.3515185662561,-9851.126031121205,0.025009789906040258
changed,-5602.992844454807,-7106.487797129467,0.025009789906040258
changed,-12642.433802102776,3990.1851093870355,0.025009789906040258
changed,13120.751869838581,381.21555165376907,0.025009789906040258
changed,-249.12429856698813,9397.967747853008,0.025009789906040258
changed,-2298.2194590626614,-14839.665045814521,0.025009789906040258
changed,6040.082158027044,9443.651114443064,0.025009789906040258
changed,-11538.56038584738,7628.128111109412,0.025009789906040258
changed,8158.565820114599,-8879.841939544442,0.025009789906040258
changed,-10492.567525591629,7084.401462632507,0.025009789906040258
changed,-1570.7908920564114,14319.326638362718,0.025009789906040258
changed,10452.025823881111,-5501.65672931363,0.025009789906040258
changed,13.351501335584741,-13459.903624964576,0.025009789906040258
changed,7286.162944361191,-671.0908031073986,0.025009789906040258
changed,3759.112309604301,5543.953111556811,0.025009789906040258
changed,-1075.5267778606521,-13747.259554487024,0.025009789906040258
changed,6972.36906048499,2730.6862452182727,0.025009789906040258
changed,-1226.6637191529703,14120.988447734184,0.025009789906040258
changed,4729.096783667014,4286.900239218462,0.025009789906040258
changed,5937.343741966256,13910.766954898512,0.025009789906040258
changed,-9432.365905250923,8045.76874917523,0.025009789906040258
changed,-15158.38544873876,388.7909925310301,0.025009789906040258
changed,-9518.778354283659,-11327.496552946237,0.025009789906040258
changed,4774.1756522871665,-12647.757891239231,0.025009789906040258
changed,2776.6334794158743,11002.042638713128,0.025009789906040258
changed,7121.502156611509,-9264.169523105104,0.025009789906040258
changed,-4746.614628560013,641.2574740305993,0.025009789906040258
changed,-13987.240788491168,-1322.9550296401376,0.025009789906040258
changed,-9248.574742212018,-1742.3205058125218,0.025009789906040258
changed,-2922.2157630264755,-13621.156184088712,0.025009789906040258
changed,1985.9867922353337,10334.897684726562,0.025009789906040258
changed,-40.29206031080343,14500.766937450117,0.025009789906040258
changed,-7000.06495797783,7387.211993344857,0.025009789906040258
changed,-3381.7945920496195,-4100.977177417696,0.025009789906040258
changed,-7814.4248584411325,-13460.383469949655,0.025009789906040258
changed,-11860.511021115233,-6531.48231310957,0.025009789906040258
changed,-13656.82763593728,3445.696067691351,0.025009789906040258
changed,-2859.2021267460023,11408.793224125524,0.025009789906040258
changed,-4813.239295271604,-12532.470094593073,0.025009789906040258
changed,6867.816623046647,11135.966127111707,0.025009789906040258
changed,10245.382970172695,8397.339652881974,0.025009789906040258
changed,-8847.660504535388,-1809.803644791607,0.025009789906040258
changed,-13985.976473310619,3246.0253611714124,0.025009789906040258
changed,1392.6189923218537,-5230.0670187313535,0.025009789906040258
changed,10353.490569880501,10954.505476012677,0.025009789906040258
changed,-3155.8393852094077,9196.492869440299,0.025009789906040258
changed,12857.48938997639,6733.529928057259,0.025009789906040258
changed,5580.451593619923,-11011.93862341382,0.025009789906040258
changed,-408.51080287090366,12813.052673761482,0.025009789906040258
changed,-5596.990206430834,-54.45486195700065,0.025009789906040258
changed,9237.944572028706,-10686.459877901123,0.025009789906040258
changed,10056.405152024832,-11075.257776278768,0.025009789906040258
changed,1827.4074315551338,3375.9157381145214,0.025009789906040258
changed,-4176.425810964051,5421.569566665675,0.025009789906040258
changed,4478.115650668752,-7995.403793861933,0.025009789906040258
changed,-4946.439911421013,-1424.5027346542754,0.025009789906040258
changed,-13902.160460606045,-1548.666567004197,0.025009789906040258
changed,7847.467704618477,-236.1693787626956,0.025009789906040258
changed,-12435.34591874212,4056.771237649749,0.025009789906040258
changed,-7090.572953124369,12837.861853574217,0.025009789906040258
changed,-4623.391791845283,-11801.61357630488,0.025009789906040258
changed,-7767.215072657368,7407.461169458507,0.025009789906040258
changed,3357.853049008991,-2784.703345845962,0.025009789906040258
changed,-472.8458215513207,-9596.189927601195,0.025009789906040258
changed,-12183.799050521633,1545.1484755872332,0.025009789906040258
changed,6715.628583521433,-5163.504609989211,0.025009789906040258
changed,-2325.208609506962,-15379.17243974568,0.025009789906040258
changed,565.8239103045252,-4525.128346644812,0.025009789906040258
changed,7259.499106031026,-9254.156648458356,0.025009789906040258
changed,-2368.551238095368,642.3679489745987,0.025009789906040258
changed,-3345.3851725009863,4141.414944530631,0.025009789906040258
changed,6069.212859952384,120.86718745302262,0.025009789906040258
changed,-3119.7413727599933,14498.965084603633,0.025009789906040258
changed,-1904.6079966691884,-1181.1118741443242,0.025009789906040258
changed,-9849.473556570449,-2983.1482719429587,0.025009789906040258
changed,6965.926656022642,12197.306124169749,0.025009789906040258
changed,5118.714696557841,-10788.695015117533,0.025009789906040258
changed,-2173.2281747409097,-11865.895316377995,0.025009789906040258
changed,-8893.339769169334,-6492.66565958434,0.025009789906040258
changed,10523.610456577298,-50.902668478111075,0.025009789906040258
changed,14798.813470609357,1751.0101513422144,0.025009789906040258
changed,240.56414218149328,-6268.751384825243,0.025009789906040258
changed,-13662.700289490065,2528.0038263343913,0.025009789906040258
changed,-13097.173316853945,-5842.943314524895,0.025009789906040258
changed,6194.9503784721255,-4613.321955503401,0.025009789906040258
changed,5336.615073990142,9491.905730163175,0.025009789906040258
changed,4548.723236045444,-11665.713518285436,0.025009789906040258
changed,-5876.777865946142,7577.589394988927,0.025009789906040258
changed,-7046.928880913899,-12134.200662979489,0.025009789906040258
changed,8999.631459716222,5764.533288979913,0.025009789906040258
changed,3213.16383917431,3064.7397444025232,0.025009789906040258
changed,3046.305180602399,-4978.783260743135,0.025009789906040258
changed,-8122.514597388492,-12647.852184104302,0.025009789906040258
changed,8491.003094303234,564.6276897126052,0.025009789906040258
changed,-1406.169000116858,8225.017228260689,0.025009789906040258
changed,-10312.228123037276,-202.0416307348388,0.025009789906040258
changed,1268.4404198450352,10866.993116406653,0.025009789906040258
changed,1675.6561827153184,6986.068084193498,0.025009789906040258
changed,5769.750921093614,11473.506955913927,0.025009789906040258
changed,9943.28688722174,-2177.7221733521587,0.025009789906040258
changed,-772.6919674798047,1418.8189468852813,0.025009789906040258
changed,-4553.689033737701,-10793.33548971767,0.025009789906040258
changed,-13153.648485381415,2702.47515314076,0.025009789906040258
changed,-10418.016567438177,-824.3106514725368,0.025009789906040258
changed,-522.406959211846,8680.304797943072,0.025009789906040258
changed,3852.93027895845,10388.586905845264,0.025009789906040258
changed,-9377.632583614177,2062.7260201055433,0.025009789906040258
changed,2019.9175132628645,-14081.96702148451,0.025009789906040258
changed,-1838.7547107568344,674.2157686192024,0.025009789906040258
changed,-11152.46151372023,10278.238746676827,0.025009789906040258
changed,2899.946627133726,5542.235991468026,0.025009789906040258
changed,-3946.372687941451,450.6279226716431,0.025009789906040258
changed,-4797.557558223136,7118.37643131269,0.025009789906040258
changed,9301.882011705626,5171.857234022859,0.025009789906040258
changed,12135.207451035196,9080.321137447889,0.025009789906040258
changed,1782.5989641590604,-14619.389549475336,0.025009789906040258
changed,-695.4014299292375,-9087.617882331422,0.025009789906040258
changed,11291.632220978126,8672.687487569498,0.025009789906040258
changed,2315.8439065701978,-4445.207800959415,0.025009789906040258
changed,7237.262483322521,6138.965255013396,0.025009789906040258
changed,-12890.263726102408,-5025.348777767667,0.025009789906040258
changed,-5189.218362204034,-8443.677634572488,0.025009789906040258
changed,-7462.942691855151,3894.124393479082,0.025009789906040258
changed,-7282.515321790189,-8175.099128950258,0.025009789906040258
changed,-4168.572690950217,-7519.995475453733,0.025009789906040258
changed,11981.75152405096,3041.88429845248,0.025009789906040258
changed,-3770.728798487216,-13237.527341610821,0.025009789906040258
changed,12256.991043724634,3114.7678727589396,0.025009789906040258
changed,7898.331798426422,11202.962247485793,0.025009789906040258
changed,-9689.782790505637,-788.1852472418344,0.025009789906040258
changed,-2381.4068798189646,-5335.560175057373,0.025009789906040258
changed,-6101.619016373011,3310.4955986986156,0.025009789906040258
changed,2625.1713767479537,9823.736364745706,0.025009789906040258
changed,-3626.155257145985,7255.32207177232,0.025009789906040258
changed,5198.078774381227,5232.29605380643,0.025009789906040258
changed,-1101.1309843498793,-9784.188007065986,0.025009789906040258
changed,15259.172807685356,415.8291038644518,0.025009789906040258
changed,6037.655396046343,4480.163445297059,0.025009789906040258
changed,515.4121422201233,-15491.54925289492,0.025009789906040258
changed,5364.707047274604,-3089.8227981633327,0.025009789906040258
changed,3046.8529741213893,1747.3294816167668,0.025009789906040258
changed,6575.768978333625,13817.502498957247,0.025009789906040258
changed,12598.618468456063,4926.404713092304,0.025009789906040258
changed,6185.440046469321,8401.206809670548,0.025009789906040258
changed,1214.539247528407,14555.104059501722,0.025009789906040258
changed,3112.6596798895566,-7909.180266010118,0.025009789906040258
changed,4036.8927443936227,12475.704856866165,0.025009789906040258
changed,5306.874779933363,-10760.105523447472,0.025009789906040258
changed,-14881.653045019366,-2912.5321924257646,0.025009789906040258
changed,-12027.558664488286,-5466.546418068596,0.025009789906040258
changed,-895.7152795070974,1594.4352430234405,0.025009789906040258
changed,-2370.2352732795584,4496.389230975674,0.025009789906040258
changed,-1991.2100034172263,8705.764296342344,0.025009789906040258
changed,-3710.8418624228143,-792.424020411186,0.025009789906040258
changed,-1751.2709271341685,-11805.492230595071,0.025009789906040258
changed,-12628.217365555689,5618.890933527688,0.025009789906040258
changed,6743.663579389331,-7387.970986768188,0.025009789906040258
changed,-12548.099687353759,1333.1192830896016,0.025009789906040258
changed,11913.931103475445,8357.990085885169,0.025009789906040258
changed,-293.2155990802929,2849.9279713469223,0.025009789906040258
changed,-10399.301558297542,-9535.947187947535,0.025009789906040258
changed,-995.7114041508283,-10677.17838401655,0.025009789906040258
changed,-5757.831302865274,-14096.60512291061,0.025009789906040258
changed,5035.602667979372,13542.735161001296,0.025009789906040258
changed,-9104.577825361166,8308.98293510679,0.025009789906040258
changed,-4092.296902122033,-6681.478491499525,0.025009789906040258
changed,3501.6332295598254,6356.926689297716,0.025009789906040258
changed,2263.1217180779154,-11533.092534984413,0.025009789906040258
changed,-4937.947609633003,5702.645512376926,0.025009789906040258
changed,5473.624878817813,543.7181983031786,0.025009789906040258
changed,-4608.640323686291,-2985.1444975633185,0.025009789906040258
changed,1441.152764590509,10789.203472006015,0.025009789906040258
changed,4795.319723600539,13001.804237040282,0.025009789906040258
changed,8291.5162023593,-4097.788855953077,0.025009789906040258
changed,8936.94232387116,8724.036512228473,0.025009789906040258
changed,6118.196351323885,-9600.997869532002,0.025009789906040258
changed,12737.356186715626,-2095.955378416392,0.025009789906040258
changed,9430.60675307134,11314.012727621835,0.025009789906040258
changed,11380.946058995927,-9777.203407845214,0.025009789906040258
changed,207.74402889037782,-11642.599567993906,0.025009789906040258
changed,3902.418021099091,9842.801722699412,0.025009789906040258
changed,516.2377833622447,7777.97700796662,0.025009789906040258
changed,-5633.333427617121,-11690.243880730755,0.025009789906040258
changed,-10723.306401711203,10578.221816219091,0.025009789906040258
changed,4599.701731564604,-6758.416288230428,0.025009789906040258
changed,9580.12137389414,-588.0738298703053,0.025009789906040258
changed,-6661.94250141277,-1771.177009528834,0.025009789906040258
changed,9929.54909092742,4428.675643752989,0.025009789906040258
changed,-5153.433486577757,-14363.689885849517,0.025009789906040258
changed,8252.28930934369,-902.058872746469,0.025009789906040258
changed,-13344.026334170028,2418.7633243203945,0.025009789906040258
changed,6181.364490175096,-3794.5617315176532,0.025009789906040258
changed,4010.935342714856,-663.101532473897,0.025009789906040258
changed,-5625.725185900482,-1206.461028817884,0.025009789906040258
changed,-11509.147139679815,7338.509619641166,0.025009789906040258
changed,149.65762310142097,2353.5545323000733,0.025009789906040258
changed,6413.676448535139,8535.5020270243,0.025009789906040258
changed,2105.3366571623433,-8616.851622383514,0.025009789906040258
changed,3819.930627664231,-1116.4756947457658,0.025009789906040258
changed,7383.586656310509,-1570.008578178516,0.025009789906040258
changed,9056.880765115631,767.1297975823671,0.025009789906040258
changed,2541.3769737511807,143.03989831426836,0.025009789906040258
changed,6488.527818035945,3497.521499479184,0.025009789906040258
changed,-14504.762491693018,-4460.90134268956,0.025009789906040258
changed,4008.1958444794845,-3955.2643520511233,0.025009789906040258
changed,-1760.687866800442,7915.272077463064,0.025009789906040258
changed,6749.704051732092,-605.3781300459632,0.025009789906040258
changed,-8327.367613115972,-6649.011138139037,0.025009789906040258
changed,-5383.897902152373,-1136.674682051641,0.025009789906040258
changed,4337.708381124412,-12276.207780767045,0.025009789906040258
changed,-9643.422538150366,4798.786986430493,0.025009789906040258
changed,1775.9378258994154,-2775.9632724396183,0.025009789906040258
changed,-7095.616913491969,-12583.795738978331,0.025009789906040258
changed,11368.528117781945,-3863.422707646002,0.025009789906040258
changed,-3197.354923711476,-3973.8483833320893,0.025009789906040258
changed,-9293.879445504022,11471.91265371611,0.025009789906040258
changed,6416.45703376565,5197.353790700355,0.025009789906040258
changed,-670.5172921073696,9220.918617648344,0.025009789906040258
changed,12502.063037193206,5718.765296099882,0.025009789906040258
changed,-201.66647547497615,10328.694374583669,0.025009789906040258
changed,3641.2810192598176,1937.131120192504,0.025009789906040258
changed,-5340.401186340987,-7479.743124252202,0.025009789906040258
changed,9718.947082373257,8479.818579553545,0.025009789906040258
changed,-7291.961731986479,7176.784575266105,0.025009789906040258
changed,7470.060044728339,-1436.13775691459,0.025009789906040258
changed,8570.27266715033,-4828.61407100038,0.025009789906040258
changed,1564.578253657917,-1986.415390731466,0.025009789906040258
changed,5195.567172134159,4321.794585963879,0.025009789906040258
changed,4690.113171042793,-6929.84917405176,0.025009789906040258
changed,1235.2600130105031,-8276.707747521705,0.025009789906040258
changed,782.3450796200008,11780.786244242669,0.025009789906040258
changed,-5394.556713621373,1037.6181302610983,0.025009789906040258
changed,-1322.815597379506,-4828.502779705977,0.025009789906040258
changed,7841.88963750449,-375.4458758321028,0.025009789906040258
changed,-6543.026438876214,4161.931626720239,0.025009789906040258
changed,-7593.688063486642,3542.6072444512683,0.025009789906040258
changed,6812.77066242853,2370.4604677773914,0.025009789906040258
changed,-1880.009719843084,-12091.659524595067,0.025009789906040258
changed,5763.390487544879,-10930.016282197308,0.025009789906040258
changed,8404.763758321504,-5631.282344831511,0.025009789906040258
changed,-937.9832835084087,4631.1861273104505,0.025009789906040258
changed,10811.88993642041,-10967.264181319713,0.025009789906040258
changed,-3494.789881846533,-3418.8194330656,0.025009789906040258
changed,-8655.147157902438,471.10323223326145,0.025009789906040258
changed,-662.7107096024928,2823.4595874551687,0.025009789906040258
changed,15398.561811860784,-400.9469635709023,0.025009789906040258
changed,7896.723446191028,4447.6889782349435,0.025009789906040258
changed,-6467.616513866009,-11151.373438901324,0.025009789906040258
changed,-3854.6913365418654,-1826.941960360983,0.025009789906040258
changed,10481.72739694348,-4481.639417866667,0.025009789906040258
changed,-2665.433750669127,10225.315889714258,0.025009789906040258
changed,-4071.501237834557,8735.603653073631,0.025009789906040258
changed,3497.1961434479617,3916.024531139762,0.025009789906040258
changed,15313.902665174022,-3096.5621389572034,0.025009789906040258
changed,-12183.932106711698,-1109.5505294414493,0.025009789906040258
changed,337.8699412240396,4061.0308902714896,0.025009789906040258
changed,10255.884713263835,-2092.676975772811,0.025009789906040258
changed,5352.15569461695,-7542.889416852382,0.025009789906040258
changed,-4412.232890645345,-10289.74616589401,0.025009789906040258
changed,-1668.9734965962764,7995.0920498014775,0.025009789906040258
changed,-14750.318362419852,-4506.421910912827,0.025009789906040258
changed,5579.038249205976,-2433.7247661583847,0.025009789906040258
changed,3711.1527506187904,-12941.859914024357,0.025009789906040258
changed,9672.672776965324,-8624.062053679105,0.025009789906040258
changed,3752.3741758591136,9021.534936811626,0.025009789906040258
changed,8685.077207875875,-382.63888237849375,0.025009789906040258
changed,-1868.5865519097397,-5295.144902208114,0.025009789906040258
changed,10963.09556397696,1749.434829863617,0.025009789906040258
changed,1082.2227973301183,2828.4949166310084,0.025009789906040258
changed,2020.9445401228654,-2091.491106303522,0.025009789906040258
changed,3592.322752787819,10423.481030860494,0.025009789906040258
changed,-11126.372578427241,-10203.033688126972,0.025009789906040258
changed,5969.739172496386,1655.6188247382481,0.025009789906040258
changed,-72.20514969268874,7235.087550947206,0.025009789906040258
changed,-12461.727759113079,-7268.389171651456,0.025009789906040258
changed,-12571.889482852645,629.4500333800529,0.025009789906040258
changed,2208.125763634111,-15125.279995127194,0.025009789906040258
changed,-7108.114914124602,7958.263148436451,0.025009789906040258
changed,2061.933990498982,-5367.745952723545,0.025009789906040258
changed,-9026.66547786129,7152.071689455475,0.025009789906040258
changed,-11761.893956606034,-8086.392596619085,0.025009789906040258
changed,6846.899980214655,9383.195006817225,0.025009789906040258
changed,7531.796074758685,8834.270551476286,0.025009789906040258
changed,-3161.233891679377,11909.017885107509,0.025009789906040258
changed,9828.384252994876,-8102.415203565194,0.025009789906040258
changed,509.52536656429544,4172.082195246397,0.025009789906040258
changed,514.9109330073235,14374.878452505236,0.025009789906040258
changed,13710.405973629886,-5103.131665628091,0.025009789906040258
changed,2404.237658093894,-2366.9819239818253,0.025009789906040258
changed,12052.238203626724,7439.767464491432,0.025009789906040258
changed,-13656.962947659995,-6930.438165129892,0.025009789906040258
changed,-9755.666298363825,-1573.3459299059332,0.025009789906040258
changed,1335.7333082208493,1229.7304714851693,0.025009789906040258
changed,3545.8025161151986,1364.4202524331633,0.025009789906040258
changed,3554.9951342023824,97.93951145992187,0.025009789906040258
changed,-8431.137556591357,5329.312264626019,0.025009789906040258
changed,3601.4108108681276,7140.131604151002,0.025009789906040258
changed,1650.2736451688486,10634.553195542017,0.025009789906040258
changed,-8433.575007980526,5159.902223803748,0.025009789906040258
changed,-3715.726810014136,10050.469822031338,0.025009789906040258
changed,12888.677427302437,7639.67065833321,0.025009789906040258
changed,9776.807380160019,-5514.336432464183,0.025009789906040258
changed,10272.854015316252,-10595.217967777793,0.025009789906040258
changed,12213.214875853533,2238.2732536844755,0.025009789906040258
changed,5436.410051150315,9176.916435409132,0.025009789906040258
changed,12565.155855395144,342.5114634349474,0.025009789906040258
changed,-5577.732327150247,8373.633979383121,0.025009789906040258
changed,-12521.923794021777,1089.7017160586558,0.025009789906040258
changed,-2203.4032781710844,2076.22381863154,0.025009789906040258
changed,-2294.986935452098,-8496.42485477836,0.025009789906040258
changed,9709.43791564633,5887.463536280614,0.025009789906040258
changed,7646.014091790616,10242.30561615419,0.025009789906040258
changed,-5222.073863364645,670.3536804947846,0.025009789906040258
changed,-7588.795314404311,11143.576540410371,0.025009789906040258
changed,-11521.065747703891,906.8647241174405,0.025009789906040258
changed,3330.825353736028,-4888.745770751434,0.025009789906040258
changed,1331.0592284274173,13460.299060900461,0.025009789906040258
changed,-855.3123676829308,-6540.981807548639,0.025009789906040258
changed,7717.154051210823,9271.530049436982,0.025009789906040258
changed,-11627.239267784578,-1045.6393067597708,0.025009789906040258
changed,5492.907543743936,5951.523692020623,0.025009789906040258
changed,-3320.8225785173404,-9166.639317238101,0.025009789906040258
changed,11873.479430765283,7083.32375692472,0.025009789906040258
changed,-12314.846426984932,-1807.8234042662727,0.025009789906040258
changed,2948.2438368355124,14068.717362823058,0.025009789906040258
changed,9192.297493079986,4375.446031216591,0.025009789906040258
changed,-7852.0177117514195,-5924.05263297585,0.025009789906040258
changed,6611.695215710651,-4922.642292078116,0.025009789906040258
changed,9853.03332704785,-1680.2558110778348,0.025009789906040258
changed,9344.902645179014,-393.1543397044929,0.025009789906040258
changed,1991.9359886197476,10690.226945553937,0.025009789906040258
changed,-465.60727133365094,2470.8919485900155,0.025009789906040258
changed,34.58103595944142,-715.554362872794,0.025009789906040258
changed,5325.893236005581,-1020.2577009915108,0.025009789906040258
changed,-10219.782850998943,-33.770733709497776,0.025009789906040258
changed,301.99336452735895,-8437.69347740625,0.025009789906040258
changed,-8958.08216869614,6182.903695444332,0.025009789906040258
changed,-6834.129402097094,2201.9345544188054,0.025009789906040258
changed,-942.3557880690545,-4669.531481383437,0.025009789906040258
changed,-3069.551711858015,-6008.1426845093865,0.025009789906040258
changed,-4232.059036604557,14791.969217517299,0.025009789906040258
changed,-400.9608893729641,2264.361126620152,0.025009789906040258
changed,-13886.989707092174,417.3955903307719,0.025009789906040258
changed,1971.3688751167913,11719.484043231254,0.025009789906040258
changed,8077.247902513245,1288.1318461281382,0.025009789906040258
changed,1772.584413705264,-5230.506826796876,0.025009789906040258
changed,-13082.959573469883,2166.440679840676,0.025009789906040258
changed,7116.274623737379,11506.492873541496,0.025009789906040258
changed,-1090.4348686442909,-2837.3697848159127,0.025009789906040258
changed,4714.833713185879,-1535.5028139992226,0.025009789906040258
changed,12314.782305818677,-1074.7461773033533,0.025009789906040258
changed,7830.0925802605225,-12808.18437291692,0.025009789906040258
changed,9553.308088851192,8914.563248689055,0.025009789906040258
changed,6990.581938421454,-11522.73089788941,0.025009789906040258
changed,-14093.721128428488,-5465.682740142974,0.025009789906040258
changed,4572.289026676341,2450.0928316883446,0.025009789906040258
changed,12686.26566182402,-3958.1470447401225,0.025009789906040258
changed,-4959.83192054577,-11225.178543407488,0.025009789906040258
changed,-8547.55741863716,6388.153443209256,0.025009789906040258
changed,6863.567005720168,-5501.044865029946,0.025009789906040258
changed,1677.4666796827767,-12103.33822215609,0.025009789906040258
changed,385.12418570086385,14127.452410837626,0.025009789906040258
changed,9290.784864003537,2720.4231702275265,0.025009789906040258
changed,6051.756377026546,11363.21881211949,0.025009789906040258
changed,-5817.339631625945,-7133.284403272377,0.025009789906040258
changed,-5701.195103227579,6338.614821119471,0.025009789906040258
changed,-12918.781569833332,2982.041496504884,0.025009789906040258
changed,-8744.462622185583,-8005.98196257446,0.025009789906040258
changed,-12365.765448155093,3419.9816943691344,0.025009789906040258
changed,5975.179702645445,6450.436566024899,0.025009789906040258
changed,-2135.318591881369,1611.0518645501843,0.025009789906040258
changed,-7075.197768851954,2423.358821285582,0.025009789906040258
changed,10093.555186788844,-2774.624795240321,0.025009789906040258
changed,233.3836090218147,13766.482536515745,0.025009789906040258
changed,-14154.365976561994,-4978.1205174464485,0.025009789906040258
changed,10797.911297690316,4109.210732458458,0.025009789906040258
changed,-8049.244040463638,180.89438139185012,0.025009789906040258
changed,-2251.4472181148158,-1602.6609902682337,0.025009789906040258
changed,-5840.302625564281,3281.144148363502,0.025009789906040258
changed,1138.0842265546535,-8198.113448399547,0.025009789906040258
changed,-3343.4624263147193,7383.527195676088,0.025009789906040258
changed,-6748.950468153541,8070.67834944214,0.025009789906040258
changed,-7452.719592595574,-8041.899282238696,0.025009789906040258
changed,2210.742971489882,6154.861423792902,0.025009789906040258
changed,-4704.1981560176855,-1496.6744981309005,0.025009789906040258
changed,-8839.405259002891,9533.458060717314,0.025009789906040258
changed,-5981.867102281373,7364.472002999001,0.025009789906040258
changed,-9494.143747570011,10827.59339930356,0.025009789906040258
changed,3455.2903132997803,4870.84551190592,0.025009789906040258
changed,-10677.9289404702,4653.951987391104,0.025009789906040258
changed,7378.392272468343,12868.06622912956,0.025009789906040258
changed,-6230.499344581691,-9818.860420560959,0.025009789906040258
changed,5604.445493997585,5982.947009721407,0.025009789906040258
changed,10492.046511036473,2122.9289247527986,0.025009789906040258
changed,12653.943599997003,-8664.511329614932,0.025009789906040258
changed,-5386.938901725418,-9618.79832713769,0.025009789906040258
changed,-5645.9839958403145,-3953.5394896062494,0.025009789906040258
changed,9530.781892522493,-5224.8982165752905,0.025009789906040258
changed,1166.4411841060876,6389.561488455875,0.025009789906040258
changed,-1854.5173132511968,11667.41257065035,0.025009789906040258
changed,775.2785621634787,6655.457902569218,0.025009789906040258
changed,-225.1492038026157,7761.05410908351,0.025009789906040258
changed,-2101.543610393325,-8753.352403863268,0.025009789906040258
changed,-3716.7980629351728,-8054.24791362902,0.025009789906040258
changed,9554.172592647741,-4629.471518393934,0.025009789906040258
changed,-9741.498081172356,-1972.2043157719966,0.025009789906040258
changed,5087.897251634782,-3389.1300981266354,0.025009789906040258
changed,-14239.724193419395,3081.8458948613243,0.025009789906040258
changed,3944.271471875322,-6878.937764034198,0.025009789906040258
changed,-4651.95463941686,-9490.823715302022,0.025009789906040258
changed,7793.417276421305,-7486.641866522979,0.025009789906040258
changed,-7460.650170183985,3278.8716734192817,0.025009789906040258
changed,-7033.786408821957,597.3658844286583,0.025009789906040258
changed,-11712.70207042912,9516.369803035552,0.025009789906040258
changed,-3375.1438084848537,-11266.153383291234,0.025009789906040258
changed,-7133.474566717584,-988.9872413880167,0.025009789906040258
changed,-4383.789406101673,2297.4552244849347,0.025009789906040258
changed,1968.132834374753,-5037.95310656968,0.025009789906040258
changed,281.2704973033711,-11716.09082445918,0.025009789906040258
changed,12950.337297891361,-734.6513047715159,0.025009789906040258
changed,7641.502386583848,-8481.639174940547,0.025009789906040258
changed,4751.125252534689,-12498.55582746512,0.025009789906040258
changed,2737.8114085653883,8734.681038480907,0.025009789906040258
changed,-1951.3485501705893,-635.0075615964562,0.025009789906040258
changed,-9739.503502064257,-7336.417852849941,0.025009789906040258
changed,-7478.351035441083,504.60943233793296,0.025009789906040258
changed,913.0175100508567,-6464.816976843145,0.025009789906040258
changed,-8720.985351423455,9002.89362711043,0.025009789906040258
changed,-10977.85570767545,10727.408238911885,0.025009789906040258
changed,-2299.2639530171,-320.82430131746776,0.025009789906040258
changed,7450.101898868806,-1463.6064833120627,0.025009789906040258
changed,1644.806535215654,3832.637332638889,0.025009789906040258
changed,13329.395344836963,689.8343784673139,0.025009789906040258
changed,-11802.799831815808,-5368.88320717771,0.025009789906040258
changed,-4984.547479334683,-4295.021603921533,0.025009789906040258
changed,13711.045115674064,-3263.5424453054115,0.025009789906040258
changed,3271.9255731898434,-13897.156740777127,0.025009789906040258
changed,7530.964895483944,-1117.835102041386,0.025009789906040258
changed,9545.703936801825,3096.2700782610214,0.025009789906040258
changed,-13493.962832373858,1581.433969381763,0.025009789906040258
changed,5011.779236351938,10739.753415732244,0.025009789906040258
changed,7922.232896618591,-9695.436325467377,0.025009789906040258
changed,13595.850483430322,-5311.4190676136195,0.025009789906040258
changed,4695.338262461885,-6895.0554364184945,0.025009789906040258
changed,-5087.273089702964,9767.353400130296,0.025009789906040258
changed,-8926.23870122083,-1826.950063755383,0.025009789906040258
changed,13171.138407994615,5417.432693215652,0.025009789906040258
changed,6679.947731388975,-2433.6390517947775,0.025009789906040258
changed,5754.5795070379,9444.917331718094,0.025009789906040258
changed,9325.532552967925,-11813.799458723573,0.025009789906040258
changed,-4761.837766201143,-13598.810144289708,0.025009789906040258
changed,-12342.35591649085,-6779.307426475533,0.025009789906040258
changed,8199.908100749946,-458.7812722594559,0.025009789906040258
changed,2015.0216959148927,-14121.969399484791,0.025009789906040258
changed,12722.101568567407,-3081.754037875861,0.025009789906040258
changed,141.54660129165356,1867.4452198845233,0.025009789906040258
changed,-3746.581829621892,8846.626061634388,0.025009789906040258
changed,1321.260013848974,-4411.114227363121,0.025009789906040258
changed,4213.7163028769855,8470.47024872588,0.025009789906040258
changed,-11544.936228890241,9977.740620426168,0.025009789906040258
changed,9599.276838855923,-7446.782298844489,0.025009789906040258
changed,13247.89075162553,-4423.880966618221,0.025009789906040258
changed,-1403.6994643454257,9485.72576912604,0.025009789906040258
changed,2758.7268085106975,-7486.544197034483,0.025009789906040258
changed,14708.562305014222,-5391.451354928299,0.025009789906040258
changed,1759.0825789590206,10850.310638706951,0.025009789906040258
changed,-9158.387730873901,5119.529040109761,0.025009789906040258
changed,2135.283699233387,13044.801267609151,0.025009789906040258
changed,6657.987531675186,11025.711178538068,0.025009789906040258
changed,3568.14025149394,-14133.363140141519,0.025009789906040258
changed,4463.024274894818,-3387.6416850041055,0.025009789906040258
changed,5247.930230030956,2943.605875571798,0.025009789906040258
changed,15474.148945675064,1774.7472785917823,0.025009789906040258
changed,-13333.93442449054,-7209.00571807298,0.025009789906040258
changed,2120.452300335035,8082.465534831662,0.025009789906040258
changed,-15233.474872193005,1877.804372926562,0.025009789906040258
changed,8613.829998673278,12842.977771944043,0.025009789906040258
changed,6880.453178070351,4549.234337403342,0.025009789906040258
changed,-2375.0200204673497,-7098.764613145569,0.025009789906040258
changed,3797.735669439145,13934.485360413695,0.025009789906040258
changed,-1464.2446166273578,5574.443623410808,0.025009789906040258
changed,-2828.846386703493,-7503.847842750765,0.025009789906040258
changed,-8484.854493534362,-9131.145988414524,0.025009789906040258
changed,9279.62732798488,11077.918107550822,0.025009789906040258
changed,4164.961183436628,12260.535191115529,0.025009789906040258
changed,15558.287923927277,-1377.4939551186021,0.025009789906040258
changed,-9114.417467734942,-3228.34489507634,0.025009789906040258
changed,-13189.800559178228,3842.818311918073,0.025009789906040258
changed,6433.770024095903,-1568.6361557903365,0.025009789906040258
changed,1005.4374559493376,-13914.602255562791,0.025009789906040258
changed,-783.1132084162248,1635.792307012885,0.025009789906040258
changed,11525.207434435142,-4778.13418234546,0.025009789906040258
changed,4555.245652247248,-2945.7884676793997,0.025009789906040258
changed,-9798.826537987854,-7617.587947115034,0.025009789906040258
changed,-5283.396319345317,3924.4269169633203,0.025009789906040258
changed,79.39409813237955,11790.652488100128,0.025009789906040258
changed,14406.970494829035,-3359.278730883652,0.025009789906040258
changed,291.5559202185172,4593.568129402648,0.025009789906040258
changed,-6208.416708691149,-393.41496446249016,0.025009789906040258
changed,3273.511259657308,-7840.284361835536,0.025009789906040258
changed,5510.403594290065,-7249.242268857535,0.025009789906040258
changed,5312.037617408233,-4351.410071763261,0.025009789906040258
changed,-571.9220089526685,11540.953076836835,0.025009789906040258
changed,-328.056188706066,13408.94822869182,0.025009789906040258
changed,-1679.1850348494784,-13056.974676830812,0.025009789906040258
changed,804.5204370623119,-14589.204107112786,0.025009789906040258
changed,-6971.591101816049,4162.39511871347,0.025009789906040258
changed,-7579.858345713891,6718.945926854126,0.025009789906040258
changed,8597.858326809099,-12848.70952623357,0.025009789906040258
changed,-4726.535537970693,6096.592646665123,0.025009789906040258
changed,-6921.66609597638,-5127.848321576699,0.025009789906040258
changed,-9145.447943665948,2573.368042767477,0.025009789906040258
changed,4568.245436525626,7535.124124226023,0.025009789906040258
changed,-5344.9785769284435,8279.13122685836,0.025009789906040258
changed,-1676.642181140547,10892.152816635637,0.025009789906040258
changed,-10036.365746276804,-11196.21475563043,0.025009789906040258
changed,11430.33357888296,342.96424563024004,0.025009789906040258
changed,-2946.46615023591,-11438.25030724549,0.025009789906040258
changed,3291.6195749347953,-5793.093108215352,0.025009789906040258
changed,-2892.7270023682504,-5331.581394928896,0.025009789906040258
changed,3047.049226737325,2288.703289610339,0.025009789906040258
changed,-9428.269291781138,-243.43108901403397,0.025009789906040258
changed,-8843.889068173956,-3704.613991422356,0.025009789906040258
changed,1241.439329452149,5175.5843686167045,0.025009789906040258
changed,4677.748827801093,-6901.819860021084,0.025009789906040258
changed,2089.411443934214,-13384.041864201557,0.025009789906040258
changed,-14030.6085973339,4893.651059084626,0.025009789906040258
changed,-7469.628657971899,-5083.864712157215,0.025009789906040258
changed,-6746.930860024808,-8462.188502667723,0.025009789906040258
changed,4730.124358433624,-9518.710483791105,0.025009789906040258
changed,-10225.118881713119,-9024.44931352725,0.025009789906040258
changed,2170.9861120977116,-231.53921945923082,0.025009789906040258
changed,1074.415550918534,-9150.31177417297,0.025009789906040258
changed,2817.9874784410363,3343.894880145804,0.025009789906040258
changed,-6139.446634879025,11973.27532662279,0.025009789906040258
changed,5916.787363855431,-8070.387108605026,0.025009789906040258
changed,-12940.55411645761,-6495.198502465548,0.025009789906040258
changed,-2960.310158749696,-6339.870909565725,0.025009789906040258
changed,-1433.2504202010873,2992.8092305106516,0.025009789906040258
changed,8239.376682887605,-8553.8192173103,0.025009789906040258
changed,-13529.23422435342,-3786.280938120889,0.025009789906040258
changed,-2344.6556667328587,2279.8925437396706,0.025009789906040258
changed,13865.111483152898,6920.024175835316,0.025009789906040258
changed,-3489.2794482384525,13970.609556037849,0.025009789906040258
changed,-1615.4580696459639,9398.294196342582,0.025009789906040258
changed,-438.71235218433924,8705.704794953639,0.025009789906040258
changed,-12357.56219257272,8800.572375777527,0.025009789906040258
changed,12765.369075165405,4046.492620279175,0.025009789906040258
changed,3295.830019704521,-4338.197325367609,0.025009789906040258
changed,-3215.327364150472,6912.467371021415,0.025009789906040258
changed,-5388.152251888872,-11004.201629740528,0.025009789906040258
changed,-117.57817673823642,1940.8544482588115,0.025009789906040258
changed,13000.580362277642,-8331.941252075758,0.025009789906040258
changed,14393.757636487375,-2833.869309699033,0.025009789906040258
changed,15311.20295335992,2538.6502714367934,0.025009789906040258
changed,2320.103680150293,9173.10500676799,0.025009789906040258
changed,5435.602918375476,-12774.884658720175,0.025009789906040258
changed,-11199.612970745282,668.1748051040054,0.025009789906040258
changed,2292.392743231847,-12291.47307183559,0.025009789906040258
changed,-4010.70768076433,375.14527851895184,0.025009789906040258
changed,-895.9839609610717,-4827.753258290379,0.025009789906040258
changed,611.8794945677079,-6680.084499285421,0.025009789906040258
changed,91.60791486591849,9991.843162102832,0.025009789906040258
changed,5121.646403058517,1420.014365341949,0.025009789906040258
changed,-8262.379090698209,-7944.721790698773,0.025009789906040258
changed,4785.629536968767,3148.6237587078917,0.025009789906040258
changed,2335.4478720522598,1216.2219387296675,0.025009789906040258
changed,-12030.736601086606,1861.8652314851831,0.025009789906040258
changed,-4383.146839225521,-8225.49739604944,0.025009789906040258
changed,8014.990633711644,1580.2727910149702,0.025009789906040258
changed,8499.492420903149,-9415.291091601497,0.025009789906040258
changed,8589.639614151107,-5406.7221405012515,0.025009789906040258
changed,-2049.3282738205885,3433.1643952822405,0.025009789906040258
changed,1174.0849495187115,-4153.503615162812,0.025009789906040258
changed,-4857.600756286433,4399.930608858405,0.025009789906040258
changed,-3779.2096967233456,-10332.527989297014,0.025009789906040258
changed,7990.169971183685,-11146.885982251497,0.025009789906040258
changed,7214.891248626682,3028.673251023129,0.025009789906040258
changed,-2765.5337085402075,-15360.95565243506,0.025009789906040258
changed,10759.066795934696,-9715.22211093251,0.025009789906040258
changed,4630.569436196947,-7127.687193753395,0.025009789906040258
changed,-11557.366306110202,220.48539483193798,0.025009789906040258
changed,-2397.3984597165877,12737.257475625875,0.025009789906040258
changed,8982.211380218214,-9904.271001820953,0.025009789906040258
changed,-8268.83162996555,1189.5338683626806,0.025009789906040258
changed,4347.537454063084,-6597.619815009558,0.025009789906040258
changed,-9332.520513275316,-9351.016070505757,0.025009789906040258
changed,9384.762078639535,-2239.3647100423236,0.025009789906040258
changed,4288.392015550042,2592.680573280937,0.025009789906040258
changed,-2323.3498723383373,-2281.967689638009,0.025009789906040258
changed,-936.6442153751428,-8643.17798733999,0.025009789906040258
changed,6194.559916992088,-7341.134482280076,0.025009789906040258
changed,13347.219636653701,3418.7938990226103,0.025009789906040258
changed,-14010.690123018638,5467.6304777687155,0.025009789906040258
changed,-127.44975496997132,1581.4341733039755,0.025009789906040258
changed,-14523.13713831504,4744.076953625943,0.025009789906040258
changed,-4470.56944379614,11838.581764619326,0.025009789906040258
changed,9028.350062245177,4821.370178672958,0.025009789906040258
changed,12571.9252121041,9073.176981002794,0.025009789906040258
changed,8645.03059149197,-5804.84804097231,0.025009789906040258
changed,-1617.5036580015565,-14408.627863838952,0.025009789906040258
changed,1271.8692009072222,-9963.033872614269,0.025009789906040258
changed,-10094.690240634525,2840.4396573475383,0.025009789906040258
changed,-6847.112616835066,12182.622106029661,0.025009789906040258
changed,8036.270279497553,-5059.543869643967,0.025009789906040258
changed,-12939.835670234206,8208.195012746777,0.025009789906040258
changed,3294.4022927261008,-5090.958639890452,0.025009789906040258
changed,7734.360126974988,11023.847176650115,0.025009789906040258
changed,11717.270821588638,-4337.552963401158,0.025009789906040258
changed,2197.7648327839497,-297.124986483876,0.025009789906040258
changed,456.6863159697956,5606.298761220153,0.025009789906040258
changed,-3892.2483931176866,-9546.297628263923,0.025009789906040258
changed,-13168.831614816017,-729.9291231842026,0.025009789906040258
changed,6856.296588847184,-10128.291947472611,0.025009789906040258
changed,2103.091998095724,4184.410673580608,0.025009789906040258
changed,9716.416718955794,-484.89302791537796,0.025009789906040258
changed,4631.002285819758,14648.587032807192,0.025009789906040258
changed,-9420.90246819976,-2021.7396837661213,0.025009789906040258
changed,189.86481880706754,-7283.904137507512,0.025009789906040258
changed,-10337.875145285441,-3071.7054163623134,0.025009789906040258
changed,-7329.306226192816,-2777.0909947231744,0.025009789906040258
changed,-1822.4465568175638,-6312.081077331221,0.025009789906040258
changed,-1190.3795723662788,-2947.499628163818,0.025009789906040258
changed,-5391.909045648507,-10078.807351258156,0.025009789906040258
changed,-11842.895827502138,6784.224315113442,0.025009789906040258
changed,-2936.5579805662956,-163.10290247231683,0.025009789906040258
changed,3537.1728586750028,6201.550464298656,0.025009789906040258
changed,119.72578460233096,1090.2488332244504,0.025009789906040258
changed,13857.336045152773,-558.99847538382,0.025009789906040258
changed,2512.429456706439,2210.8243418796364,0.025009789906040258
changed,-13478.727872626767,4150.264489305833,0.025009789906040258
changed,-339.5984647734327,5227.378514431614,0.025009789906040258
changed,5883.231024409636,-14319.035073002973,0.025009789906040258
changed,-6700.308717703823,11.32843430928844,0.025009789906040258
changed,-2606.85745332761,-10590.609759115132,0.025009789906040258
changed,9850.025024562508,5423.500306415086,0.025009789906040258
changed,-373.6378519690273,4403.086199049334,0.025009789906040258
changed,-5656.565545237018,2926.5509792144044,0.025009789906040258
changed,-6761.77180721243,12820.727177126733,0.025009789906040258
changed,9755.264920045585,-6597.509468824036,0.025009789906040258
changed,-10711.077560596355,-7156.3057284776405,0.025009789906040258
changed,-5843.526019837558,-11968.729681941348,0.025009789906040258
changed,-4232.034057410732,11556.868005752896,0.025009789906040258
changed,-611.3664080627465,2745.4322087867026,0.025009789906040258
changed,-1371.9242010422015,-4027.184193875321,0.025009789906040258
changed,8377.501493960832,-9014.782506950703,0.025009789906040258
changed,4.76779860692525,1395.018174991492,0.025009789906040258
changed,-14462.847373014005,-794.2376653862765,0.025009789906040258
changed,9917.382813160852,-69.41256610686007,0.025009789906040258
changed,7775.5558238589765,-2650.52136612659,0.025009789906040258
changed,-8887.686540500144,7470.202379943281,0.025009789906040258
changed,8061.99826200466,-6145.473663133948,0.025009789906040258
changed,10553.805661974675,1246.4353013751934,0.025009789906040258
changed,12586.311215212869,-57.472401786342594,0.025009789906040258
changed,-3065.2362193329063,434.6243936052546,0.025009789906040258
changed,-9797.922078529415,4868.519720721388,0.025009789906040258
changed,-7159.613041327222,1255.7628386644099,0.025009789906040258
changed,-44.978700926395526,5720.515195010102,0.025009789906040258
changed,2966.0675933506686,-9182.151361846913,0.025009789906040258
changed,6573.757632893202,-13007.012928556273,0.025009789906040258
changed,1339.0161760011347,10800.050925579619,0.025009789906040258
changed,-14953.693198545498,2859.068491319839,0.025009789906040258
changed,4873.5902091689495,90.09750678185048,0.025009789906040258
changed,5766.412644633018,14034.04741060904,0.025009789906040258
changed,5537.617618891883,12032.965516629523,0.025009789906040258
changed,1406.909014726793,9242.671762789534,0.025009789906040258
changed,-1.3547111989362375,-961.4327622229907,0.025009789906040258
changed,-11699.040607300365,-444.8589862456326,0.025009789906040258
changed,-3896.999572988552,-14892.787039750665,0.025009789906040258
changed,-7527.476331918908,-8962.86053323997,0.025009789906040258
changed,-2269.2720085593587,3882.3801669757854,0.025009789906040258
changed,2826.018903521582,-13640.68821800607,0.025009789906040258
changed,7465.932464068854,11199.837663928569,0.025009789906040258
changed,103.31288226963245,-15355.778261105179,0.025009789906040258
changed,-5683.816459601193,-6313.467224013102,0.025009789906040258
changed,-5850.795044981143,-1112.2198714897384,0.025009789906040258
changed,2512.7664724151123,-2347.2848725732406,0.025009789906040258
changed,10153.566186570766,11752.645582580435,0.025009789906040258
changed,6918.0222450743795,8764.588227661185,0.025009789906040258
changed,-11514.034747168329,-7757.523202118143,0.025009789906040258
changed,963.557062744819,-9560.636991347516,0.025009789906040258
changed,4977.434196066394,6222.244902205965,0.025009789906040258
changed,2694.3225216684077,-2513.034084770382,0.025009789906040258
changed,14864.943415187465,1761.739257316542,0.025009789906040258
changed,10588.521771726928,2559.5431449826906,0.025009789906040258
changed,-10774.44486034867,-5241.05281138204,0.025009789906040258
changed,-5415.764228515801,943.4798345446254,0.025009789906040258
changed,15475.865844873875,175.33210503922814,0.025009789906040258
changed,-5686.883930806235,-2394.890975378871,0.025009789906040258
changed,-4397.614473105765,1125.5043801676197,0.025009789906040258
changed,-951.6363850435247,8834.960845140295,0.025009789906040258
changed,-977.5718234399874,-9261.997571878233,0.025009789906040258
changed,-10098.08653126459,7696.703524531835,0.025009789906040258
changed,-8050.149161394732,3488.500343427681,0.025009789906040258
changed,10295.67346808275,-7987.934368300309,0.025009789906040258
changed,-4932.364486186774,-3213.8956051695473,0.025009789906040258
changed,7245.379795879753,-10236.729898350839,0.025009789906040258
changed,10624.03337906343,7574.264425981249,0.025009789906040258
changed,-10921.730584552197,-8341.815505337912,0.025009789906040258
changed,-277.94152867093834,2816.002727738798,0.025009789906040258
changed,-4867.63021934205,-8038.487823379292,0.025009789906040258
changed,-9440.451466076245,8317.867606569329,0.025009789906040258
changed,3137.145372230815,9067.503410983669,0.025009789906040258
changed,-9411.044530462537,-7053.377731884247,0.025009789906040258
changed,9395.511984124421,-11932.996216062642,0.025009789906040258
changed,5036.682756827954,-13962.571218764375,0.025009789906040258
changed,-4775.598430615307,-1388.3757386319855,0.025009789906040258
changed,1821.017319599111,-5584.892955552255,0.025009789906040258
changed,758.7080722670283,-14956.041430659816,0.025009789906040258
changed,-12825.925306944759,2950.5313249164615,0.025009789906040258
changed,-3161.8744632378402,-12223.632253574757,0.025009789906040258
changed,-3551.578131931127,-3576.4217711665156,0.025009789906040258
changed,-9830.192196847382,-11628.638932835778,0.025009789906040258
changed,10825.6046187773,4254.785140662854,0.025009789906040258
changed,-11448.839885847268,299.6711589355333,0.025009789906040258
changed,2691.1035535168216,7242.955465942281,0.025009789906040258
changed,-3649.814220799957,12379.622928937628,0.025009789906040258
changed,5233.357988993998,-10364.694678438645,0.025009789906040258
changed,-11463.03135923748,-9343.159686930057,0.025009789906040258
changed,2338.076152255514,1703.2664732947185,0.025009789906040258
changed,-11493.190661890967,3178.4714643980365,0.025009789906040258
changed,-2938.363655026027,-366.9121861788466,0.025009789906040258
changed,-9912.354553257392,-5229.694943127249,0.025009789906040258
changed,-3340.9310554329218,-12805.97981875281,0.025009789906040258
changed,-8988.919141962588,-2361.442125278501,0.025009789906040258
changed,-10277.962989895745,8568.110462865598,0.025009789906040258
changed,7346.132456519112,5529.40778253025,0.025009789906040258
changed,2307.2696748411336,3412.4639040446496,0.025009789906040258
changed,-3677.0543425919623,14716.605482318178,0.025009789906040258
changed,-9680.604380544682,11944.795063475844,0.025009789906040258
changed,-6563.189200143032,-9781.029686452946,0.025009789906040258
changed,1875.3662171521803,4264.757775309825,0.025009789906040258
changed,-3809.9934625655474,-297.20602327915014,0.025009789906040258
changed,9159.781076494904,-1837.232423325396,0.025009789906040258
changed,-11506.34804232769,6923.057065611083,0.025009789906040258
changed,102.08734520489895,-8136.63143253357,0.025009789906040258
changed,-5614.665930376677,-10274.859368005373,0.025009789906040258
changed,-7155.061602890416,-3510.160544298479,0.025009789906040258
changed,1578.495408931463,10659.291680715278,0.025009789906040258
changed,-1875.017793253658,10866.169596302989,0.025009789906040258
changed,1027.99227066836,-3151.376973273223,0.025009789906040258
changed,1505.4771445632334,-6104.278935675388,0.025009789906040258
changed,5678.020719074479,-1155.917766867908,0.025009789906040258
changed,-561.3570529275299,9675.562169275841,0.025009789906040258
