x_image_mm,y_image_mm,relative_ray_power
-0.002793822141125446,0.0007978663077032877,0.025009789906040258
-0.0020395028614945687,0.0014512455427748705,0.025009789906040258
0.004642709865414929,-0.001416914495088406,0.025009789906040258
0.0001283151483961742,-0.004229109798593811,0.025009789906040258
-0.002876948149069136,0.0016238079047283804,0.025009789906040258
0.0004119507237638764,0.004668907938025768,0.025009789906040258
0.0016891729006403011,0.002503978692683262,0.025009789906040258
-0.0023133858721529066,-0.0005826179726247105,0.025009789906040258
0.0025728047911925955,0.0009323983269569069,0.025009789906040258
-0.0017190598604379659,0.0025107106743114116,0.025009789906040258
-0.0038054287149975607,-0.0030415141470712115,0.025009789906040258
0.001060217029091426,-0.0008817310511775034,0.025009789906040258
0.0034472081395904297,0.0026374975485552454,0.025009789906040258
-0.0033209091560308934,-0.0012791354561194623,0.025009789906040258
-0.00389404498167778,0.0014841719333400505,0.025009789906040258
-0.0004858828010956273,-0.0029833052330943133,0.025009789906040258
-0.0012296641920475082,-0.0046914989219573044,0.025009789906040258
-0.0025790253033228794,-0.002742538287638041,0.025009789906040258
-0.0010952280615210697,0.0003277318743251101,0.025009789906040258
0.0033208194176062023,-0.001864630706094772,0.025009789906040258
-5.756323283701015e-05,-0.004527818638159431,0.025009789906040258
-0.0037304876579611346,0.003333874869422715,0.025009789906040258
-0.004376604607571721,0.0007519806062701306,0.025009789906040258
0.004727288669890584,-0.001018320967071773,0.025009789906040258
-0.004220984599484723,-0.0013402784278788715,0.025009789906040258
0.0040695172960028,0.0014164635538733705,0.025009789906040258
-0.0015253983041922936,-0.004493593939969287,0.025009789906040258
-0.003198070708226197,0.003055818077239536,0.025009789906040258
-0.001542498697661543,-0.0024268929809032613,0.025009789906040258
0.004399585956392116,1.4308180947331106e-05,0.025009789906040258
-0.0018617296476328704,-0.0036227295466453313,0.025009789906040258
-0.0026270575013285224,0.0013054846932938347,0.025009789906040258
-0.003425321549993754,-0.002065578782552535,0.025009789906040258
0.0015612850351427454,-0.0043906748454318745,0.025009789906040258
-0.00038698471556442016,-0.00015933661590938897,0.025009789906040258
-0.003782340246083038,-0.0010333239840587538,0.025009789906040258
0.0050054032000801385,-0.0001971651383372297,0.025009789906040258
0.003711024145033548,0.003127225709196324,0.025009789906040258
-0.0027706640428455387,-0.0012440015474428634,0.025009789906040258
-0.002003088216989468,0.001531706146513656,0.025009789906040258
0.002419459589944495,-0.0004862270678240854,0.025009789906040258
-0.0020502175261594147,0.0021780156409576534,0.025009789906040258
-0.004120790537641028,-0.000739454360684455,0.025009789906040258
-0.0010973802705116498,0.003254633763827286,0.025009789906040258
0.005012175046729794,7.995460207477212e-05,0.025009789906040258
0.004320261385444724,0.0017602864650463346,0.025009789906040258
-0.00045073381065208196,0.0012537743633185272,0.025009789906040258
-0.002627855247489208,-0.0027858242706493286,0.025009789906040258
-0.003928663506037822,0.00026062800333059855,0.025009789906040258
0.003419543023809979,-0.0011180008240732064,0.025009789906040258
0.00414404811594693,0.0001384495954028786,0.025009789906040258
0.002000251946753906,0.0008681061907980236,0.025009789906040258
-0.0035209924001939896,0.0034280854193298183,0.025009789906040258
-0.0036452994332769606,-0.0027640400256352393,0.025009789906040258
0.003175819297442928,0.0005543173086604014,0.025009789906040258
-0.0007314546767602792,0.0013090373158313184,0.025009789906040258
-0.0028960513902873686,-0.001993593888137468,0.025009789906040258
0.0016543428771722546,-0.003344667182862082,0.025009789906040258
-0.0015853424848479847,-0.0046019344292318465,0.025009789906040258
-0.0008126896385620697,-0.0017702781740904783,0.025009789906040258
0.003680803478474104,-0.000251579150394754,0.025009789906040258
-0.004337279161610752,0.00037084607778714584,0.025009789906040258
-0.0026068000058607765,0.003800355338448469,0.025009789906040258
-0.002484390325300012,0.0026825726685046902,0.025009789906040258
-0.0033227462548275355,-0.0026420206172161897,0.025009789906040258
0.00026851596224730656,-0.0008832883459097829,0.025009789906040258
-0.0029308517925379363,-0.001545119233918868,0.025009789906040258
-0.004456131812169417,0.0003499640277002669,0.025009789906040258
0.003209189832102055,0.00014601788142165617,0.025009789906040258
-0.0037765406116321287,-0.0030248278987734523,0.025009789906040258
0.0007894139202475614,-0.004843184467276274,0.025009789906040258
0.003368668417671472,0.003191254717947345,0.025009789906040258
-0.0014294391743661095,-0.0038431102083400503,0.025009789906040258
-0.00015173685104863388,-0.00311483572357929,0.025009789906040258
0.0012951265180998206,-0.0037626071701488684,0.025009789906040258
0.0035853296290397907,0.00013274369078719594,0.025009789906040258
-0.001546774313856858,-0.0011008122434894574,0.025009789906040258
-0.0001284314459133462,-0.0012950185619402532,0.025009789906040258
0.0032163995923895072,0.003767148885273741,0.025009789906040258
-0.0013420940830322081,-0.004639060454138644,0.025009789906040258
0.0007293930766492096,0.003097950144670847,0.025009789906040258
0.0013440713726602382,0.0024246454099845494,0.025009789906040258
0.002663938750831818,0.0012160876792588482,0.025009789906040258
0.0026128465326173966,-0.001877746652059642,0.025009789906040258
0.0030596982388289007,-0.003321105924278811,0.025009789906040258
0.002038148305295806,-0.0002408968159126612,0.025009789906040258
0.0013526540153225852,-0.003171306499773152,0.025009789906040258
0.0010220579186714929,-0.004513110888552774,0.025009789906040258
0.0025839800032514404,0.0029431723420003664,0.025009789906040258
0.0006394914720271316,-0.0021694866046040318,0.025009789906040258
0.0001260017418511783,0.003598635846230991,0.025009789906040258
-0.004269852883950875,-0.002316060766172967,0.025009789906040258
0.00026940242557049743,0.003493176906211204,0.025009789906040258
-0.0012937116492270917,0.00020089942232814906,0.025009789906040258
0.002030090902962911,-0.00337510207983982,0.025009789906040258
0.0007290198737113229,0.001462332280588896,0.025009789906040258
-0.0003661161543595526,-0.004626540796628831,0.025009789906040258
-0.0035532998925233983,-0.002418173444077354,0.025009789906040258
0.004618297678767647,-0.0019423945676066978,0.025009789906040258
0.0031169089080265167,-0.0010377682015239031,0.025009789906040258
-0.0011278376647503308,0.003342670912552137,0.025009789906040258
0.004816784221361559,0.001316230389981854,0.025009789906040258
-0.00041403916659898954,-0.003862229362550096,0.025009789906040258
0.004125424678584011,-0.002357467490547549,0.025009789906040258
-0.0022792998369460804,-0.0022404490483651784,0.025009789906040258
-0.0006650212802066235,0.0008164427825052556,0.025009789906040258
-0.0026607346464686543,0.0010172528367631273,0.025009789906040258
-0.0021508830776326704,-0.003915613723734168,0.025009789906040258
-0.002963632285641893,0.003624769225375246,0.025009789906040258
0.002335404976388844,0.0020783319166177705,0.025009789906040258
-0.002224114499654206,-0.003629043513665664,0.025009789906040258
0.001348059061182738,0.0037676499584655687,0.025009789906040258
0.00011835897061174272,0.004679255050518805,0.025009789906040258
-0.002051222464292124,0.0036712318360017093,0.025009789906040258
0.002207080480769008,-0.0031547401985569934,0.025009789906040258
-0.0028098983654238907,-0.0014033005222877648,0.025009789906040258
0.0033643629471278302,-0.002168417704332626,0.025009789906040258
-0.0008646067523727652,-0.004425580825646591,0.025009789906040258
-0.003801288255090185,-0.0017491802147606705,0.025009789906040258
-0.002151873810706917,-0.0025226161423681503,0.025009789906040258
-0.0019179578865902158,0.0007801714007360516,0.025009789906040258
-0.004462110654330331,0.00045892462557617364,0.025009789906040258
-0.0021177936379856988,0.0005103372991714927,0.025009789906040258
-0.0011903393908028193,0.003600392202027791,0.025009789906040258
-0.002183454270447527,0.003483498862959067,0.025009789906040258
-0.0037137424563269406,6.443885896378898e-05,0.025009789906040258
0.0031601045828644203,-0.00018016683778498965,0.025009789906040258
-0.0030923469744905674,-0.0031786629008507816,0.025009789906040258
-0.0001666845527332761,-0.003639024123280876,0.025009789906040258
0.0008369980374869357,0.0012261811730649441,0.025009789906040258
0.0037453287298632176,-0.0010850328009883725,0.025009789906040258
-0.0037244530259847863,-0.001960979005026786,0.025009789906040258
0.0009815112973168283,0.002538646884278961,0.025009789906040258
0.00037158968959305483,-0.0033381140377031215,0.025009789906040258
-0.004273928627888779,-0.0003900083967356416,0.025009789906040258
-0.00233020393753236,-0.002094729304854326,0.025009789906040258
0.004465223095721171,0.0002530037747914271,0.025009789906040258
4.748080933453247e-05,0.0015654389322694584,0.025009789906040258
0.0031314391322965207,0.0005113412016379826,0.025009789906040258
-0.003521960050839823,-0.0017987468177214083,0.025009789906040258
0.002942414170593821,0.0025852707295968003,0.025009789906040258
-0.003695917166950835,-0.003223104470517768,0.025009789906040258
0.0020973258508085735,-0.0031070942254238787,0.025009789906040258
-0.00404413131604997,0.0020063776465839567,0.025009789906040258
-0.0046217895345535,0.0016572022021907884,0.025009789906040258
0.0011271184041063975,-0.0011745910377936042,0.025009789906040258
-0.0042962366372734095,-0.0010883169902804468,0.025009789906040258
-0.0033104524524887324,-0.0037157550977795495,0.025009789906040258
-0.004420073491473886,0.002091208216004503,0.025009789906040258
7.386691893229713e-05,-8.063909708155848e-05,0.025009789906040258
-0.001028131169219293,0.0036838435286234983,0.025009789906040258
0.00427258316946677,0.0003721273468899611,0.025009789906040258
0.001391287511333772,-0.004465098860549688,0.025009789906040258
-0.004821610569926804,-0.0004264943460303705,0.025009789906040258
-0.0014616858692289014,0.0013312025056748666,0.025009789906040258
0.004740293816098529,-0.00041688130333250584,0.025009789906040258
0.003212733131832124,0.0006707203023301744,0.025009789906040258
0.004485461111450206,-0.0009884977445544507,0.025009789906040258
0.0015959146903075094,0.00111727759321667,0.025009789906040258
-0.0003124687063982279,0.004113993330186361,0.025009789906040258
-0.004353075419615493,0.0023512054571916963,0.025009789906040258
0.00391133153144807,-0.00284482823689558,0.025009789906040258
6.6501229392113e-05,-0.004018041444858511,0.025009789906040258
-0.0034499280807871457,0.00040993169572045574,0.025009789906040258
0.002078417214203654,0.004456422023274342,0.025009789906040258
-0.0016965670098567642,-0.0040622387794257975,0.025009789906040258
-0.00037054775828426756,0.004354690000475614,0.025009789906040258
-0.004033042717090041,-0.0007715095156886065,0.025009789906040258
-0.004960543997022171,6.0348545814270516e-05,0.025009789906040258
-0.002020786531186758,-0.0017336259200479986,0.025009789906040258
0.00148359867987935,0.0014036886870218979,0.025009789906040258
0.0034928487997945012,-0.00041428393937881225,0.025009789906040258
0.003237575733326281,0.002136719508449403,0.025009789906040258
0.002330891793761225,-0.0017490357107003973,0.025009789906040258
-0.0036419146588997364,-0.002604254255434313,0.025009789906040258
0.0037443953493578874,-0.0024804369975939267,0.025009789906040258
-0.0010714261307933626,0.0007885584519708999,0.025009789906040258
-0.00021125195374605,-0.002547378189028393,0.025009789906040258
-0.003578097357824106,0.003117161121210188,0.025009789906040258
-0.003550586837974379,0.003047701454462981,0.025009789906040258
0.00021953999076274044,-0.0008203233663062193,0.025009789906040258
-0.0043397941506455595,-0.0012751293159301014,0.025009789906040258
-0.0011011082744563083,0.001664685284312739,0.025009789906040258
-0.0027575744309800143,0.0032359443676455157,0.025009789906040258
-0.0013662876034690186,-0.0017056205500338706,0.025009789906040258
-0.0023696634390368843,0.003041589114346266,0.025009789906040258
-0.0024698582578821515,0.0040954543300486534,0.025009789906040258
0.001176434954308192,-0.0025594843777589915,0.025009789906040258
-0.00027945662731676535,-0.004832896473224935,0.025009789906040258
0.00027286961860450987,0.002213723004427237,0.025009789906040258
0.0002385555556263519,0.003035150797039421,0.025009789906040258
-0.0022546331427051314,0.0024605639034938065,0.025009789906040258
0.0012284328174381187,-0.0007962437719850612,0.025009789906040258
2.8941177791334816e-06,-0.0003559703404198977,0.025009789906040258
-0.0016618680451827572,-0.0014954419225734483,0.025009789906040258
-0.0033514886313845693,-0.002691033835557022,0.025009789906040258
-5.190727695375541e-05,0.0036871167390266635,0.025009789906040258
0.004303185860003111,-0.0008660509298570318,0.025009789906040258
0.0016788214689142933,0.0038095093015790837,0.025009789906040258
-0.001967295647251177,-0.00445421360640097,0.025009789906040258
-0.0038379597137989663,0.002006353891008672,0.025009789906040258
0.001615392428913509,0.004698576565111523,0.025009789906040258
0.0008438764671980792,0.00027099000900010495,0.025009789906040258
-0.003670772177407855,-0.00145636790747794,0.025009789906040258
-0.0004166046213476271,-0.001597566772474579,0.025009789906040258
0.003461171079280234,0.001999080098848083,0.025009789906040258
0.0004995107669953924,-0.004405218361931418,0.025009789906040258
-0.0002533123071510879,-0.004331049346710358,0.025009789906040258
0.004590031020256902,0.0003694533111961995,0.025009789906040258
0.000990895333123909,-0.003021302069562637,0.025009789906040258
0.004593101891529727,0.00177189863333993,0.025009789906040258
0.002146084160585815,0.0012815333530422635,0.025009789906040258
-0.001384174443408881,-0.003267182462664664,0.025009789906040258
0.002906973401969992,-0.0021056858225350084,0.025009789906040258
0.003992879047949316,0.0014698811909088505,0.025009789906040258
-0.0037622339834832985,-0.000574631268499104,0.025009789906040258
0.002936676414545758,-0.0035416337043905344,0.025009789906040258
0.004499476076830433,-0.0006401275052887456,0.025009789906040258
-0.0003484145342760314,-0.0003851506177725561,0.025009789906040258
0.004995121104322209,-0.00039644643988356876,0.025009789906040258
0.0026584240185059116,0.0002419388628960295,0.025009789906040258
0.0030261813909362445,0.0009069472928660005,0.025009789906040258
-0.004937156122409192,0.0006408614906705523,0.025009789906040258
0.001014016392229422,-0.0033451840464842064,0.025009789906040258
0.00350486224090929,-0.002164191919920455,0.025009789906040258
-0.0038795910083067042,-0.0016312324099896358,0.025009789906040258
-0.00040788150008452817,-0.004596609187530021,0.025009789906040258
0.004335675894942881,-0.000919973829452303,0.025009789906040258
-0.0010581508476006363,0.0015619242416757828,0.025009789906040258
0.00021274202009391452,-0.004599332042566573,0.025009789906040258
-0.0038217240620923576,-7.199538637647773e-05,0.025009789906040258
0.0003324463105380815,0.004751087083441519,0.025009789906040258
0.0002424756585281962,-0.001247485195760234,0.025009789906040258
-0.0018304758071394645,-0.0037659365194997463,0.025009789906040258
-0.0004709912652982595,0.0014923196849174758,0.025009789906040258
0.0029057040737718864,0.0008912201825550525,0.025009789906040258
-0.001718280415387241,0.0036002564207109344,0.025009789906040258
0.0007779097280460334,-0.0016503306327688705,0.025009789906040258
-0.0013006030039779404,-0.0030091391936934997,0.025009789906040258
0.0009110040910194073,-0.003674112486745429,0.025009789906040258
0.0019413980240621243,-0.0027870400172531617,0.025009789906040258
0.002413156157487606,0.0017471708473930647,0.025009789906040258
-0.0031927504534401407,-0.0003596413018240874,0.025009789906040258
-0.003279913423945402,-0.00035681740662774075,0.025009789906040258
-0.0009683050510354008,0.000505171863481646,0.025009789906040258
0.00022050019291852685,0.0038474724338009025,0.025009789906040258
0.0028846353855840334,0.003295373082501385,0.025009789906040258
-0.0019645205336900062,0.0037312097351680507,0.025009789906040258
0.0037705842251902766,0.0021333354452082176,0.025009789906040258
-0.00214337267265563,0.0027946432358731954,0.025009789906040258
0.0015531402084381085,-0.004532473064834619,0.025009789906040258
-0.0005654374933605766,-0.0032395348868803353,0.025009789906040258
-0.0017559456432039156,0.004687509009045243,0.025009789906040258
0.0048638431335490395,-0.0005750844442511394,0.025009789906040258
0.002174702097985204,-0.0037676354756399633,0.025009789906040258
-0.004200996152370351,0.002341110922543521,0.025009789906040258
0.003536249683413928,-0.0034311364815806655,0.025009789906040258
0.004725241377173006,-0.0011133590120611103,0.025009789906040258
0.002303546247457433,-0.00353289237125054,0.025009789906040258
0.0005043275196690011,-0.0020618370738194614,0.025009789906040258
0.0035668394657761837,-0.0029239793654376456,0.025009789906040258
-0.004768301587510848,-4.2071371649243794e-05,0.025009789906040258
-0.0009283174875722722,-0.002480305847289088,0.025009789906040258
0.001431522869532742,-0.004493550219883957,0.025009789906040258
0.002552903463563183,0.0006012715965058035,0.025009789906040258
-0.0006438739929395254,-0.0024803419428636175,0.025009789906040258
0.0018818508047253601,-0.0005400250761216085,0.025009789906040258
-0.0029522543536089074,0.001518436983603877,0.025009789906040258
-0.004633877360255667,0.001037138362642409,0.025009789906040258
-0.0013035927796334335,-0.0033844673249454615,0.025009789906040258
-0.004724432122458211,0.00011894884531393757,0.025009789906040258
0.0031436955919765808,0.0005336978754435506,0.025009789906040258
0.004879853153134661,0.0009594761193394419,0.025009789906040258
0.0031723757430768273,0.001875057165706906,0.025009789906040258
-0.0037286793598205747,0.002361484294286953,0.025009789906040258
-0.0012412793918965548,-0.001230908037671341,0.025009789906040258
0.0016951872170327675,0.003970806384963055,0.025009789906040258
-0.00029352558319839517,0.004587204290345426,0.025009789906040258
0.0033398711168395323,0.0015540115637460161,0.025009789906040258
-0.0034298975187496694,0.0010071120050376692,0.025009789906040258
-0.0014953088985674157,0.0045711749165988635,0.025009789906040258
-0.001549787900938071,-0.002997064831053109,0.025009789906040258
-0.0023635631093128495,-0.003703123600605096,0.025009789906040258
-0.00044075664755904853,-0.0030296297326195543,0.025009789906040258
-0.0024758515801721614,-0.003754636862495886,0.025009789906040258
0.003264859855850233,0.0032519933944641366,0.025009789906040258
0.004783444916327539,-0.0005324748436246196,0.025009789906040258
-0.0016159665876980256,-0.0023928756220570335,0.025009789906040258
0.0033340638819154833,0.001240136417257176,0.025009789906040258
0.0030064766362798423,-1.7302416960351952e-05,0.025009789906040258
0.0041299561669845275,0.0004927898479198944,0.025009789906040258
0.0008082948394250167,2.3250385960647824e-06,0.025009789906040258
-0.0012124406773565966,-0.003403490679772858,0.025009789906040258
0.0023667943388119284,-0.0012765956207001494,0.025009789906040258
-0.0019940840189178743,-0.003499613327939244,0.025009789906040258
0.004261742320743167,0.002011639532586429,0.025009789906040258
-0.000929825801240014,0.003493412636409232,0.025009789906040258
0.003895028854344673,-0.002918962671120795,0.025009789906040258
0.0019341349120267637,0.004112239516985028,0.025009789906040258
0.0016967615367651234,-0.001439499334860983,0.025009789906040258
0.0005742580531649111,0.004946064801330863,0.025009789906040258
0.003739743495426495,-0.0019202507766351573,0.025009789906040258
-0.002367815358940817,-0.0030124128822386353,0.025009789906040258
0.0033772176454114344,-0.000952081247087122,0.025009789906040258
0.0017646043126138267,0.0006426996066748458,0.025009789906040258
0.004984581398502996,0.00037439603261191223,0.025009789906040258
0.0021131593703493934,0.003155372850649485,0.025009789906040258
0.0030361339840005996,-0.00033479309676875957,0.025009789906040258
0.0021860011607941487,-0.0038387744374901445,0.025009789906040258
0.0015452519226446526,-0.003757786404300134,0.025009789906040258
0.001971798329588381,-0.0032972869531775473,0.025009789906040258
-0.003927587986254366,0.00010521661240447955,0.025009789906040258
0.0038541769910054313,0.002628892851515019,0.025009789906040258
0.0031452462298204864,-0.003537354029162998,0.025009789906040258
0.00019302346540261972,-0.003983699604049207,0.025009789906040258
-0.0030912308150021772,-0.0027631039134838886,0.025009789906040258
-0.004179609614375579,-0.002492378095347192,0.025009789906040258
0.004633705541593258,0.001646416112979665,0.025009789906040258
-0.001148237001043384,-0.003087533170404555,0.025009789906040258
-0.0014490830189455295,0.0028206928098803985,0.025009789906040258
-0.002488280719543212,-0.001953586322564149,0.025009789906040258
0.0008109034727565856,0.0031474663926438495,0.025009789906040258
0.004516752800618917,0.0019991895699291717,0.025009789906040258
0.0029074231682990614,0.0003946452872463091,0.025009789906040258
0.0021493410543520497,-0.004367684287956308,0.025009789906040258
-0.00416273982506965,-6.829715713108087e-05,0.025009789906040258
0.002092874486905316,0.003614903137645342,0.025009789906040258
0.0033177375442470236,0.0031532440683506024,0.025009789906040258
0.0016309601603889945,0.0002519808192604778,0.025009789906040258
-0.0020542577726061495,0.004573739292425216,0.025009789906040258
0.0023634258748792547,0.00398441757544532,0.025009789906040258
-0.0032225782216706023,-0.001702892895936614,0.025009789906040258
0.00413275619089859,0.0004992792616951292,0.025009789906040258
0.0011717854458517252,0.0020310780162482445,0.025009789906040258
-0.003394387853408176,0.001700046964174362,0.025009789906040258
0.004497641142954478,-0.0021429196359683544,0.025009789906040258
-0.0019853203713484646,-0.0005558412113639832,0.025009789906040258
0.00019480031786778262,-0.0006501342582216907,0.025009789906040258
-0.004176650280101057,-0.0024750218026703408,0.025009789906040258
0.003956946064583633,0.00010294200965033085,0.025009789906040258
-0.001976083865361744,-0.0041463540755231065,0.025009789906040258
0.0016442454036962317,0.003798741869132982,0.025009789906040258
0.004286204809211824,0.0013324751696988102,0.025009789906040258
0.0015931892978553464,0.002794954302800079,0.025009789906040258
0.002357426051204925,-0.002666604028377151,0.025009789906040258
-0.0016449438196435295,0.003946886598882315,0.025009789906040258
-0.0016944139808412473,0.0032806132821008305,0.025009789906040258
-0.00411638438391293,0.0013777961139798123,0.025009789906040258
-0.0021824741788378788,0.004318495066300443,0.025009789906040258
0.0012749365065829465,0.004134716036382713,0.025009789906040258
-0.003264285699522418,0.003555467463598916,0.025009789906040258
-0.0007751162343119233,0.00488398807083712,0.025009789906040258
-0.0036611616274875303,0.0006455447760984612,0.025009789906040258
-0.003295772560772292,0.0036446904520772705,0.025009789906040258
-0.004077176456483755,0.0008723961729089069,0.025009789906040258
-0.0013696623126620011,-7.483487146642265e-05,0.025009789906040258
-0.0020412753325658173,-0.003825196094219052,0.025009789906040258
-0.0022833327290072702,0.0037215505484446965,0.025009789906040258
0.004541915555094533,-0.0008383568795293783,0.025009789906040258
-0.000620989258181659,0.002056819603527771,0.025009789906040258
-5.635701704470586e-05,-2.8886951365769686e-05,0.025009789906040258
-0.0030917078994754377,-0.00126021838682,0.025009789906040258
-0.0008650203369828802,0.003208454769488611,0.025009789906040258
0.003149373368970032,-0.0025629753846665437,0.025009789906040258
-0.002099335702457239,-0.0037087629105592157,0.025009789906040258
0.0014150115857898271,-0.001563300457723571,0.025009789906040258
-0.0013422886990674954,-0.0028627924550264083,0.025009789906040258
-0.0027932597683779647,-0.0026162700274419137,0.025009789906040258
0.0030295505047632787,0.001553768160768243,0.025009789906040258
0.0035966584569457893,0.0031320982032667644,0.025009789906040258
0.0022178297343735665,0.0029039544203293133,0.025009789906040258
0.0009492137230386888,0.0011868442374272092,0.025009789906040258
-0.0046231025621708,0.0013530484310866342,0.025009789906040258
0.0016349477876520524,-0.00393595368922206,0.025009789906040258
0.0016950669575166444,-0.0043129740946525885,0.025009789906040258
-0.002278263834654126,0.002696250350425089,0.025009789906040258
-0.0020113271707504765,-0.0013916360208572343,0.025009789906040258
0.001288091272806824,-0.0018901032491207559,0.025009789906040258
0.003767725948385703,0.0020572261069595754,0.025009789906040258
0.0026362051055102143,-0.002187683028214593,0.025009789906040258
0.004036122747045567,-0.001480188528134363,0.025009789906040258
-0.0009796188668254047,-0.0006969552737476903,0.025009789906040258
0.0001818031113769436,0.00498188398007926,0.025009789906040258
-0.0038439816143380767,0.001736656995214858,0.025009789906040258
-0.0006904381722518949,0.00014658928217592404,0.025009789906040258
-0.002274819815337281,-0.0003433806093697811,0.025009789906040258
-0.001664966184490524,-0.0026313736826359957,0.025009789906040258
0.0022262596425441927,-0.002028421392196833,0.025009789906040258
-0.0028245627953893404,0.00308174471758349,0.025009789906040258
0.0034164968554577513,0.001700373919746312,0.025009789906040258
-0.0046054028544801895,0.0012991243829230115,0.025009789906040258
-0.0008358967010169138,0.0021382418692468264,0.025009789906040258
-0.0024309531656108163,0.003170779103424337,0.025009789906040258
0.000353220655362918,-0.003916823151556059,0.025009789906040258
-0.0018189701793982493,0.003134304021518375,0.025009789906040258
0.003541957328256018,0.0010802423300599884,0.025009789906040258
0.002663488225927324,0.00399580453253634,0.025009789906040258
-0.0007818117099960276,0.0002687121069251397,0.025009789906040258
0.004686149294656161,0.0017092448307014507,0.025009789906040258
0.0034185701015765346,0.0028955712539122658,0.025009789906040258
0.0026955176330929476,-0.003355098608391671,0.025009789906040258
0.0014977383952246015,-0.004513530103253061,0.025009789906040258
-0.004184837122828355,0.00127953320630958,0.025009789906040258
0.003604844529252915,-0.0028346751643475443,0.025009789906040258
-0.0012793858274928738,0.0027167256062057277,0.025009789906040258
0.003994694600059745,0.0010543473161348516,0.025009789906040258
0.002296486765796857,0.0006018460189283203,0.025009789906040258
-0.0010676099066824207,-0.002955963586039445,0.025009789906040258
0.00455130739656795,-0.001082968140051932,0.025009789906040258
0.002027289479617167,0.0031134715884633124,0.025009789906040258
0.004332569628914484,-0.0023160093596530373,0.025009789906040258
-0.0018856239842612865,-0.004532223574415184,0.025009789906040258
0.001240254304686772,0.0034723920148813647,0.025009789906040258
0.0038533048496205424,-0.0032043524838698545,0.025009789906040258
0.004109640587216745,0.002122910948504142,0.025009789906040258
0.0035354637399329647,0.003244589933256492,0.025009789906040258
-0.003229002704451034,0.0014102862128275717,0.025009789906040258
0.0003408644326823307,-0.0039008459951190844,0.025009789906040258
0.0026670424379631186,0.0028814485869226303,0.025009789906040258
0.00036745503619783904,0.0013964558462138399,0.025009789906040258
-0.002650469532191835,0.0016696527404835848,0.025009789906040258
0.001173458061334287,0.00041403269340722915,0.025009789906040258
-0.0035950433894242906,0.0031375361477152808,0.025009789906040258
-0.002348455741746136,-0.0011048716833066408,0.025009789906040258
-8.250684906818684e-05,-0.004346029068109658,0.025009789906040258
-0.0031387916900698087,-0.003615383868009303,0.025009789906040258
-0.001323076313829219,0.001860554206126963,0.025009789906040258
0.002362815822728237,-0.00394049933665741,0.025009789906040258
-0.000425888869674651,-0.0016781521146054246,0.025009789906040258
0.001637753567532485,0.0019066688046258662,0.025009789906040258
-0.0015892677235154196,0.003576881150031852,0.025009789906040258
-0.0035355528177873907,-0.0012639691430358369,0.025009789906040258
0.0025248134906519226,-0.00371186481818242,0.025009789906040258
0.0001575487165661471,0.004782425074637331,0.025009789906040258
-0.004431703455033187,-0.0019905671461977192,0.025009789906040258
0.0005796812657310468,-0.0021181670970129574,0.025009789906040258
-0.002297842284100682,0.0023599735975849967,0.025009789906040258
-0.0004954375656303078,-0.0009386703956151266,0.025009789906040258
-0.004700803257087216,-0.0013990737660911634,0.025009789906040258
-0.0031245554384966567,-0.0032965400012656687,0.025009789906040258
-0.003105062681456161,-0.0018004857782898398,0.025009789906040258
0.004393430456254066,0.0013720852056984256,0.025009789906040258
-0.0012218815082150059,-0.002910875923884504,0.025009789906040258
-0.0030079397326758794,-0.0009104936003874187,0.025009789906040258
-0.0016179445076698329,0.004620494642388451,0.025009789906040258
-0.0037556095768529474,-0.00022283248646837173,0.025009789906040258
-0.002508408630003345,0.002452453379163444,0.025009789906040258
0.00293046420811649,-0.0004250117573225687,0.025009789906040258
-0.0030704081598038613,-0.0038493354549160586,0.025009789906040258
0.0014553723674257668,-0.004086688038491104,0.025009789906040258
-0.0011661984142339321,0.0010158744374173523,0.025009789906040258
0.0028546884901885505,0.0014317012640816529,0.025009789906040258
0.0011545222126194687,0.00479139894547842,0.025009789906040258
-0.0025266816574109896,-0.004079357384028981,0.025009789906040258
-0.0009327029315144841,0.0012994294715245047,0.025009789906040258
0.004657670843251083,-0.00032763827936932444,0.025009789906040258
0.004263292310724864,-0.0013683241405946234,0.025009789906040258
0.003076563158739276,-0.0025048592206573517,0.025009789906040258
-0.0015868453002862992,0.004336160439450509,0.025009789906040258
0.004820928825104431,-0.0005954443025224521,0.025009789906040258
-0.0019180419777260482,-0.0007247769856881803,0.025009789906040258
0.001008179055124181,0.0008507967508961656,0.025009789906040258
0.002530525453224186,0.004133456473326191,0.025009789906040258
-0.002289980569521788,0.0025888184570916906,0.025009789906040258
0.004337473452928009,-0.0013000632095607756,0.025009789906040258
0.0016228272152911671,0.0018213942046614306,0.025009789906040258
0.0030183750959764666,0.0023726348523531726,0.025009789906040258
0.0017163454004922585,-0.003514137689819563,0.025009789906040258
0.002392920828121703,-0.002391144945704582,0.025009789906040258
0.004786229283759269,0.001191456592648521,0.025009789906040258
-0.002197633269776844,0.0010887534465577886,0.025009789906040258
-0.0026520021407954175,-0.002111268185217341,0.025009789906040258
-0.0027531411307393228,0.0011631475705264904,0.025009789906040258
-0.0036256001736276744,-0.00100154954814613,0.025009789906040258
0.0004908483728742752,0.004299612597449709,0.025009789906040258
0.0016458989124163992,-0.003918649798279716,0.025009789906040258
-0.0006699327264909627,-0.0006132185716651861,0.025009789906040258
-0.0019535959794687585,0.004201044202943649,0.025009789906040258
0.0034180956129077344,-0.0024389497948291705,0.025009789906040258
0.004445961225400197,-0.0009845573094118265,0.025009789906040258
-0.0038075044777059475,-0.0022617704345861966,0.025009789906040258
-0.0038000104388160594,-0.00031224151440945036,0.025009789906040258
-0.004921970451356117,-0.0007551315355129873,0.025009789906040258
0.0017656094962852364,0.0044313046259958355,0.025009789906040258
0.00019509253922933567,-0.004685068346915955,0.025009789906040258
0.004457278828418509,-0.0006000209695367076,0.025009789906040258
-0.0020717032855390727,-0.0012179821201208085,0.025009789906040258
-0.0020926850695293098,0.00041223850232663395,0.025009789906040258
0.0025629728773175486,-0.003133539724171186,0.025009789906040258
-0.000634169130286466,0.0036036077203434047,0.025009789906040258
-0.0011663216796105047,0.004326154750586397,0.025009789906040258
-0.001906060116272812,0.004433666856193952,0.025009789906040258
-0.0017282294409941557,-0.0025800600162142473,0.025009789906040258
0.001980497735242892,0.00224806086085394,0.025009789906040258
0.004517895737919275,-0.0020183099511896785,0.025009789906040258
0.0007484142477318656,0.0025082786017378567,0.025009789906040258
-0.00229139121920241,-0.003163014012265819,0.025009789906040258
0.0010188547136600334,0.0045043127525943305,0.025009789906040258
0.002504070754394405,0.0019563379402303127,0.025009789906040258
0.0035828961972974582,-0.001466064854211524,0.025009789906040258
-0.004585346413271907,-0.0010049488322039224,0.025009789906040258
-0.0006199020529207289,-0.0027404427203698845,0.025009789906040258
-0.003637016644649549,-0.0021559729414235562,0.025009789906040258
0.0002563809555566898,-0.00385172836880443,0.025009789906040258
-0.0020555138078215407,0.0038874142237688147,0.025009789906040258
0.0006154495819137296,0.0023353680150250966,0.025009789906040258
-0.0032619781797080805,0.002435890556945708,0.025009789906040258
0.0023343794084063063,0.0035187341398881244,0.025009789906040258
0.0037974930220343595,0.0031695683930941243,0.025009789906040258
-0.003066876557578979,0.0009827440170537827,0.025009789906040258
0.0025506458976103374,-0.003993132451228121,0.025009789906040258
0.001627009974869864,-0.004348884332451064,0.025009789906040258
0.0004580958157376358,0.004322334004974948,0.025009789906040258
-0.004766804477547737,0.0005029049645601802,0.025009789906040258
0.0008380577929587574,-0.001729065096267135,0.025009789906040258
0.002771203967952829,0.003488901572524128,0.025009789906040258
0.00031796556659324793,-0.004544563939255397,0.025009789906040258
0.001285954692034963,0.00039734208925468195,0.025009789906040258
-0.004600433785995506,0.0010542075793811279,0.025009789906040258
0.0002458658877808606,-0.0019171625458991315,0.025009789906040258
-0.003681688376730108,-0.002960502108038554,0.025009789906040258
0.004242183010056522,-0.0015396699390208823,0.025009789906040258
0.001603299026122329,0.0019984796178995623,0.025009789906040258
0.001661582204981471,0.001073895160494942,0.025009789906040258
-0.0014903609229559578,0.004523047695109028,0.025009789906040258
-0.002103391704480373,0.002307457742578123,0.025009789906040258
0.004930061738576796,-0.0005030589826064968,0.025009789906040258
-0.002982886650617189,0.002524431704536312,0.025009789906040258
-0.0027699104314287126,-0.0026386438677903357,0.025009789906040258
0.0015614687944900396,-0.002686470802366614,0.025009789906040258
-0.0006482474921627457,0.004694350007085291,0.025009789906040258
0.002047118996669539,0.0016763738129395023,0.025009789906040258
0.0042740329242221264,0.0002552650438074622,0.025009789906040258
-0.0026374259838561898,-0.00024352701831165113,0.025009789906040258
-8.993528852907495e-05,0.004155763697688997,0.025009789906040258
-0.004457165890087822,0.0002824463500537,0.025009789906040258
0.00441667863708517,0.0001720379428393759,0.025009789906040258
0.0036606560152421252,-0.0033001421337637282,0.025009789906040258
0.0027638960661739986,0.004008149101245806,0.025009789906040258
-0.004283740414606996,0.0011541620626367433,0.025009789906040258
0.001590436312785215,0.002460786261796244,0.025009789906040258
-0.0046839931065747464,0.0003437232347440755,0.025009789906040258
-0.00015477263820939946,0.0046240836231845606,0.025009789906040258
0.0026618712072128403,-0.004109027323870862,0.025009789906040258
0.003670935133357034,0.002925843357125757,0.025009789906040258
0.0025997553937671114,0.001778130694791713,0.025009789906040258
-0.002421065221305696,0.004102476884206396,0.025009789906040258
0.001896969557623862,0.0027315413054616045,0.025009789906040258
0.0037072758612666235,-0.0026539407314842833,0.025009789906040258
0.002230543949288233,-0.002603146150686797,0.025009789906040258
-0.003347476457562948,0.0035260541337471807,0.025009789906040258
0.0002589579676923748,0.0031109079254605376,0.025009789906040258
0.0013101169594875728,0.0019328686075272827,0.025009789906040258
-0.0009921739612295255,-0.0037538317808660793,0.025009789906040258
0.0036477516728155024,-0.003112639836984954,0.025009789906040258
-0.001914786002831903,-0.004385480712329581,0.025009789906040258
-0.002495096613515102,0.0027828993856751083,0.025009789906040258
0.0005609038624454499,0.002245075957823417,0.025009789906040258
0.004426865584818529,-0.0012563736529855873,0.025009789906040258
0.004598681003976424,-0.0010271474976004669,0.025009789906040258
-0.001502914039441805,0.004056317570316992,0.025009789906040258
0.0017712086984271735,0.00012805117138814381,0.025009789906040258
0.003150430028203033,0.0025366658345156168,0.025009789906040258
-0.0004814911372061914,0.0035208609547190406,0.025009789906040258
0.0034055707549107694,-0.002679412355206523,0.025009789906040258
-0.004644043636524486,0.00090297794883476,0.025009789906040258
0.002239417917362374,-0.001426628765367255,0.025009789906040258
-0.0015475648375353757,-0.0038125884488415807,0.025009789906040258
-0.00013161517286897073,-0.00174428375106217,0.025009789906040258
-0.002409030402098722,-0.0008209501000102648,0.025009789906040258
-0.00294125352319341,-0.0039822914787563946,0.025009789906040258
0.00452535538042298,0.0018940802698814707,0.025009789906040258
0.0001528293545960402,-0.0016628768185071863,0.025009789906040258
-0.004377692077824236,0.0017355874851432418,0.025009789906040258
0.0019876946205918955,-0.0012715039008419637,0.025009789906040258
-0.0022424967442162824,-0.0025509891252184502,0.025009789906040258
-0.0037926110925354806,0.0029483624963297927,0.025009789906040258
0.0007688450286309489,-0.0015542568272497448,0.025009789906040258
-0.00013266527243183113,0.003876221418426695,0.025009789906040258
0.0017609494069148468,0.0035197290228303757,0.025009789906040258
0.001538278599426235,0.004402098246210073,0.025009789906040258
0.0037779826226795876,-0.0003513206221743559,0.025009789906040258
0.00044703369356025036,-0.0043103461456226455,0.025009789906040258
0.0024557755319811747,-0.004239357620235751,0.025009789906040258
0.0034908677957119494,-0.00021929673711662545,0.025009789906040258
-0.0032070553293799264,0.0017182512016731266,0.025009789906040258
0.0016250227323091337,-0.0024953494818937827,0.025009789906040258
0.003912563890814624,0.0021052420248288684,0.025009789906040258
-0.004092932903091651,-0.0019617173816612876,0.025009789906040258
-0.003865534797157011,0.002747911708784301,0.025009789906040258
0.0019164508643996214,0.004224780501509429,0.025009789906040258
0.003279743859099682,0.0028879738972662494,0.025009789906040258
-0.0037434891634759992,-0.0006970110159674192,0.025009789906040258
0.0014574154636282088,0.0030632274758453093,0.025009789906040258
-0.003950447678612079,-0.0026083313248683737,0.025009789906040258
-0.003697946189877399,-0.001291606669083123,0.025009789906040258
0.0003942301843165019,0.004843971046661011,0.025009789906040258
-0.0038800803687024654,0.0018163549852339145,0.025009789906040258
0.0007436247915801886,-0.0035434590342795502,0.025009789906040258
0.004920849823704998,0.00043568296242835203,0.025009789906040258
-0.0002676471973126482,0.0033978763107178622,0.025009789906040258
0.004145197360763575,0.0006689221563496162,0.025009789906040258
0.003935635214212141,0.003025809649862765,0.025009789906040258
0.004151046033754824,-0.00039808271633701153,0.025009789906040258
-0.0013103394337239394,-0.003016987070942889,0.025009789906040258
-0.00048645587888085373,0.004983155997329902,0.025009789906040258
0.003460076360216391,0.0007698525937103184,0.025009789906040258
0.003743405297338853,0.00043348980034618734,0.025009789906040258
-0.004472491723184646,0.0017830733525823206,0.025009789906040258
0.004220702833116263,-0.0006078417563131211,0.025009789906040258
-0.0005102286441669435,0.004744412177245749,0.025009789906040258
-0.0011293560189340468,0.004817940186562453,0.025009789906040258
-0.00040649299779804693,0.0024323093265188334,0.025009789906040258
-0.0012911676338713818,0.0015005458037276043,0.025009789906040258
0.0009245001392779173,-0.002121974858617648,0.025009789906040258
0.0018023830162388066,0.0026973027622467782,0.025009789906040258
-0.0005761688845913326,0.003369480321403273,0.025009789906040258
0.00221484580991671,0.00276800429378099,0.025009789906040258
0.0010387798695479233,0.004464462822660664,0.025009789906040258
-0.002867344105350611,-0.0032034196339232324,0.025009789906040258
3.4719165887098224e-05,-0.004879814130191562,0.025009789906040258
0.002706282882389388,-0.0025637999370147213,0.025009789906040258
0.0014888328771309745,-3.651321760506088e-05,0.025009789906040258
-0.0009326559028046688,-0.004652834778973158,0.025009789906040258
-0.0016296433982194714,-0.0032944150200968636,0.025009789906040258
0.0019179523083430183,-0.004366664029220146,0.025009789906040258
-0.004375777082046284,0.0007360497378927633,0.025009789906040258
-0.00388199927829902,0.00018082018449017134,0.025009789906040258
-0.00419698303737448,-0.00040809595339474924,0.025009789906040258
-0.0036157934141698433,0.0013558801943727161,0.025009789906040258
0.0029458130350548117,0.0005673393679561656,0.025009789906040258
0.004258399034654303,-0.0018526346945257899,0.025009789906040258
-0.001817615951955176,-0.0015109898686773704,0.025009789906040258
-0.0028094533235929475,-0.0009961887975844519,0.025009789906040258
0.0018819764525055405,-0.0034084277072530256,0.025009789906040258
0.0012490796177608843,-0.0015135322007253649,0.025009789906040258
0.0010422948920307817,-0.0022220395721248565,0.025009789906040258
0.00024653515524919456,-0.0036336207704970036,0.025009789906040258
-0.003213898191567921,-0.0025099422925443093,0.025009789906040258
0.000883761032178576,0.0043921931649038015,0.025009789906040258
0.004820530264098011,-0.0008319736546944512,0.025009789906040258
-0.00017445148486516793,0.0037582289528472757,0.025009789906040258
0.0036703212278759167,-0.0018373272148668462,0.025009789906040258
0.004461934513258825,0.0013664143202127832,0.025009789906040258
-0.002535737128312121,-0.0032359630781968463,0.025009789906040258
0.00453676353728838,-0.002088104918033906,0.025009789906040258
0.002938111142945843,-0.003954514812051002,0.025009789906040258
0.0004342683060460928,0.0009640731809810177,0.025009789906040258
0.002286154149512498,0.003364569440901022,0.025009789906040258
0.0017128203972962552,-0.0033280057282922826,0.025009789906040258
0.0033552859195324913,0.0017130220074168534,0.025009789906040258
0.0028135340840265144,-0.003468652913031889,0.025009789906040258
-0.004360131236033737,-0.002220097669933807,0.025009789906040258
-0.0024360819793685096,-0.0022745350978077283,0.025009789906040258
0.0015136977559890852,-0.004248699828721669,0.025009789906040258
0.0018642590712119045,-0.0020443628489879018,0.025009789906040258
0.004742909526321171,0.00015802469112147222,0.025009789906040258
-0.0015291199375528919,-0.003355351925705463,0.025009789906040258
0.001790965361182728,0.004043371125391104,0.025009789906040258
0.004358776429803868,-0.002325135822115243,0.025009789906040258
0.0028601219270036893,0.00011780439997255421,0.025009789906040258
0.004282196665748472,0.0007485625095098314,0.025009789906040258
0.0009322802646671846,-0.004857901697242539,0.025009789906040258
0.00224133749270905,0.0030033533414233204,0.025009789906040258
0.0017159588572503992,0.0007504407374785416,0.025009789906040258
0.002708308503052592,-0.001789361757571939,0.025009789906040258
0.0012725083965836603,0.0014856775535001532,0.025009789906040258
-0.0047077316228296695,-0.0013460938925984323,0.025009789906040258
0.001005004209622129,0.004346533295318977,0.025009789906040258
-0.004044274975164797,0.0007067336353703269,0.025009789906040258
-0.004609926561755628,0.0005030158928027717,0.025009789906040258
0.0029288054097911242,0.0026932017899206073,0.025009789906040258
-0.0024412777425801835,0.002460861143323001,0.025009789906040258
-0.0035464600871861762,0.002448716230208703,0.025009789906040258
-0.0014294750329035821,-0.0020938952498781305,0.025009789906040258
0.0038187684033417213,-0.0028795262866694316,0.025009789906040258
-0.0007609162367261391,0.0008934304524954584,0.025009789906040258
-0.004286232195248374,-0.0013428346535970803,0.025009789906040258
0.003753435152695772,-0.0031869453447193052,0.025009789906040258
0.0038512906913439338,-0.0017266333139414058,0.025009789906040258
0.003672506336474868,-0.002608527700363794,0.025009789906040258
0.0043764509650969785,-0.0008152618774230902,0.025009789906040258
-0.002080847021691312,0.003798579193464491,0.025009789906040258
0.0020220727112221226,-0.0016758370855018967,0.025009789906040258
-0.003628811954285993,-0.0031648896022886674,0.025009789906040258
-0.0001802785651969785,0.002163538117351038,0.025009789906040258
0.004025768000737173,0.00226489566628274,0.025009789906040258
-0.0017241370019807079,-0.002985039602904749,0.025009789906040258
5.16364484788312e-05,0.001965719996647408,0.025009789906040258
-0.0020213155421124895,-0.003758645881589473,0.025009789906040258
-0.0004830532286819178,-0.0021337313694616,0.025009789906040258
-0.0027797772226882955,-0.0015493403715360898,0.025009789906040258
0.0007527480324593938,-0.003265074442662552,0.025009789906040258
-0.0013044803492796575,0.0007977139560635393,0.025009789906040258
-0.0015739599068176346,0.003769607752310833,0.025009789906040258
0.0007512929729642792,-0.004278431141322869,0.025009789906040258
0.0005655354124645129,0.0019341716928380492,0.025009789906040258
-0.004395192656239999,-0.002063260724067817,0.025009789906040258
0.001440205911356074,0.003663048443101502,0.025009789906040258
-0.004242330713552178,0.00027887683498262206,0.025009789906040258
0.0032450130436352254,-0.00342009751018324,0.025009789906040258
0.0028316608870397886,0.0012120379315128105,0.025009789906040258
0.0036976646963857718,0.002450366727085651,0.025009789906040258
-0.0024576304618015854,-0.0023879387086260806,0.025009789906040258
-0.0031626454077624544,-0.0026326264477383177,0.025009789906040258
-0.002811796944246936,0.0004210644974822486,0.025009789906040258
-0.0018098629820411105,-0.003999511624073193,0.025009789906040258
-0.0003821437433519925,0.0026014127250739705,0.025009789906040258
0.000663057334297612,0.002440642870201515,0.025009789906040258
0.0036251787647501033,-0.003145300736935752,0.025009789906040258
-0.0022266199653060426,-0.00438382166876039,0.025009789906040258
-0.0005242138070169489,-0.0022701010611356764,0.025009789906040258
0.0036010820947467437,0.0029695840049690503,0.025009789906040258
-0.002185223601948394,0.0025424808481950834,0.025009789906040258
0.001047888519323692,-0.0035634953208258935,0.025009789906040258
-0.0008191930317789087,-0.0015537761855561882,0.025009789906040258
-0.000780122248367654,-0.003576246943826078,0.025009789906040258
0.0005115162843045695,-0.0035571393855917677,0.025009789906040258
0.00034410050953059823,0.004540011266492172,0.025009789906040258
-0.0006070434927467616,0.00334524054724028,0.025009789906040258
-0.003162495937459653,-0.0027331742190845887,0.025009789906040258
-3.701018311463855e-05,0.002226130714948482,0.025009789906040258
-0.002859160580548803,0.002878346416309796,0.025009789906040258
-0.0029195683498244307,-0.0024090987508955664,0.025009789906040258
-0.001637012560241402,0.0034245751057078166,0.025009789906040258
0.004558707983505883,0.0016874375438611366,0.025009789906040258
-0.002025853560466473,0.0015636267276395444,0.025009789906040258
0.002196282629327584,0.00339918109470716,0.025009789906040258
0.00043175049418264777,7.96026269028749e-05,0.025009789906040258
0.003931727219558923,0.0006527456737162041,0.025009789906040258
0.004176311484705764,0.002758792581083469,0.025009789906040258
-0.00013363758752538146,0.0012674732088484575,0.025009789906040258
-0.002500468710000092,0.0019317335721655837,0.025009789906040258
0.0014264740775367102,-0.0012515685546876654,0.025009789906040258
0.0023574799594427986,0.00418464202831359,0.025009789906040258
-0.00024754719552921856,0.0048298037639540325,0.025009789906040258
-0.004868147415393764,0.0011705734935230083,0.025009789906040258
0.002618161353410642,0.003168633780028074,0.025009789906040258
-0.0007330335946811317,0.00380445249817285,0.025009789906040258
-0.00135576868500209,-0.004095832481510797,0.025009789906040258
0.004411958678659289,-0.0012808549913234657,0.025009789906040258
0.0014837626332067089,0.0010416048697896585,0.025009789906040258
-0.000881076584895446,-0.002827749536979951,0.025009789906040258
0.0010920885804814873,-0.003877425379247512,0.025009789906040258
0.0031622576671921365,0.002625962983834995,0.025009789906040258
-0.004535138615324286,-0.0018452848311056869,0.025009789906040258
-0.0025781840916501153,0.000950787909720141,0.025009789906040258
0.00439596459196423,0.0023880784236212094,0.025009789906040258
-0.002932696579520666,-0.003222445416476205,0.025009789906040258
0.00323816091956175,-0.0005499758771794205,0.025009789906040258
0.004731415880151246,0.000223840718647228,0.025009789906040258
0.0028468320494283716,-0.0007500688203325723,0.025009789906040258
0.0009072632194628838,-0.0016343747784972606,0.025009789906040258
0.002732878276489714,0.002615774487317424,0.025009789906040258
-0.0032440377865796677,5.610473978190367e-05,0.025009789906040258
0.0006717527243091936,-0.003238527368868205,0.025009789906040258
-0.004338075536068686,0.001376955362092147,0.025009789906040258
-0.0027330304220392065,-0.00048539568758165785,0.025009789906040258
0.002853919005726624,-0.0036407244028566765,0.025009789906040258
0.0011147332748748795,0.003981069168048634,0.025009789906040258
-0.004426125657332136,0.0017402622560265257,0.025009789906040258
-1.0705433187055413e-05,-0.001874704919602621,0.025009789906040258
0.00152892111056957,0.0010238041918722018,0.025009789906040258
-0.0017609785549748125,0.004391040477749186,0.025009789906040258
0.0011673550807103084,-0.0038503644963086003,0.025009789906040258
0.001954100358405597,0.0003013002356104799,0.025009789906040258
-0.004867170647315788,-0.0001669529714782847,0.025009789906040258
0.002949805552646012,-0.003591488379395713,0.025009789906040258
-0.0005932549449694235,-0.0017290690518407814,0.025009789906040258
-0.0029350577074005457,-0.00034416314516194646,0.025009789906040258
-0.0004619088065975774,-0.004363115202515644,0.025009789906040258
0.00470527337391502,0.0008993844694415998,0.025009789906040258
-0.004631104739239333,9.571379841688543e-05,0.025009789906040258
0.0016797151727789839,-0.004444426998290396,0.025009789906040258
0.00047506441114109066,0.003044084081707865,0.025009789906040258
-0.003228508886614634,0.0007731481506372262,0.025009789906040258
0.00046542372312785574,-0.00017516574883891245,0.025009789906040258
-0.004164220710762834,-0.0022917487255682545,0.025009789906040258
-0.0012026057339653562,0.003945035655270601,0.025009789906040258
-0.0045753046260159635,-9.866574432382258e-05,0.025009789906040258
0.0010326364136163946,0.0018263623696146425,0.025009789906040258
0.0043627361435056855,-0.002148083201561235,0.025009789906040258
-0.0008682511702069462,-0.0011607666686686002,0.025009789906040258
0.0002297650124152284,0.0018579500200424093,0.025009789906040258
0.0026700702661877074,-0.003198231094440729,0.025009789906040258
0.0016034871905503678,0.0008319407523735833,0.025009789906040258
0.0017596919279778689,-0.0009833390870008785,0.025009789906040258
-0.00016296331887799553,-0.00426269309037508,0.025009789906040258
0.0023546847832029982,-0.0033598081081116504,0.025009789906040258
0.00041866529256129326,0.003764459549078225,0.025009789906040258
0.002305939274279467,0.00437998394497896,0.025009789906040258
-0.00224523863667514,0.0020167814975859955,0.025009789906040258
-0.0001138146922941008,-0.0019458302494719248,0.025009789906040258
0.0006405277964205425,-0.000534674656058165,0.025009789906040258
-0.001995637596706956,0.003661725089216361,0.025009789906040258
0.0019236563609013047,0.003734199772594593,0.025009789906040258
-0.00045663608826451707,-0.003634096395934705,0.025009789906040258
-0.0012349818471371066,-0.003131901644565005,0.025009789906040258
0.002589962376987387,0.0011445596101840039,0.025009789906040258
0.004009558260754886,-0.0024400427025348392,0.025009789906040258
-0.0023822751315663027,0.00020678780692984233,0.025009789906040258
-0.003002681283259534,-0.0033778292154558187,0.025009789906040258
0.004750590352962547,-0.0012672589487312536,0.025009789906040258
-0.0025195685423078373,-0.0021042569777627307,0.025009789906040258
-0.001198526603635841,0.004164972378269738,0.025009789906040258
0.0011627211466045395,0.0025925016672196932,0.025009789906040258
0.004468379961075186,0.0015883418689224271,0.025009789906040258
-0.0017029740353144973,0.004337606109523051,0.025009789906040258
-0.002112047550166807,0.004344120605686896,0.025009789906040258
-0.0031529603414170992,0.0018845174222903438,0.025009789906040258
0.0015436883385415712,0.004635051591669992,0.025009789906040258
-0.0009349210466753632,-0.0024474537762273485,0.025009789906040258
0.0008475041620057411,0.00357653908994493,0.025009789906040258
-0.002546719678342413,-0.0029879392212528444,0.025009789906040258
-0.004087685687657938,-0.0025853994329452235,0.025009789906040258
-0.0004773522495806759,0.004384628551790115,0.025009789906040258
-0.0010595082412940826,0.004489870745196356,0.025009789906040258
-0.000679505453863527,-0.002231385689917431,0.025009789906040258
-0.003560913375590502,0.0010398326701039906,0.025009789906040258
0.0022135740180395658,0.0008163377050021126,0.025009789906040258
0.00023657908263796656,-0.0044192853678737265,0.025009789906040258
-0.0037939222782625848,0.0012621331374926825,0.025009789906040258
0.000820324128615546,-0.0029838120569145588,0.025009789906040258
-0.003982007606452953,-0.0018270193728078254,0.025009789906040258
-0.00016737208677386484,0.00284110963164963,0.025009789906040258
0.0031150891247051504,-0.003551655674424836,0.025009789906040258
0.0032856210689082843,-0.0009316824853931038,0.025009789906040258
-0.0018182562858424234,-0.001777919506237069,0.025009789906040258
-0.0043096306719405675,0.0016577787346960804,0.025009789906040258
0.0028258872487079145,0.003555839901874691,0.025009789906040258
0.0021190764409055873,-0.0008370957068386531,0.025009789906040258
0.0011664048567521235,0.0010564860068429383,0.025009789906040258
0.00330292261272902,0.00026348559026390106,0.025009789906040258
-0.004690086645972258,0.0017086940841846143,0.025009789906040258
0.0025756137417261016,0.003744282318322689,0.025009789906040258
-0.0017320788878265603,-0.0041385707523886595,0.025009789906040258
-0.0009955328982211853,0.003815251539993625,0.025009789906040258
-0.0001505791651519317,1.8482300257388617e-05,0.025009789906040258
-0.0035651137777250597,-0.0027286442646143882,0.025009789906040258
-0.002865214257312232,-0.002190459901299846,0.025009789906040258
-0.0015116134611652399,-0.00010326567213814197,0.025009789906040258
0.004500114075149497,-0.00015724406457096052,0.025009789906040258
0.0013777359203182016,0.00408711979564913,0.025009789906040258
0.0027286232605980842,0.004202666484758311,0.025009789906040258
0.0030864291543473144,0.0038680726184807668,0.025009789906040258
-0.0018793852484577656,-0.004615792126102747,0.025009789906040258
0.0035065571697856512,0.0010340680993792262,0.025009789906040258
0.003775895285706099,0.0004966075576611217,0.025009789906040258
-0.0039292090458076245,-0.0009463034765442302,0.025009789906040258
-0.0005291184478792843,0.004928041041232234,0.025009789906040258
0.0037818836548595414,-0.0023969280233480106,0.025009789906040258
-0.0002577587473235887,0.002758387186375444,0.025009789906040258
-0.003062835824184873,-0.0029793052089317484,0.025009789906040258
9.91770064513453e-05,0.004514259291305223,0.025009789906040258
-1.9104540809306014e-05,-0.004775786350045053,0.025009789906040258
-0.002385317578049495,-0.003933913370040898,0.025009789906040258
-0.0030268459493285604,-0.002124359585781832,0.025009789906040258
-0.0026902536906519003,-0.002189434330890805,0.025009789906040258
-0.0009857644117667874,0.002841702680981939,0.025009789906040258
0.00272890548363236,0.0025253628273489426,0.025009789906040258
-0.0023361346553620876,-0.003992087380495946,0.025009789906040258
-0.0008158751715852119,0.0019584098706868502,0.025009789906040258
-0.0035035945440178295,0.0008110504390286266,0.025009789906040258
0.004032245993322192,0.001152979908244589,0.025009789906040258
0.0015299849065932847,0.004256120178574463,0.025009789906040258
0.0034491908747682487,-0.0001614463378616371,0.025009789906040258
0.0036180878389835414,0.0030383281412476038,0.025009789906040258
-0.004275446549435458,0.0001772103027775085,0.025009789906040258
-0.002015958711512056,-0.0015592202133305477,0.025009789906040258
0.0006572827822672878,-0.00010298634180161415,0.025009789906040258
-0.0015196625858600044,0.0013182977198695767,0.025009789906040258
-0.002130813484154004,-0.0018434920416439127,0.025009789906040258
-0.0023368307872857486,0.0019264043116873353,0.025009789906040258
-0.0016899901271454354,-0.004508403802098826,0.025009789906040258
-0.004460908187390089,-0.0013461660729063851,0.025009789906040258
0.00409590046515973,-0.0006591129006707774,0.025009789906040258
-0.0034529952037836154,0.003129697071379667,0.025009789906040258
-0.0012269769554560384,0.004713047006184468,0.025009789906040258
0.0009952940333199933,-0.004726579617191362,0.025009789906040258
-0.00012403534609362055,0.0015957591374196056,0.025009789906040258
0.002905240641407403,0.0007642110712540173,0.025009789906040258
0.0018325741503240067,-0.004287298503477643,0.025009789906040258
0.0036540833456015775,-0.0025606371825226404,0.025009789906040258
0.0002910592002480783,-0.004710361712682243,0.025009789906040258
-0.0021616666684707297,-0.0020404302161942667,0.025009789906040258
-2.5490850750875538e-05,0.003154446681715939,0.025009789906040258
0.0034155911870250577,-0.00023098078071215333,0.025009789906040258
0.0013920768592399213,0.0029607237069377845,0.025009789906040258
0.00022769454868942773,0.0013404013240005952,0.025009789906040258
0.0006124580571951199,-0.0017110200768772899,0.025009789906040258
0.0008443179650905464,-0.004365802962482235,0.025009789906040258
-0.005003501638071839,-0.00026203766523202887,0.025009789906040258
0.0038239381312052956,0.0028643446799136996,0.025009789906040258
-0.0012646560912354943,0.003587298666246852,0.025009789906040258
-0.0023005809779874653,0.0004130466121869958,0.025009789906040258
0.00013113082897731054,0.00452685389688412,0.025009789906040258
-0.0028495280345630647,-0.0002646875219265432,0.025009789906040258
0.0035562016964227894,-0.0014596212100528305,0.025009789906040258
-0.0032828849753876455,0.0016618720571521806,0.025009789906040258
0.0033803185205947273,0.0007257767789567993,0.025009789906040258
0.00389279174799384,-0.0026998156259558925,0.025009789906040258
-0.0018293839606720042,-0.001773357219999383,0.025009789906040258
0.004349999303251195,0.002389238781695724,0.025009789906040258
-0.004611927548822337,7.049084745125445e-05,0.025009789906040258
-0.004407147858429994,0.0008181755170442173,0.025009789906040258
0.0039026494384373223,-0.0025575073187624753,0.025009789906040258
-0.0016518516486545565,0.004184783562998007,0.025009789906040258
0.0013709546269797812,0.0026237123932766337,0.025009789906040258
-0.001020966982801852,-0.004003642925553663,0.025009789906040258
-0.0011762750713995018,-0.0007186914585703974,0.025009789906040258
-0.0035793017250149717,-0.0030381464355073717,0.025009789906040258
-0.003973710565588817,0.0030385347952801567,0.025009789906040258
-0.004819152225302048,-0.0012804376657502559,0.025009789906040258
-0.0028499700368520564,-0.0036628533427069954,0.025009789906040258
-0.0012956252803171253,-0.0025808949107002377,0.025009789906040258
-0.0012634526493844334,0.0025340098637869346,0.025009789906040258
-0.0011583426802452834,-0.001887036202271375,0.025009789906040258
-0.002800473957289995,0.0038992421339472116,0.025009789906040258
-0.00470749039209295,0.00018851944608000437,0.025009789906040258
-0.003484135238515762,-0.0018224480823452183,0.025009789906040258
-0.0018679834307988585,0.0031598721942707186,0.025009789906040258
0.0008988143285684203,0.0014586820145723323,0.025009789906040258
-0.004097066065568811,0.0016502576135373204,0.025009789906040258
0.0010409134943127896,0.0031499314873464357,0.025009789906040258
0.00030459645552172177,0.0026916254320390465,0.025009789906040258
0.0017191290490838895,0.004578975400811203,0.025009789906040258
-0.0026941363002634944,0.00262285142493468,0.025009789906040258
0.0037255636362907296,0.0024803409242331043,0.025009789906040258
-0.0037084682830013094,0.00282277400065567,0.025009789906040258
0.0048760926776267866,-1.675030545547629e-05,0.025009789906040258
2.3766982409689774e-05,-0.001740703489312878,0.025009789906040258
0.003147566939372126,0.0038875863794274323,0.025009789906040258
0.004797690422691403,0.000347570277780207,0.025009789906040258
-0.0035170930861845306,-0.0015339819461495097,0.025009789906040258
0.003154252148725334,0.0010760790568706824,0.025009789906040258
0.002341839161633885,-0.002282644626372843,0.025009789906040258
0.0036978732385648527,-0.0033501209797179854,0.025009789906040258
-0.0027334202305375754,-0.0010171773394294092,0.025009789906040258
0.004455175746500117,-0.0011040747530000061,0.025009789906040258
-0.0016333798668206612,-0.004574631460400269,0.025009789906040258
0.0031115838131192675,0.002296140624558518,0.025009789906040258
0.001505986829014816,0.0036208540163364944,0.025009789906040258
0.00022565801291096754,0.0014461472382034657,0.025009789906040258
0.003381093937512958,-0.0015464203846828894,0.025009789906040258
-0.002424356262867633,0.0012117546565164616,0.025009789906040258
0.0005234560423197365,-0.004396314974705717,0.025009789906040258
0.002157620474335431,-0.0027673524715936537,0.025009789906040258
0.0016693098061981715,-0.0029284625458778635,0.025009789906040258
-0.003017105295519684,-0.003008032843332842,0.025009789906040258
-0.0034962613831339695,0.002724826334645769,0.025009789906040258
0.0032990265819847764,0.0021988339198557583,0.025009789906040258
-0.0009539155015136913,-0.002897646229030215,0.025009789906040258
-0.0007064988678573414,-0.0049458593563898035,0.025009789906040258
-0.0009744413538461671,-0.0018956286033375847,0.025009789906040258
0.001678816736465194,-0.004666840780487291,0.025009789906040258
-0.003933069277358925,0.002423949420798266,0.025009789906040258
-0.0038621085733367977,-0.0017042116820178421,0.025009789906040258
-0.004165679793892707,0.0011208436052552173,0.025009789906040258
0.003982343280505063,-0.002297601685587125,0.025009789906040258
0.0004885638562792671,0.001776194755061411,0.025009789906040258
-2.9656545663447886e-05,-0.0005194518200655196,0.025009789906040258
0.0008885246440533123,0.0019261468746041288,0.025009789906040258
-0.002423652336137394,0.0004912610293406061,0.025009789906040258
0.0011524771065918316,-0.0008370166024818104,0.025009789906040258
-0.000912205197447058,-0.0008969507249734221,0.025009789906040258
-0.0015056430856557057,0.002618766651611537,0.025009789906040258
-0.0031520510231466403,-2.818305597657167e-05,0.025009789906040258
0.00223255629733643,-0.002353332831745547,0.025009789906040258
0.0025353493066226918,0.002456248958921492,0.025009789906040258
0.0016473914192420835,-0.003263820603937262,0.025009789906040258
0.002761908148940506,-0.003501373682880171,0.025009789906040258
0.003997027918423157,-0.0003594650041049974,0.025009789906040258
0.0016736305585585143,-0.0023689256173611284,0.025009789906040258
-0.00395438403682391,-0.0018824102202650295,0.025009789906040258
0.0031030480319778064,-0.0015046601840289497,0.025009789906040258
0.002507485182221103,-0.00325321733660644,0.025009789906040258
-0.002345651330024623,-0.0002624721829933563,0.025009789906040258
-0.001348211599058402,0.0032053837116841066,0.025009789906040258
-0.003330865182210374,0.0026635377124861748,0.025009789906040258
0.0009921901355092189,0.0043228270788517875,0.025009789906040258
0.002202589388740961,-0.002354751923469678,0.025009789906040258
0.0017950169078169154,-0.0034128673635578366,0.025009789906040258
0.0007530887460376334,-0.000645388776385758,0.025009789906040258
0.002643869928338205,0.00010186271138501457,0.025009789906040258
0.0022321533766564983,0.0038023047388406894,0.025009789906040258
0.0006830445507999272,0.0024200199826935886,0.025009789906040258
0.0041440291710301835,0.002014321988415446,0.025009789906040258
0.0003056798805185501,-0.001786377902620373,0.025009789906040258
-0.0037170558926362673,-0.0006965293475316159,0.025009789906040258
0.003042127649866444,-0.0010825847557462964,0.025009789906040258
-0.00022635448107766187,-0.001910652658089873,0.025009789906040258
-0.0016145033115329,0.00018396236100137742,0.025009789906040258
-0.004075514961321858,-0.00034122739855924067,0.025009789906040258
-0.0025040671609453113,-0.0038609454287339418,0.025009789906040258
0.0005702964496112628,-0.0008500339750820984,0.025009789906040258
0.0023287440485084687,-0.0021542464754134016,0.025009789906040258
-0.0025962195505968566,0.004168245656337888,0.025009789906040258
-0.001944959230961274,-0.0035126579190816187,0.025009789906040258
0.0022960001098333294,-0.00045832282467550556,0.025009789906040258
0.0018863461242819568,-0.0007644766880980924,0.025009789906040258
0.0014613901270141838,-0.0030918257609897637,0.025009789906040258
-0.0024745026563763872,-0.003033028442743557,0.025009789906040258
0.0006257765038002461,-0.0031269740375670096,0.025009789906040258
0.0028252933434451677,-0.002315326149151531,0.025009789906040258
0.0011177435377902611,-3.3041224377555745e-05,0.025009789906040258
0.0015489114222635436,0.0014119270537520379,0.025009789906040258
-0.0017647530274729206,0.0027729567235255104,0.025009789906040258
0.0018907429957302213,-0.0005528012113700242,0.025009789906040258
0.00447651940113758,0.002173680422451696,0.025009789906040258
-0.002187792784411613,-0.0027313840267240153,0.025009789906040258
-0.004027352522882666,0.0007207933725306148,0.025009789906040258
-0.0015812015753322584,-0.0026152429287726875,0.025009789906040258
-0.003237619817166859,0.0037766714602014417,0.025009789906040258
-0.0006480807819713164,0.004261527142645605,0.025009789906040258
0.0012994275474884631,0.004703785126807247,0.025009789906040258
0.0027376108603114346,0.000785788824356537,0.025009789906040258
-0.0027822375027213297,-0.003234567414498457,0.025009789906040258
-0.0016435073315630433,0.0029767212645879226,0.025009789906040258
-0.0003713047018938376,-0.004581471979193452,0.025009789906040258
-0.003630013960105316,-0.0016038436481053964,0.025009789906040258
0.004426160058336848,-0.0014746981595745723,0.025009789906040258
0.00022588957571145762,0.0034234086770226213,0.025009789906040258
-0.0036563748502231874,-0.0017210961244078504,0.025009789906040258
-0.004577499168973986,0.0018316609267650108,0.025009789906040258
-0.0007157047164616515,-0.0023880816501851143,0.025009789906040258
-0.0031657008574121903,0.003235336824815249,0.025009789906040258
0.0010751151576560147,-0.0007143210674600553,0.025009789906040258
0.002611027186077308,-0.0001887568981218113,0.025009789906040258
-0.001064905197190491,0.0002778697705347888,0.025009789906040258
-0.00012452594064327194,-0.004915468430986891,0.025009789906040258
0.004402204413139543,-0.0006245741865242849,0.025009789906040258
0.002063093253887871,0.004191805681088567,0.025009789906040258
0.002763538592120085,0.0041599921814281515,0.025009789906040258
-0.0014634669886319784,0.0028253159422071406,0.025009789906040258
0.004017918494234607,-0.0019718886273949465,0.025009789906040258
-0.0026139793247885734,0.0038717852239145145,0.025009789906040258
0.0014315570095337904,-0.0023476272922096086,0.025009789906040258
-0.0034057829937950146,0.0034965930190438144,0.025009789906040258
0.0034185667589277102,0.002364780153531143,0.025009789906040258
-0.0045618879481565955,-0.001853616253111312,0.025009789906040258
0.003445873825654644,-0.003469057733170189,0.025009789906040258
-0.0003360608728502079,0.0021314900976783235,0.025009789906040258
0.0045988749253425,-0.001330750389515245,0.025009789906040258
-0.001079463834321004,-0.0019218030512835327,0.025009789906040258
-0.002390433429894756,0.0019148129388781854,0.025009789906040258
0.0017984633350920376,0.00032245402208497254,0.025009789906040258
-0.003535029903190434,-0.0021702913057524142,0.025009789906040258
-0.0030407349675520834,-0.0020848333782694795,0.025009789906040258
-0.002372856478920937,0.0012275380724791063,0.025009789906040258
-0.0015524492465264217,0.0011719974973125602,0.025009789906040258
0.004417687009841131,-0.002369322996717216,0.025009789906040258
-0.0008057212899670319,0.001983100171505825,0.025009789906040258
-0.004095924478349389,0.002667712175195902,0.025009789906040258
0.0022967193389646923,0.004237400383651391,0.025009789906040258
0.001360117737238653,-0.0003530367927631062,0.025009789906040258
0.0025570862768873326,0.003188748989188639,0.025009789906040258
0.002930766020426745,0.003583855697264937,0.025009789906040258
0.003087669661884007,0.0009216068283484091,0.025009789906040258
-0.0022497551845326313,0.0008101378662486169,0.025009789906040258
0.0012354571533901293,-0.004243284726385355,0.025009789906040258
-0.004245395151563969,-0.001260818411211062,0.025009789906040258
-0.00164751390978779,0.004407088768374479,0.025009789906040258
0.002950102342897054,0.0025719170452944695,0.025009789906040258
0.0014979605600089485,-0.0006559962320933366,0.025009789906040258
0.003622080355192736,0.0004998601774550693,0.025009789906040258
-0.0026789987572932716,-0.0026288594225896134,0.025009789906040258
0.0009921763167790587,-0.0020073053004239227,0.025009789906040258
-0.0018624386112939817,-0.002354210409944102,0.025009789906040258
-0.0012597761413513098,0.002183004156609769,0.025009789906040258
-0.00454720938792974,5.330320992313897e-05,0.025009789906040258
0.0011704009176529695,-0.004687426303966902,0.025009789906040258
0.0038512543819138045,-0.00266304925733607,0.025009789906040258
-0.00214511030643294,0.0024881109897627596,0.025009789906040258
0.0036025805764232643,-0.002119860295422882,0.025009789906040258
0.00016480096568849412,0.0031577997623237763,0.025009789906040258
-0.0026294670208528714,-0.00037681792992660945,0.025009789906040258
0.00018322847691498723,-0.004822786661634382,0.025009789906040258
0.00453505692173195,0.001675325518933235,0.025009789906040258
0.0016617950318185137,0.004077603105507421,0.025009789906040258
0.0011150416664804652,-0.0005422128924923442,0.025009789906040258
-0.003913816363962042,-0.0018211530415292998,0.025009789906040258
-0.0009564221077713597,-0.0035778910568247113,0.025009789906040258
-0.0024069164109690178,-0.0042652708165249464,0.025009789906040258
-0.0038800742577649316,0.0007984865371239991,0.025009789906040258
-0.0041829576706291505,0.0011747358361073879,0.025009789906040258
0.004128465583413288,0.002597236256814739,0.025009789906040258
0.004775855108917426,0.0007128357183212586,0.025009789906040258
-0.004243067877048645,-0.0017154594279293889,0.025009789906040258
0.0038118928988488676,-0.00012215634731449487,0.025009789906040258
-0.0042458358924406525,-0.0018830536265888043,0.025009789906040258
-0.0029412813308979935,-0.0005439788479000285,0.025009789906040258
-0.004903229024669997,-0.0003281307651037402,0.025009789906040258
0.0019519255617268527,0.0021671376514014185,0.025009789906040258
0.004454590642303913,-0.0006832421768558916,0.025009789906040258
0.0031554180147814748,8.626964468083642e-05,0.025009789906040258
-0.003558523928095525,-0.0005756768730389439,0.025009789906040258
0.0012040906209005442,-0.002600524872171661,0.025009789906040258
0.0023309236229174246,0.00432267748491455,0.025009789906040258
-0.00013657474772510447,0.0012805388682348706,0.025009789906040258
-0.002782618442733309,-0.0005697165034606044,0.025009789906040258
0.004038738823112453,0.0028139977009224992,0.025009789906040258
0.0022030616872825703,-0.0035828361794898456,0.025009789906040258
0.0018427623105488067,-0.003581915069634789,0.025009789906040258
0.0013861219560844518,0.0019085030723076102,0.025009789906040258
0.0012157470644780233,-0.004476907490222004,0.025009789906040258
-0.0017376544917162562,0.003965886728352075,0.025009789906040258
-0.00379318000770823,0.0010873679180285478,0.025009789906040258
0.003112684458926651,-0.0007774872763706142,0.025009789906040258
-0.003812380565442197,0.0031987248197786755,0.025009789906040258
-0.0036380866751457575,0.002593378369748933,0.025009789906040258
-0.002986481182169598,0.0014288707295495584,0.025009789906040258
0.0025850636436750563,0.004278783611233905,0.025009789906040258
-0.0037519192844683857,0.0027680876048385983,0.025009789906040258
0.004505088962638126,0.0018808867889106295,0.025009789906040258
-0.004991531079276967,-0.00030639171523816344,0.025009789906040258
-0.0004732251704511192,-0.0031180598204656462,0.025009789906040258
-0.0048511752118258755,-1.1898131933460454e-05,0.025009789906040258
0.0016993337534234598,-0.003979071140363999,0.025009789906040258
0.0026311048726910258,-6.823671901079464e-05,0.025009789906040258
0.0028868770519281384,-0.0039029733059905425,0.025009789906040258
0.0001584874731439534,-0.0049116082094045055,0.025009789906040258
0.0035649706109879276,0.003270741405980715,0.025009789906040258
0.0031503619602126776,-0.00020784795606187956,0.025009789906040258
0.0024209387319338305,-0.0037890764861998605,0.025009789906040258
0.0033880791599720794,-0.0006016713851009214,0.025009789906040258
-0.00279363143834388,0.0032542025308863742,0.025009789906040258
-0.0039455605311502495,0.0024185858815499728,0.025009789906040258
0.0027427664779935412,-0.003385155691439934,0.025009789906040258
0.0007138987452632861,-0.004004366782304203,0.025009789906040258
0.0030467219537833046,0.001048686254131681,0.025009789906040258
0.00462222869619211,0.0009253788938305973,0.025009789906040258
-0.002630844966404311,0.0008289683816906646,0.025009789906040258
-0.0004567422777039809,-0.004899941428867294,0.025009789906040258
0.003619914259338941,3.929330755958471e-05,0.025009789906040258
-0.0031144856193741077,0.0020240291631985485,0.025009789906040258
-0.004538618622824231,0.0009380595614292275,0.025009789906040258
-0.0014612507235227667,-0.004100840583852516,0.025009789906040258
-0.0002755913246388353,0.0027319627883706232,0.025009789906040258
0.004797113645416573,-0.0006829170159621256,0.025009789906040258
-0.0008412167521161251,-0.0009016687065424023,0.025009789906040258
0.0016583681734285705,-0.004508964079676048,0.025009789906040258
-0.0014398715865482359,0.004315067590219712,0.025009789906040258
-0.003094058351642559,0.0016358695773881493,0.025009789906040258
0.001891659645805177,0.0024010092230888347,0.025009789906040258
-0.0039939081509388075,0.002315597437135608,0.025009789906040258
0.002570466075489719,-0.0038469388033561813,0.025009789906040258
-0.00271144021068892,0.00408446216700753,0.025009789906040258
-0.0002012913653168802,0.0037218466362176628,0.025009789906040258
-0.0048851111004566405,0.0007739515906939332,0.025009789906040258
-0.004783119391035484,0.001157396599856142,0.025009789906040258
0.0014177383341689165,-0.0014781467407996018,0.025009789906040258
0.001648350232891005,0.0007711086925556998,0.025009789906040258
-0.004242268698511964,0.0009700672398231802,0.025009789906040258
0.0022768611006576123,-0.0008491591602712845,0.025009789906040258
0.0010729318507447516,-0.004660100643341991,0.025009789906040258
0.0010869887060902528,0.0028174772481577293,0.025009789906040258
0.0038735678305883425,-0.0017247723781306235,0.025009789906040258
-0.0004290181136741289,0.004254458759596957,0.025009789906040258
-0.0029319792260018573,0.002221195576431967,0.025009789906040258
0.0023245805873486347,-0.0032875167671164718,0.025009789906040258
0.00101945849737195,0.002927101116828368,0.025009789906040258
-0.0009454013919025783,0.004817140072510995,0.025009789906040258
-0.0004093750483549208,-0.004521408558090911,0.025009789906040258
-0.00038185367519538715,0.00040137808524320917,0.025009789906040258
-0.001752447079681474,-0.0032254981933412807,0.025009789906040258
0.0032647842840773933,-0.0013345090570240359,0.025009789906040258
0.004358419082031162,0.000760164598719193,0.025009789906040258
0.00012679060531584074,0.0031771170787742165,0.025009789906040258
0.0006129982674778489,0.0031838429123602907,0.025009789906040258
0.0015530559551262257,0.003030023168825835,0.025009789906040258
0.0008340073447836716,-0.004313238939452901,0.025009789906040258
-0.002227389376066924,0.003731300498589718,0.025009789906040258
0.004288105822318755,0.002462163584105781,0.025009789906040258
0.00012072018386866112,-0.004969372344653777,0.025009789906040258
-0.0019208115720399377,0.003456993115698026,0.025009789906040258
0.0036714663440022832,-0.002710545261482622,0.025009789906040258
-0.00030979197945235626,0.0049271810546756,0.025009789906040258
0.000806665407433016,0.0015623161291813403,0.025009789906040258
0.0017588764413982716,-0.004048877553799457,0.025009789906040258
-0.00036940277167651914,-0.0002896091770137055,0.025009789906040258
0.0011502381601733447,-0.0031851588151852184,0.025009789906040258
-0.001917386065088067,0.0022853471969597194,0.025009789906040258
-0.004957001502184255,-9.606906616277389e-05,0.025009789906040258
0.0002791775375250438,-0.0037963256092332642,0.025009789906040258
-0.0023673802237702546,0.002725207289252296,0.025009789906040258
-0.001213482394257781,-0.0027563448955909564,0.025009789906040258
0.0012870116860881353,-0.004401656817456967,0.025009789906040258
0.0014283097122316235,0.00021850540894496895,0.025009789906040258
-0.0021658800861352745,0.0025568397810715737,0.025009789906040258
0.0031265954314640965,-0.0003853946061269653,0.025009789906040258
-0.0003710338431606175,-0.004092000119335637,0.025009789906040258
0.0003784486174667201,-0.00300951219801604,0.025009789906040258
-0.0037080219748695242,0.0021471831269259667,0.025009789906040258
-0.002603949014989837,-9.138837416367007e-05,0.025009789906040258
0.0001895616483980067,-0.0027109451829048226,0.025009789906040258
7.562502898794676e-05,0.003049628380914271,0.025009789906040258
0.00024172385760001802,0.0006521484614268047,0.025009789906040258
3.95442185836814e-06,0.0034351871106927945,0.025009789906040258
-0.004109420075849357,0.0006812498376973508,0.025009789906040258
0.004479908443123293,0.0019929333654147285,0.025009789906040258
-0.0037489967231429944,0.0004221529561885262,0.025009789906040258
0.0033416656680849144,-0.002879804949177611,0.025009789906040258
0.004501435079355076,-0.0007181539281742033,0.025009789906040258
-0.00220203930504681,-0.0038606610101226124,0.025009789906040258
-0.0008490549316215734,0.0009737228440940271,0.025009789906040258
0.002797217963902199,0.0038129376472184617,0.025009789906040258
-0.0029796354676321357,5.261153565794263e-05,0.025009789906040258
-0.002850967423270845,0.00273771497525388,0.025009789906040258
-0.0011669260394047143,-0.004558009556930642,0.025009789906040258
-0.0039182833725988075,-0.00274745033623347,0.025009789906040258
-0.002771472261308361,0.0001642617911035149,0.025009789906040258
0.0003065221478819602,0.003470345207190917,0.025009789906040258
0.001319107112555784,0.0018977386803911145,0.025009789906040258
-0.0007005006790778978,-0.004464146565382521,0.025009789906040258
0.0019366060452821188,-0.003092984695047818,0.025009789906040258
0.0012475038861516907,-0.004375681263937281,0.025009789906040258
0.003202974768253597,0.0009452477405957893,0.025009789906040258
-0.004654678203962703,3.0311429650708988e-05,0.025009789906040258
-0.003050025988510896,-0.00045377473565499926,0.025009789906040258
-0.0009119795320744473,0.0007884069919477099,0.025009789906040258
0.0003128879218405878,0.0040773865232992534,0.025009789906040258
0.0003196478994342833,0.0038302315747209548,0.025009789906040258
0.004267975989591832,0.0010435505530690392,0.025009789906040258
0.0008869043250658848,-0.002942793038076985,0.025009789906040258
-0.004030468024907918,-0.0005244376020314689,0.025009789906040258
-0.001402494551163258,-0.002202950847042473,0.025009789906040258
0.0027055726580371697,0.002334685277673998,0.025009789906040258
0.0007556532840187202,0.0026055551170962588,0.025009789906040258
-0.0018654304675891353,0.0011150491391322959,0.025009789906040258
0.0036087337221957227,0.0032962142574284314,0.025009789906040258
-0.0036902383370573943,0.002821055759955726,0.025009789906040258
-0.0019723031009810654,0.004053147686043701,0.025009789906040258
-0.0010288877531721141,0.004180500443091262,0.025009789906040258
-0.001126724477625629,-0.0037109142126219297,0.025009789906040258
-0.001650430891029231,0.0036574979511989625,0.025009789906040258
0.001475010625567208,-0.003809855388002603,0.025009789906040258
0.0022655272296638884,0.002167441260006342,0.025009789906040258
-0.00045944060760882977,-0.0021561240687759664,0.025009789906040258
0.003016304517323931,-2.7164618816993835e-05,0.025009789906040258
-0.004725334347661203,-0.0006283730523506392,0.025009789906040258
0.0015332604033488906,0.003165644124681677,0.025009789906040258
0.00041475324751605314,0.0021832030270942937,0.025009789906040258
-0.0027136380311887365,0.0027529970498996192,0.025009789906040258
0.0012466011640626107,0.0041456169766362905,0.025009789906040258
-0.0024882822006091487,0.0030722551604540627,0.025009789906040258
0.0015970500785726927,-0.002758207974061122,0.025009789906040258
0.001118593756608277,0.0005394491381158772,0.025009789906040258
0.004080764632213629,-0.0026658411505025015,0.025009789906040258
-0.0009575868490809825,-0.0047306095558852235,0.025009789906040258
-2.3294452305366864e-05,0.004155300345750845,0.025009789906040258
-0.0011660623923894775,-0.003286371080271522,0.025009789906040258
-0.0005681769337346765,0.00010759038088203887,0.025009789906040258
-0.0025272631353594477,0.0040773249079961715,0.025009789906040258
0.004274335545325414,-0.001731049660298467,0.025009789906040258
0.003889044875897696,0.00110879904960548,0.025009789906040258
-0.0035508266716988146,0.000488793804644061,0.025009789906040258
0.003979759185469334,-0.0028790233628086526,0.025009789906040258
-0.003370825426845414,0.002081159837977964,0.025009789906040258
0.002037809666045831,0.0026245919680469854,0.025009789906040258
0.0017395473910433168,-0.0024014321190222176,0.025009789906040258
0.002771909729482047,-0.0018158935222825079,0.025009789906040258
0.0009895552214747028,-0.004851461935871271,0.025009789906040258
-0.0005374700231319807,0.0027750395247991833,0.025009789906040258
-0.0004599008275203431,0.003997877957722551,0.025009789906040258
-0.0026405753307372493,0.0034297541849106494,0.025009789906040258
-0.00104674255742232,-0.0033424482657267163,0.025009789906040258
0.0033636713665323725,0.0018758428851892717,0.025009789906040258
0.0023917343751769238,0.0016181608641065992,0.025009789906040258
0.0030719963953451668,0.0006328095406598067,0.025009789906040258
-0.0009525253701498926,0.003235616336375813,0.025009789906040258
-0.003996570972780944,-0.0005057422090066765,0.025009789906040258
-0.0020860180516173443,0.0032592253000700566,0.025009789906040258
0.0011671593695741223,0.0034072826112847565,0.025009789906040258
0.002340613308486894,0.002207082783101555,0.025009789906040258
-0.0015611262584780405,0.0014935319891122845,0.025009789906040258
0.0013802935555204954,0.0021316994530771183,0.025009789906040258
0.003286311976886225,0.0005870429496290797,0.025009789906040258
0.004603952564572467,0.0015099578031900762,0.025009789906040258
-0.00244374767349953,-0.002211069470124727,0.025009789906040258
-0.003736412691448976,-0.0017122837631777799,0.025009789906040258
-0.0037755859802892644,0.0007534160892639363,0.025009789906040258
-0.0004668647939549686,-0.003864780107420529,0.025009789906040258
0.000278110596412251,0.003658295130207989,0.025009789906040258
-0.0032606791145504133,0.0036795196352272797,0.025009789906040258
0.0030003463289958177,-0.0006987473721036253,0.025009789906040258
-0.0028873400611715283,0.0034232797534023973,0.025009789906040258
-0.0010504814551222097,-0.00223844675084095,0.025009789906040258
-0.0022851290290297754,-0.0021230506131857396,0.025009789906040258
-0.000885303721251951,0.0006677419409664154,0.025009789906040258
-0.0017941624219091068,-0.0025074167213148257,0.025009789906040258
0.004651615068048898,0.00025139929141015926,0.025009789906040258
-0.002560247497079615,-0.002558771245116276,0.025009789906040258
0.00046603029990865963,-0.002229316041585605,0.025009789906040258
0.0038011731693181616,0.0013465884816188378,0.025009789906040258
-0.0018312799653728007,-0.004643953054561223,0.025009789906040258
0.003945339292869221,0.0006408758783109647,0.025009789906040258
-0.0025634738730389017,0.003889253969603601,0.025009789906040258
-0.004653244157708514,-0.0015234416445082388,0.025009789906040258
-0.0013303192619638082,-0.003176462744065134,0.025009789906040258
0.0027022120372350855,-0.0015797390847929194,0.025009789906040258
-0.0013066648420974047,-0.0024820084009888888,0.025009789906040258
0.002929747397853788,0.0003155491837167901,0.025009789906040258
-0.0012539034401104487,0.0023408814199683547,0.025009789906040258
-0.0009111053887886911,-0.004262826187826363,0.025009789906040258
-0.0021325113659536044,-0.00037302387827553574,0.025009789906040258
0.0007285395639264891,0.003918978289895847,0.025009789906040258
-0.0008753074865284205,-0.003923970648521902,0.025009789906040258
-0.0020847338412188776,0.0033188088112510172,0.025009789906040258
-0.00044459005561892084,0.0036458809611801257,0.025009789906040258
0.0011846123769956307,0.00425304184399522,0.025009789906040258
0.0035289287962356752,0.0032445384229653484,0.025009789906040258
0.0006816334485071351,-0.002745459386620297,0.025009789906040258
-0.0029315234667564027,0.0035385395792957297,0.025009789906040258
0.0038455577907612337,0.0016315310017027684,0.025009789906040258
-0.0036535399558559334,0.002869505629686131,0.025009789906040258
-0.00295243737230777,0.003241739199726368,0.025009789906040258
0.002530931578291984,-0.003914859924449843,0.025009789906040258
-0.001781197991492789,-0.0036461131580765027,0.025009789906040258
0.0015208266440982499,-0.00018962452065984792,0.025009789906040258
-0.003655533958845325,-0.0022895820658881405,0.025009789906040258
-0.0031097381286713244,-0.002992408177885153,0.025009789906040258
-0.0023253735868813408,0.00434730198286104,0.025009789906040258
0.002129052101452089,0.003994600388239178,0.025009789906040258
0.0031959549708204804,0.0010093019348893506,0.025009789906040258
0.003592790827337211,0.00300241850838745,0.025009789906040258
0.004675432153405268,0.0004988948538695581,0.025009789906040258
-0.00388003794463998,0.002166536341690062,0.025009789906040258
0.003920166695735361,0.0006284745298739125,0.025009789906040258
-0.004422576040795434,0.0013111261803508967,0.025009789906040258
0.00030829512553376404,-0.003717846113371337,0.025009789906040258
-0.0032062450797383235,0.002307038087959512,0.025009789906040258
-0.0016071936968362621,-0.002705190856609363,0.025009789906040258
0.0035177654601170616,0.0014894063962032078,0.025009789906040258
0.00023374906807660523,-0.0024230423809044055,0.025009789906040258
0.0019039506474580747,0.001521658003650117,0.025009789906040258
-0.0048530610103796334,0.0011465334058140542,0.025009789906040258
-0.00022415632780936612,-0.004792991757369691,0.025009789906040258
0.0014831512064628072,-0.0029420082054656405,0.025009789906040258
-0.0045286428625246344,-0.0008229979215101935,0.025009789906040258
0.004515925870471449,0.000298491201431883,0.025009789906040258
-0.0004049345239263147,-0.001433188878634084,0.025009789906040258
-0.0016310380608519637,0.0024679845030810554,0.025009789906040258
0.0006365794129914448,0.0029720259926335757,0.025009789906040258
-0.0037491538762139953,0.003033058358365537,0.025009789906040258
0.0013892372727415392,-0.003775075896651714,0.025009789906040258
0.00024692328615971704,0.0033853627197579783,0.025009789906040258
0.0017400272981848985,0.0045155888586165815,0.025009789906040258
0.003112373234671395,-0.0029530190249467125,0.025009789906040258
-0.0030981500982179,0.000675909766153282,0.025009789906040258
-0.00029241851549999254,0.0035272421051288916,0.025009789906040258
0.0008380716099507524,-0.0029387642055347385,0.025009789906040258
-0.0010679507035700198,0.002324826669113378,0.025009789906040258
0.0029142831659108026,-0.0017455937082289097,0.025009789906040258
0.001189683708901157,0.0042624559959349995,0.025009789906040258
0.0006372881977210199,0.004419602804745182,0.025009789906040258
0.004914699023608193,-0.00038257718011358577,0.025009789906040258
0.0008764404003676063,-0.004417821446665471,0.025009789906040258
-0.0005639033036937136,0.004979720868021786,0.025009789906040258
0.0014929905535829846,-0.00023212234636482698,0.025009789906040258
0.0032570939243150576,0.0033625858875332426,0.025009789906040258
-0.0031665395878519575,-0.0008646142814416891,0.025009789906040258
-0.004556990218347323,-0.0006199869152689885,0.025009789906040258
-0.003965818767994733,-0.001676326598529343,0.025009789906040258
0.00016991562348200873,-0.00029520779452685275,0.025009789906040258
0.0019764613766284356,-0.0011839128331558868,0.025009789906040258
0.0038099394841815126,0.0005984990334626517,0.025009789906040258
-0.004257548417399448,0.0007802158465919362,0.025009789906040258
-0.002881705016509528,-0.00370406758388242,0.025009789906040258
-0.0006883540020981016,-0.004255143522094329,0.025009789906040258
-0.004612969107789411,-0.0009295778900693108,0.025009789906040258
-0.004114485688297975,-0.002310730935747074,0.025009789906040258
0.0014208541292131116,0.003597507921067944,0.025009789906040258
0.0005463765293169942,0.002907665020124739,0.025009789906040258
0.003429549434169843,0.0028504426037621045,0.025009789906040258
-0.0030861224252731745,0.0017948542057037997,0.025009789906040258
0.0016301641600762196,0.0038759186179291305,0.025009789906040258
0.004232170930684731,7.53865166606138e-05,0.025009789906040258
-0.0027252392775700685,-0.0016554258165815128,0.025009789906040258
-0.003578430968932622,0.0016208582314263253,0.025009789906040258
0.002725302906483762,-0.0034134675699242223,0.025009789906040258
0.0001691162502943655,0.001408767504797126,0.025009789906040258
-0.00287858319140355,0.0023384647181821094,0.025009789906040258
-0.002184043471519459,-0.0020263251379866176,0.025009789906040258
2.2264129951425626e-06,-0.0010845649192656737,0.025009789906040258
-0.0038611700393715864,-0.0015166855025583459,0.025009789906040258
0.004078564018342945,0.0008391226312394195,0.025009789906040258
-0.001997829638941795,0.0007017774440472024,0.025009789906040258
-0.00040262277331848395,-0.0031164189620298544,0.025009789906040258
-0.0015254187839239819,-0.00020010142941417897,0.025009789906040258
-0.001890523700822655,-0.000341302278917599,0.025009789906040258
0.004425523603366344,0.0012180009799820368,0.025009789906040258
0.00041056392397109676,0.00295493049518214,0.025009789906040258
0.0034042491337480385,-0.0036487359941830277,0.025009789906040258
-0.00334425835256269,-4.4145289814945254e-05,0.025009789906040258
-0.0037006835528323734,0.0020787042743215522,0.025009789906040258
0.0005388947318998305,0.000871169867777688,0.025009789906040258
-0.0005913115000577562,0.0027417452040729984,0.025009789906040258
-0.0015630986784920253,-0.0036203652433499656,0.025009789906040258
-0.00015924687516211122,0.0038998573837787376,0.025009789906040258
0.0038546876629439453,0.002560408205752651,0.025009789906040258
-0.003352025939012293,0.0036675393065195294,0.025009789906040258
0.0042525675198135104,-0.0013946456985340916,0.025009789906040258
-0.0030970640698058105,-0.0027522815668561407,0.025009789906040258
0.0019047877633084909,-0.00245772558096391,0.025009789906040258
0.00029946834615079965,-0.0036201446703501006,0.025009789906040258
2.921046132053906e-05,-0.0031397316953132304,0.025009789906040258
-0.0005185278055375164,-0.0049624868679529754,0.025009789906040258
0.0020932853199013834,-0.002853923071960196,0.025009789906040258
0.0009291223969505324,-0.004532635619312941,0.025009789906040258
-0.0044926139769003726,0.00022268120811053116,0.025009789906040258
-0.00025947153352934293,-0.0034761266233083177,0.025009789906040258
-0.0015405507690289255,-0.004570970857500356,0.025009789906040258
0.0012135222400058154,-3.674084958210644e-05,0.025009789906040258
-0.00011550260408876856,-0.001324721663706896,0.025009789906040258
0.0004132731674419965,-0.0019814908455551006,0.025009789906040258
0.0033379329876197517,0.003441966355936188,0.025009789906040258
-0.0027439603652652522,-0.003342583942519184,0.025009789906040258
0.0008772725550301175,0.0033720130172305574,0.025009789906040258
0.0024245709743411226,-0.0035256899872493364,0.025009789906040258
0.002492505009975332,0.00017491046223283568,0.025009789906040258
-0.002148967300470872,-0.004508373689574796,0.025009789906040258
-0.004973727270730421,-0.00020371263932372763,0.025009789906040258
0.0026704152191179276,-0.003987259464203419,0.025009789906040258
0.0032300441440469285,0.002335135139645672,0.025009789906040258
-0.001956533383319581,-0.001206143049925501,0.025009789906040258
0.0002826496855408145,0.0045049827838568035,0.025009789906040258
0.0020329095070401593,-0.00034832478678437084,0.025009789906040258
0.000702735026406387,-0.002640832528499004,0.025009789906040258
-0.0011805307101475648,0.00018629846235684866,0.025009789906040258
-0.002800926844304996,0.0033274909593892232,0.025009789906040258
-0.0038706388838818384,0.001271478892082456,0.025009789906040258
0.003477067504707776,-0.003544273415649002,0.025009789906040258
0.00027298824988175596,0.0025941473387938174,0.025009789906040258
-0.0027056103103184626,-0.00275634504882305,0.025009789906040258
-0.0012664803726991636,0.002627472248494911,0.025009789906040258
-7.711531609166933e-05,0.004925515895479293,0.025009789906040258
-0.004789364790894979,-0.0012063201675474033,0.025009789906040258
0.0004504641619798022,0.0009247553140747655,0.025009789906040258
-0.0033908069709909228,0.0006863385115600806,0.025009789906040258
-0.004392263147366293,-0.0009714990297595705,0.025009789906040258
0.0031232400235161606,-0.0012499757534918388,0.025009789906040258
0.0035606810868316074,-0.0030325083458535573,0.025009789906040258
0.0041714994781472114,0.0012234950747309625,0.025009789906040258
0.004334780429985585,0.00036435523881772625,0.025009789906040258
-0.0022038074139949515,0.0025734325826114457,0.025009789906040258
-0.0034072519598389306,-0.0026834723111015535,0.025009789906040258
-0.0012750610928407013,-0.00041777380503971173,0.025009789906040258
-0.0005289555514513822,0.0036373385761407917,0.025009789906040258
-0.0006301563261219556,-0.004670339003141066,0.025009789906040258
0.0028901150615325832,-0.0038149723452249873,0.025009789906040258
0.0017629517604049738,0.00047783902245956966,0.025009789906040258
-0.003229423945160903,0.0016411637640114662,0.025009789906040258
0.0016195770429288103,0.001027054312639386,0.025009789906040258
-0.004901499534639697,-0.0008038064024900038,0.025009789906040258
-0.0028070420873262947,4.185418939550711e-05,0.025009789906040258
0.0032133672369454302,0.0025627576934361684,0.025009789906040258
-0.002800181927906209,0.0035897849655270875,0.025009789906040258
-0.0012210098969482885,0.0017818122241468615,0.025009789906040258
0.0012676548754644301,-0.0032289488033541147,0.025009789906040258
-0.0005593376459858135,0.0028200319074862534,0.025009789906040258
-0.004139180258356134,-0.0027944295462916102,0.025009789906040258
-0.003543462534555175,0.000285031163746563,0.025009789906040258
0.0030561927652072995,-0.0017906735365720294,0.025009789906040258
-0.004395557845548126,-0.0009532430382090951,0.025009789906040258
0.004572143870632317,-0.001904845791091958,0.025009789906040258
0.0005288875333873122,0.0039570993059570014,0.025009789906040258
0.0012796376455082026,0.0019875385441583404,0.025009789906040258
0.003981676872520268,0.00035803755818442085,0.025009789906040258
0.0019201178941585795,-0.004140462510513032,0.025009789906040258
0.004082092993542119,0.0009244253034843553,0.025009789906040258
0.0006083622080659268,0.0011099695145517785,0.025009789906040258
-0.002339479011794765,0.0027007155219322954,0.025009789906040258
0.001973582578372657,0.0045025040028363605,0.025009789906040258
-0.0028228137945340848,0.0022555479834984737,0.025009789906040258
-0.0030144714350583968,-0.003792964658224207,0.025009789906040258
-0.0038998005678863024,0.003118194940054053,0.025009789906040258
0.003806526726389592,-0.0015649406518836173,0.025009789906040258
-0.004413222066915523,-0.0022817682405502637,0.025009789906040258
-0.004372898227934741,0.0004153184284048095,0.025009789906040258
-0.004331152550456352,0.0006761029296109555,0.025009789906040258
0.0012336327474979925,0.003951723481918634,0.025009789906040258
-0.002430386810100771,3.798398183779694e-05,0.025009789906040258
0.004123906365720131,-0.0010124987778787897,0.025009789906040258
0.00046453617853581264,-0.0005146933456607883,0.025009789906040258
-0.0003197909868379867,-0.0032899322681601006,0.025009789906040258
-0.0009477566795901282,0.004858329667015937,0.025009789906040258
-0.0014766334675027082,0.0014498599026637748,0.025009789906040258
-0.0038793719378773517,0.00012772201381450188,0.025009789906040258
-0.0034717095475258475,0.0018959570034997597,0.025009789906040258
0.00023821642581345337,-0.0030314356814855614,0.025009789906040258
0.0030053791368089833,-0.0001024329162024884,0.025009789906040258
0.0014414783899638905,0.0018401750976337894,0.025009789906040258
-0.0020629565532139793,0.004251421233398389,0.025009789906040258
-6.130541569548953e-05,0.004824493939530328,0.025009789906040258
0.004125005551749439,-0.0025200021021554164,0.025009789906040258
1.2222777857215372e-05,-0.0024233822949497608,0.025009789906040258
-0.0009578162009340474,0.0047338145312707525,0.025009789906040258
0.0012923007996619162,0.0011099725530758775,0.025009789906040258
-0.003061727393738778,0.0021917668480710972,0.025009789906040258
-0.0011125900103277075,0.003967959562636736,0.025009789906040258
-0.0004868702433293848,0.004229067692506305,0.025009789906040258
0.004651955202014335,0.0007574585560723435,0.025009789906040258
-0.002992645435753616,-0.003819009223313685,0.025009789906040258
-0.002275834585717007,-0.0021658206096120125,0.025009789906040258
-0.0036922629217919223,0.0015942440817529047,0.025009789906040258
-0.0005318496386967908,-0.002063887167217615,0.025009789906040258
0.004428574658589923,-0.000675108576120742,0.025009789906040258
-0.0038600902188932196,0.0032010219065341516,0.025009789906040258
-0.0006284126664644063,-0.0033041245223017768,0.025009789906040258
-0.003101335924874604,-0.0009106341549305341,0.025009789906040258
0.003236479370155365,0.0006473276808334205,0.025009789906040258
7.821130057350523e-05,-0.0048857644568656156,0.025009789906040258
0.0006181566857570431,-0.002020194919008844,0.025009789906040258
0.0009709213069983846,0.0032895188189456803,0.025009789906040258
-0.002422546336681819,0.003342184204022658,0.025009789906040258
-0.0023179508608812682,-0.0023960185061255856,0.025009789906040258
0.00136235815854846,-0.003901493328548611,0.025009789906040258
0.0028954909901237613,0.0038865177723224065,0.025009789906040258
0.0007818623377362499,-0.003327928668756641,0.025009789906040258
-0.0035878176542851747,-0.002062653712052054,0.025009789906040258
0.0012620740411133369,0.0036007762932115384,0.025009789906040258
-0.0006071999795871363,0.004174333543126352,0.025009789906040258
0.0030093375645741105,0.0029513442318744865,0.025009789906040258
-0.0016746480582146006,-0.0018712163783209945,0.025009789906040258
0.0029850410142699957,-0.001142540748913845,0.025009789906040258
0.0031223326152236552,0.003727676457195628,0.025009789906040258
-0.0005590671723538776,0.0047266958672551596,0.025009789906040258
0.0037783129237851654,-0.0012432139127831476,0.025009789906040258
0.000586075084946458,0.0018739843138124712,0.025009789906040258
-0.0034942592240305714,0.000576178613468592,0.025009789906040258
0.0031368961157909325,0.003218810133493122,0.025009789906040258
-0.0032619502542310386,-0.0031875121272442186,0.025009789906040258
0.0033448987158593013,-0.0008120433033127483,0.025009789906040258
0.003844639714873921,-0.0013474224803537993,0.025009789906040258
0.003635359893095824,0.0022650502712728837,0.025009789906040258
-0.004395943269045688,-0.0008611187489862004,0.025009789906040258
-0.004175324775196998,-0.0012306170590985488,0.025009789906040258
-0.003472813332184188,0.001641603355311716,0.025009789906040258
-0.0007771660740054642,0.004225849119613656,0.025009789906040258
-0.0017283382840922457,-0.00021341467544977455,0.025009789906040258
-0.0036930867087328068,-0.0009489809605272015,0.025009789906040258
-0.004728368672353156,0.001416259402382991,0.025009789906040258
-0.0006713757721694691,0.0020965353801454256,0.025009789906040258
-0.003914091267972708,-0.0010944868412874342,0.025009789906040258
7.811310996541643e-05,-0.0039816475374223614,0.025009789906040258
0.002847536701047204,-0.002197542392842422,0.025009789906040258
0.0012760896843300173,0.004056727409668781,0.025009789906040258
-0.0013133791044115384,0.001254172176457402,0.025009789906040258
-0.0009631157419338621,-0.004648086686451336,0.025009789906040258
0.001983706814449704,0.0034784116050978753,0.025009789906040258
0.003049886895151843,0.003793066113239263,0.025009789906040258
0.004155156054423514,-0.002275681715442346,0.025009789906040258
-0.0034170359145768714,0.0008584420371935408,0.025009789906040258
0.0013402897190992746,0.0019760828131634156,0.025009789906040258
-0.0024307892403996334,0.0009991783085618877,0.025009789906040258
0.0020409497273945476,0.0037030464778133876,0.025009789906040258
0.004142268581119879,8.777516955982279e-05,0.025009789906040258
-0.0011436163448070857,0.004263865660369959,0.025009789906040258
-0.0012458323380499792,-0.004518533413083503,0.025009789906040258
0.002458821452783866,0.001235429802445509,0.025009789906040258
0.0010352575892156324,0.00034345314601003096,0.025009789906040258
0.0027961949627517413,-0.003909411975136834,0.025009789906040258
-0.0017464789691494786,0.0006240946666506986,0.025009789906040258
-0.0006361760115893844,-0.0009770719480224344,0.025009789906040258
0.0008480285425633838,-0.0005773410422120762,0.025009789906040258
-0.004599352928174483,-0.0011825230471558257,0.025009789906040258
-0.0014243634370050273,0.0010122075466627578,0.025009789906040258
-0.004824744413348014,-0.00012818298190309108,0.025009789906040258
-0.0015608066705503632,-0.0031654172054906837,0.025009789906040258
0.0028320829018930738,-6.19003827237452e-05,0.025009789906040258
-0.0034920490482654998,0.0006710835074894561,0.025009789906040258
-0.004342410184577261,-0.0004384589874555367,0.025009789906040258
0.0032606611673600128,-0.003347523143315101,0.025009789906040258
-0.0037118824278223883,-0.0003894859569841813,0.025009789906040258
-0.00025071713024749087,-0.004574993470505717,0.025009789906040258
0.0011624879515590436,-0.00014342691413848918,0.025009789906040258
0.0034209025319320574,0.002932370648242255,0.025009789906040258
-0.000738937286109298,0.004957330502335822,0.025009789906040258
-0.0029730002095611496,-0.0011188395154988484,0.025009789906040258
0.003932019573113621,0.0020717231055300545,0.025009789906040258
-0.0018744168006037398,-0.004304665518290562,0.025009789906040258
-0.0013541332795092842,0.004235191839669028,0.025009789906040258
-0.00012244842095965325,0.0015653486379800796,0.025009789906040258
0.004222663827995632,-0.002016825487594076,0.025009789906040258
-0.0016618591278430017,0.0033980583412613896,0.025009789906040258
0.003886885432230258,0.000642968091371543,0.025009789906040258
0.0024929311247632313,-0.0034175646387915037,0.025009789906040258
0.002413305502486196,0.0039063991653236485,0.025009789906040258
-0.0002993253571932364,0.004493429683002148,0.025009789906040258
-0.0017449427081697166,-0.00056932269780674,0.025009789906040258
-0.0026960294332027956,-0.003567024119362827,0.025009789906040258
0.0011945582430943347,-0.0041404959500255245,0.025009789906040258
0.0015308690186888185,0.0005748655746069531,0.025009789906040258
-0.0024305185615673963,0.003585464713729891,0.025009789906040258
-0.0008535526277810845,0.0036191506937548468,0.025009789906040258
-0.004451706938063182,-0.00042255911728039663,0.025009789906040258
-0.0013921848255353808,0.004363498531326115,0.025009789906040258
0.0016986635382654214,0.0009461195482112217,0.025009789906040258
-0.004458652110926664,-0.0021746768325563437,0.025009789906040258
0.004060470987006681,0.001428532814530925,0.025009789906040258
0.0030354542510266924,0.0035969957716339707,0.025009789906040258
0.002810055163855907,0.00030640872958986876,0.025009789906040258
0.0038166453611410134,-0.001519847063807589,0.025009789906040258
0.0032693194474511245,0.0028113274061958293,0.025009789906040258
-0.004716784862509371,-0.00023623952531215409,0.025009789906040258
0.0009637015900487711,-0.0005434609510244215,0.025009789906040258
-0.004820967942698928,0.0011781662876089172,0.025009789906040258
0.004503743190895193,-0.00046935026224215193,0.025009789906040258
0.0028004178491478626,-0.0016425139466509364,0.025009789906040258
-0.00047344172276186924,0.002590178769185769,0.025009789906040258
0.0032576866751377054,-0.003698588518552981,0.025009789906040258
-0.00038466085861843524,0.004579119014408661,0.025009789906040258
0.0021599933914515645,-0.004051830252898014,0.025009789906040258
0.0034562055245288548,0.0015083174605123872,0.025009789906040258
-0.0017502277145489131,-0.004272500528180956,0.025009789906040258
0.003303894939623575,-0.0005193981053022156,0.025009789906040258
-0.0019946607262628646,-0.0019360969344699441,0.025009789906040258
-0.0001185069629996427,-0.004417652049454546,0.025009789906040258
-0.00426724130493028,0.001256277596958455,0.025009789906040258
-0.003341834761588558,0.0015949369856720352,0.025009789906040258
-0.0017717428816226288,-0.003074118200018461,0.025009789906040258
-0.00028462456903532996,-0.004276428549516709,0.025009789906040258
-0.0016741034449747616,0.0017338278179472866,0.025009789906040258
-0.004560011473081715,0.0013198938535285976,0.025009789906040258
0.002304865343202067,0.004438774473754847,0.025009789906040258
0.0031131998088795854,0.0028794526824640343,0.025009789906040258
-0.0018084174003512032,0.00414985313604177,0.025009789906040258
0.0020232635082173545,-0.0035727219062096083,0.025009789906040258
-0.0018055112766948156,0.0016530590910157628,0.025009789906040258
-0.0011733194777665545,0.003420877939909417,0.025009789906040258
-0.0015786543377149798,-0.0015750937216374439,0.025009789906040258
-0.001011623593823785,0.003607404938719583,0.025009789906040258
0.001355306467932138,0.0030490374979201817,0.025009789906040258
0.002608791690157375,-0.0029790008325072392,0.025009789906040258
0.001692061518511423,0.00425983358206139,0.025009789906040258
0.003651243175422536,0.002072453283570752,0.025009789906040258
-0.0018788688920672314,0.001297348406444243,0.025009789906040258
-0.004012136206988259,-0.0012600930306803093,0.025009789906040258
0.004686611168274624,0.0007300194484880507,0.025009789906040258
-0.004516290762765607,-0.0010271621395752106,0.025009789906040258
-0.003745304582118081,-0.002895592289714699,0.025009789906040258
0.00039832781881576906,0.004987113098728457,0.025009789906040258
0.002132343488305821,0.0028042611977916465,0.025009789906040258
-0.0014255533235036921,-0.0026337962435398765,0.025009789906040258
0.0026105226656980562,-0.0033873285684116183,0.025009789906040258
-0.0033436521431617905,-0.00255859716335749,0.025009789906040258
-0.00031497085133125324,-0.0026910782588842608,0.025009789906040258
-0.0027269862208427753,0.002893902633328338,0.025009789906040258
-0.001922478147339035,-0.004458486761947711,0.025009789906040258
0.0005728693648787697,0.004832699849615096,0.025009789906040258
0.004004087249462884,-0.0027046492107665188,0.025009789906040258
0.002133157079484249,-0.00324286474049984,0.025009789906040258
-0.00350419457854656,-0.002080187363549868,0.025009789906040258
0.0022316364042467285,-0.0033446151580918126,0.025009789906040258
0.0018726400663506837,-0.0034354210237594884,0.025009789906040258
-0.0021734346333595056,-0.0036115824399196583,0.025009789906040258
-0.002924194707642158,0.0019722930067249678,0.025009789906040258
2.412166359105905e-05,-0.0024027943869597834,0.025009789906040258
0.000364327140879972,-0.0007486124691142848,0.025009789906040258
-0.001639139138340795,0.0044297099683277,0.025009789906040258
0.0044314291742324485,0.0017418404213103145,0.025009789906040258
0.0023517042531615573,0.0017276627076334705,0.025009789906040258
0.001652109242495925,-0.001275935556828145,0.025009789906040258
0.004044509297727927,-0.0011580178703773925,0.025009789906040258
-0.0028544456175509936,0.003954957891309618,0.025009789906040258
0.00034277820476136256,-0.004996339184565102,0.025009789906040258
0.0028233923879525946,0.003955514333974008,0.025009789906040258
-0.00321020420164686,0.002661381425919984,0.025009789906040258
-0.0010538027757123203,-0.000546060571289253,0.025009789906040258
-0.0021830610089530467,-0.0034335611512119613,0.025009789906040258
-0.001967021807475433,0.0021371407724544156,0.025009789906040258
0.0004844869450182365,0.0016635410670531314,0.025009789906040258
0.003943586549127076,-0.0029929958828631698,0.025009789906040258
0.0017067915765487385,-0.001899175276854237,0.025009789906040258
0.002761847879032331,-0.0007450923435134982,0.025009789906040258
0.00194300573309647,0.0045578924171820745,0.025009789906040258
0.0001884412820747361,0.0028359170372951326,0.025009789906040258
0.0034270124321125195,3.4903423393572997e-05,0.025009789906040258
0.002893321055765341,-0.00246837420513657,0.025009789906040258
-0.0035099198832924117,0.0035457378013674656,0.025009789906040258
0.004901282945070307,0.00017751051502634674,0.025009789906040258
-0.0012680085430858412,0.004802822471134505,0.025009789906040258
0.001598572158394873,0.004071280293764801,0.025009789906040258
0.0016403321862732412,0.0032558450417496942,0.025009789906040258
-0.00040312608720993737,-0.0015259115700629877,0.025009789906040258
0.0019133449797852364,-0.0004733313553164642,0.025009789906040258
-0.003557145486421831,0.0032071413730250242,0.025009789906040258
0.004380429013245646,-0.0021352282209328166,0.025009789906040258
0.0013877929750805151,0.0005304040396127974,0.025009789906040258
0.0021803633017185575,-0.000553256094915966,0.025009789906040258
-0.004332407959964257,0.0005263837033631091,0.025009789906040258
-0.0012943424617546384,-0.0015758401781411635,0.025009789906040258
0.004678352700082655,-0.0014123599980155888,0.025009789906040258
-0.001648074142543976,0.0004067621783474529,0.025009789906040258
0.0005832860449865862,-0.0023478004085788484,0.025009789906040258
-0.0007215242186013882,0.004680950954998764,0.025009789906040258
0.004492372832835656,0.0013481070683081242,0.025009789906040258
0.002177451841724576,0.0003912377431509739,0.025009789906040258
0.004552899930160947,-0.001424127454679791,0.025009789906040258
0.0001482871917108941,0.0026164172513816197,0.025009789906040258
-0.003327926181732721,0.00253931132401064,0.025009789906040258
-0.0009384107506829054,0.004902216169362816,0.025009789906040258
-0.0009428154118404919,0.0036218424428291485,0.025009789906040258
0.0007939047124878584,-0.001250636637990965,0.025009789906040258
-0.002552690163224014,0.002559871589948415,0.025009789906040258
8.991098156552191e-05,-0.003910128756881903,0.025009789906040258
-0.0002044409701769112,-0.0027554307800201627,0.025009789906040258
-0.0043951564208271066,0.0014329518585096679,0.025009789906040258
-0.00024826356183949017,0.00390829546048721,0.025009789906040258
-0.002269759555325379,-0.002217686379161421,0.025009789906040258
-0.0012483272255678912,0.003946905781091914,0.025009789906040258
-0.003316111110780895,-0.0010812425601809394,0.025009789906040258
-0.003884871330107842,-0.003104729440842391,0.025009789906040258
-0.0014247458959317783,0.0024751297313621023,0.025009789906040258
-0.00182483115108667,0.0036757494656463052,0.025009789906040258
0.0046533525855778635,-0.00010035828405596803,0.025009789906040258
0.0003166278885400331,-0.004592476454568839,0.025009789906040258
0.0006554535035796505,-0.004873982417286982,0.025009789906040258
-0.0011794592878118237,-0.004812142216593429,0.025009789906040258
0.0013439630940812464,0.003937653902895022,0.025009789906040258
-0.0005422629856663974,-0.004812487497794393,0.025009789906040258
-0.0016741559087343205,-0.0045421806124466,0.025009789906040258
-0.002574242762005241,-0.0017108232485156805,0.025009789906040258
0.0034777308085658376,-0.0002527446734887917,0.025009789906040258
0.00013401267994384014,-0.003190387916344406,0.025009789906040258
0.0018827726857324478,0.004624768941333457,0.025009789906040258
0.003585514676224477,-0.0025315906112908237,0.025009789906040258
0.003745908829241529,-0.0012977948401911021,0.025009789906040258
0.004171213187177614,-0.0015922698193424623,0.025009789906040258
-0.0049551960019016406,-1.5438976380066638e-05,0.025009789906040258
0.0020108260377647014,0.004212555632740589,0.025009789906040258
0.0035473565883030744,0.0032858763338623476,0.025009789906040258
-0.001988278390665954,0.0044516092644428795,0.025009789906040258
-0.0032628886371952603,-0.00252706408364034,0.025009789906040258
-0.0021107789498095997,-0.002818357377719849,0.025009789906040258
-0.0016275003320469494,0.000723222754690056,0.025009789906040258
0.0019002549188193996,0.004447228013710003,0.025009789906040258
-0.0037330476715773386,0.0003846134027121195,0.025009789906040258
-0.004079072871597589,-0.0012200543279750065,0.025009789906040258
-0.0010304451868554665,0.002497027454364087,0.025009789906040258
-0.004806171406293913,-0.0010599116362453032,0.025009789906040258
0.0044701293032076705,-0.0019155742779020102,0.025009789906040258
-0.004600228080356317,-0.0009175724421179865,0.025009789906040258
-0.001668107422080567,0.003083348528463148,0.025009789906040258
0.003164257854251673,0.0034160775573148783,0.025009789906040258
-0.00290170397309808,0.0030492908727097756,0.025009789906040258
0.002052458658905465,0.004393711745407813,0.025009789906040258
-0.00062857131108629,-0.0047729325157988,0.025009789906040258
0.0022679914463701323,-0.003003153025911587,0.025009789906040258
0.002756683840569707,-0.003591925615008762,0.025009789906040258
0.003146014116026663,-0.0031567414868582944,0.025009789906040258
-0.002321458273950583,-0.004212725187635158,0.025009789906040258
-0.004253324250051094,-0.0015430463151062668,0.025009789906040258
-0.0029215300094413976,0.0021427208513635776,0.025009789906040258
-0.000977163553788074,-0.0019127700477632459,0.025009789906040258
0.0031826927625964174,0.0035846124333076546,0.025009789906040258
0.00019456829364594697,0.003492763770122309,0.025009789906040258
0.002874564380398681,-0.003923845399746995,0.025009789906040258
-0.0037185848760579177,0.0021498868995522002,0.025009789906040258
-0.004754296946551051,-0.0008074116396521447,0.025009789906040258
-0.003666358782201229,0.002507676810655113,0.025009789906040258
-0.001209040823667351,0.0011341375654509989,0.025009789906040258
0.0023910809593132853,0.0023873113841972327,0.025009789906040258
-0.0033055137934461243,-0.003348040110868311,0.025009789906040258
-0.0027418957661105026,-0.004103397860191649,0.025009789906040258
-0.004399045047996708,0.0015341887884439132,0.025009789906040258
-0.0010830280219256139,-0.004572953346297481,0.025009789906040258
-0.002353186945491359,0.000989120481218464,0.025009789906040258
0.004992918482763287,-8.777449673957882e-05,0.025009789906040258
0.0008254533020464194,-0.0032371858784330243,0.025009789906040258
-0.0025169421985040685,0.0025837132241690597,0.025009789906040258
0.004858508979296516,0.0005545274541782774,0.025009789906040258
-0.003265558177929506,0.003041045919008667,0.025009789906040258
-0.0006005065223746442,-0.0036875775147784395,0.025009789906040258
-0.0027457300885025404,0.003817195494939085,0.025009789906040258
0.004612080565351562,0.001633418865658598,0.025009789906040258
-0.004303828267609333,0.0014346384170025317,0.025009789906040258
-0.0005100771883332911,-0.004616970183448643,0.025009789906040258
0.0008557540639992922,-0.00010520543182401809,0.025009789906040258
0.004275725162614208,-0.0007361102846994427,0.025009789906040258
5.430846039788939e-05,-0.0013041708619745407,0.025009789906040258
-0.004216755938493577,-0.0009543137971679272,0.025009789906040258
0.0006481974852485806,-0.002600765781320291,0.025009789906040258
0.004051138473350591,0.002608051529819022,0.025009789906040258
0.002394014350496576,0.003272126629692451,0.025009789906040258
0.0024511587267923574,-0.0035467575045444732,0.025009789906040258
-0.0021274432971587487,0.0019772807948932325,0.025009789906040258
-0.0006268327037020072,0.002605329548963198,0.025009789906040258
-0.002274362922538131,-0.001408888757499227,0.025009789906040258
-0.002289662567985573,0.0001893154225405258,0.025009789906040258
0.0032572099058896242,0.0021157964970228704,0.025009789906040258
0.004445640381554483,0.00019084213083897517,0.025009789906040258
0.0014139678593014793,0.00441903948660638,0.025009789906040258
0.0019826039799148987,0.002831767718781464,0.025009789906040258
0.0029090885519345022,0.002796364443600652,0.025009789906040258
-0.0038112695700540655,0.0015740041241834035,0.025009789906040258
-0.0009359945663023339,-0.001882136137430379,0.025009789906040258
-0.0021597878383055047,0.0006441735011311067,0.025009789906040258
-0.0021388778758115734,0.004490156630623687,0.025009789906040258
-0.003493630638779166,0.002387592479880851,0.025009789906040258
0.0031451533071553683,-0.0036856318364613117,0.025009789906040258
-0.0014662908874161218,-0.0038370722593796813,0.025009789906040258
-0.0030488953226850413,-0.0038699106480137857,0.025009789906040258
-0.0016745577914409893,0.004635686440629172,0.025009789906040258
0.0020274207328689897,0.003875270001437059,0.025009789906040258
-0.0034133893490384537,0.0028775551828204016,0.025009789906040258
-0.0039028613518183874,-0.0005731847000243206,0.025009789906040258
0.0016013718125300613,0.004317692069172097,0.025009789906040258
-0.0035706410718141512,0.0013219283836836127,0.025009789906040258
0.0026063194805026058,-0.0031804068850895817,0.025009789906040258
0.0014253995520050466,-0.0004863169242383947,0.025009789906040258
-4.361323017332275e-05,-0.004008304393536832,0.025009789906040258
-0.003110489057565502,-0.001660961462601307,0.025009789906040258
0.003234129228907534,0.0034315782395246686,0.025009789906040258
0.0015573245254678625,-0.004704846089268244,0.025009789906040258
0.001787021482916984,-0.0014388707454671135,0.025009789906040258
0.003592332047933411,-0.0024617749213042828,0.025009789906040258
-0.001030345981522629,-0.003937126498797738,0.025009789906040258
-0.003971749466650465,-0.003014804004873639,0.025009789906040258
0.0003881587528402619,-0.004712489271987863,0.025009789906040258
0.002720019796242923,0.0004625351587237425,0.025009789906040258
0.004385019597521023,-0.0024094187966952063,0.025009789906040258
-0.0013292478477655578,-0.004704508628698534,0.025009789906040258
0.0013683479885191474,-0.0014632311661788577,0.025009789906040258
0.002173809771818469,-0.002390372475488789,0.025009789906040258
-0.003210063317201417,0.0021815697621079266,0.025009789906040258
-0.0020147711144868907,0.000323309473804656,0.025009789906040258
0.0033136495570538216,0.0003110188726682672,0.025009789906040258
0.002565700451636843,0.0014378581026175397,0.025009789906040258
-0.004033034171847305,0.00217622938656703,0.025009789906040258
0.0005650680316433565,0.004475284749830166,0.025009789906040258
0.0010012593551156357,-0.0018091280687428934,0.025009789906040258
-0.003678993423676502,0.0031642916487371053,0.025009789906040258
-0.0011424072774168792,-0.003992770462055262,0.025009789906040258
0.0005687826216833614,0.002699639893883443,0.025009789906040258
0.002195342399637923,0.0007881862396539319,0.025009789906040258
0.0031135604732064337,0.0015624830233242903,0.025009789906040258
0.0010821933674254325,0.002005990736201113,0.025009789906040258
-6.877017679984831e-05,0.00220509608013586,0.025009789906040258
0.001306026605805144,-0.00039289920754770336,0.025009789906040258
0.000976698009691468,-0.002930939148694023,0.025009789906040258
-0.0006122264708459113,-0.0018707970523710316,0.025009789906040258
-0.002824762384019408,0.0008522087843614301,0.025009789906040258
0.004751207595234064,-8.071724220581888e-05,0.025009789906040258
0.00034702994749480354,-0.004498962215478741,0.025009789906040258
0.0020902740929109598,-0.0023511774122368934,0.025009789906040258
0.004283508534896896,-0.001729631419751243,0.025009789906040258
0.0017582462534626586,0.0046750015306926684,0.025009789906040258
-0.0011256069218461562,-0.0007945913922604575,0.025009789906040258
-0.0025141011438201133,0.00011281039556410022,0.025009789906040258
0.0034030461255483146,0.0008579094531047105,0.025009789906040258
0.004847627018882861,-0.0003741562903956108,0.025009789906040258
-0.0023252498096759666,0.0019145856581346266,0.025009789906040258
-0.0026176691674102415,0.0017417027920583195,0.025009789906040258
-0.0008034871142008626,0.0025266359385156534,0.025009789906040258
-0.0017060419104790725,0.0031531399029063323,0.025009789906040258
-0.004442565313603097,0.0014371782357507357,0.025009789906040258
-8.375709166774659e-05,0.002284274228571803,0.025009789906040258
0.002143892730586572,-0.001467010292014237,0.025009789906040258
-0.00016313640052234568,-0.00334606894623235,0.025009789906040258
0.003393378416784998,0.0029581486797169987,0.025009789906040258
-0.0018465583379789763,-0.003881676603967321,0.025009789906040258
0.0003510245317124294,-0.0007072590095313913,0.025009789906040258
0.0009800666825485749,0.0016473755888899433,0.025009789906040258
0.00019998959967537644,-0.0038820980590728027,0.025009789906040258
-0.0003691064365387575,-0.00409219093491231,0.025009789906040258
0.004728806504694205,-1.6813380135899392e-05,0.025009789906040258
0.0015134674478893828,0.004552272834274618,0.025009789906040258
0.0037629611984044686,0.002899295363537391,0.025009789906040258
-4.5129392894138753e-05,-0.0020000385276066623,0.025009789906040258
0.004656733303733063,-0.0009975813639488962,0.025009789906040258
-0.0005984186515357592,-0.0018534166144714703,0.025009789906040258
-0.0011965138111111884,-0.002591488215397675,0.025009789906040258
0.0030210506452164054,-0.0004533188692512624,0.025009789906040258
0.0020931505923229565,-0.0034979738297629126,0.025009789906040258
0.0013984406863407628,-0.002528767043926905,0.025009789906040258
0.003520920609886957,0.002923334470381178,0.025009789906040258
0.00394850130100366,-0.0020173780572747546,0.025009789906040258
-0.0027274647967630017,-0.002876824113474896,0.025009789906040258
0.0016503241863468077,0.00438727876380085,0.025009789906040258
-0.0017955082436724723,-0.0034642680294609818,0.025009789906040258
-0.0005549384272764968,-0.0029359305109863953,0.025009789906040258
0.002583472500219841,-0.002007053805234804,0.025009789906040258
0.0015526413391189209,-0.0045007313261251625,0.025009789906040258
-0.0018777323890475373,0.004366586037527043,0.025009789906040258
-0.00048113267225158296,-0.004876043346108361,0.025009789906040258
-9.717202487491416e-06,-0.0017395087785239127,0.025009789906040258
0.002838525580607154,-0.003560101302451102,0.025009789906040258
-1.8233269795109308e-05,0.0006124938962228654,0.025009789906040258
0.0018486161557209613,0.0005366773853063833,0.025009789906040258
-0.0015556404386618539,0.002615979428984616,0.025009789906040258
0.0023058962130591,-0.00031329617478315086,0.025009789906040258
-2.7483615083478963e-05,-0.004471851685089234,0.025009789906040258
-0.00323194051257758,-0.003383989954404143,0.025009789906040258
-0.0016598815969732783,-0.0046939406740946765,0.025009789906040258
-0.0017504683172262503,-0.0005062947200435985,0.025009789906040258
0.002073628279635642,-0.003766844606886366,0.025009789906040258
0.002668598692704194,0.0027305368534413788,0.025009789906040258
-0.0030242503882220717,0.00261867086381784,0.025009789906040258
-0.00039754649105905315,0.0036647055149394703,0.025009789906040258
-0.0029848220264270253,0.004000647344405195,0.025009789906040258
0.0011907451919128675,0.0006201051519019174,0.025009789906040258
-0.004178875557030892,0.002142057184553181,0.025009789906040258
-0.004565865505057332,-0.0008903594127218639,0.025009789906040258
-0.0004901683613196539,-0.004117749090966072,0.025009789906040258
-0.002170388864648487,0.0032941805959794124,0.025009789906040258
0.003477266733224127,-0.002176017666663199,0.025009789906040258
0.0006617006799194414,-0.004583638741181062,0.025009789906040258
-0.003748241967304722,-0.0018472610470681161,0.025009789906040258
0.002488814633146319,-0.002035171520644141,0.025009789906040258
0.004568014225704076,0.002014400107764658,0.025009789906040258
-0.000540346221679755,0.004193917703197769,0.025009789906040258
0.0019219173450579774,-0.00414092003948241,0.025009789906040258
0.0016940741944484472,-0.0035463112894547066,0.025009789906040258
0.003491925475231028,0.003351549238505669,0.025009789906040258
-0.0015786398311394834,-0.0012996175714476976,0.025009789906040258
0.003421867401399936,-0.0032350185442453494,0.025009789906040258
-0.001970382034917506,-0.002633458391432697,0.025009789906040258
-0.0026088578068055313,-0.0021900125786338265,0.025009789906040258
-0.0007010163676657299,0.0044998878027655564,0.025009789906040258
0.0049907659534511595,-0.00014206352289614088,0.025009789906040258
-0.0021262120335272527,0.004261836645703454,0.025009789906040258
-0.0042258552442291375,4.9793221761407214e-05,0.025009789906040258
-0.0005528419210376612,0.004769224762164015,0.025009789906040258
-0.004860752648255584,-0.00027178345926870406,0.025009789906040258
0.0020155705881776953,-0.004573884458693556,0.025009789906040258
0.003201288406998515,-0.002198634509440467,0.025009789906040258
-0.0045949286855488936,0.0005482936554761508,0.025009789906040258
-0.004569307240878118,-0.00047599279259369354,0.025009789906040258
0.0032920525205248907,-0.0030620572048611905,0.025009789906040258
0.0024162101733296026,-0.0025737936588328125,0.025009789906040258
-0.003553291345724574,0.0034261580461567576,0.025009789906040258
0.001891962981078521,-0.00370725832536678,0.025009789906040258
0.002251266194274848,-0.002788572466766226,0.025009789906040258
0.00029013943840450196,0.0026606183016575358,0.025009789906040258
0.0023661256517932827,-0.0023795854726706978,0.025009789906040258
0.0026174969179990626,-0.003534261517156523,0.025009789906040258
-0.004376555521560022,0.0012596015715278241,0.025009789906040258
0.001829768833330192,0.0027940160292203586,0.025009789906040258
-0.002595270999790955,-0.003672697699752092,0.025009789906040258
0.0004177445973132521,-0.0032580508923913953,0.025009789906040258
0.00016769945982675338,-0.004689116962950379,0.025009789906040258
0.0013057120612387507,-0.0045792777398361295,0.025009789906040258
-0.0007193632660191795,-0.004416962314103046,0.025009789906040258
0.00019956675379728672,-0.004628365381016408,0.025009789906040258
-0.002138547057842999,-0.0024082092779842412,0.025009789906040258
0.0003765706007738956,-0.0021013670252294503,0.025009789906040258
-0.002759326091286596,0.0035179034644343687,0.025009789906040258
9.506302995476723e-05,6.113430292253863e-05,0.025009789906040258
-0.0003463562257892683,0.0015605066721651184,0.025009789906040258
-0.0003564506662452338,0.002233509578616122,0.025009789906040258
0.004007406059692187,-0.00207887783769678,0.025009789906040258
0.00196764811723682,0.004358021269950996,0.025009789906040258
-0.0038002505727874336,-0.003164244529958893,0.025009789906040258
0.0013205934918598672,0.0007687678040317891,0.025009789906040258
0.0006863494677462612,-0.004461315030731328,0.025009789906040258
-0.0011419738402302926,0.004628329362937222,0.025009789906040258
-0.0004084626876728059,0.0007234853714370715,0.025009789906040258
-0.0026981337321529963,0.003910797620839901,0.025009789906040258
0.003223770956576999,-0.00031051678004878625,0.025009789906040258
-0.004424808788485279,0.0015820321263326775,0.025009789906040258
-1.5760806673356664e-05,0.0028700601407045667,0.025009789906040258
-0.004781127837688359,0.00120441480419764,0.025009789906040258
-0.0042065201144154685,-0.002651692719361165,0.025009789906040258
0.0045778140550822854,-0.0010491892678885506,0.025009789906040258
-0.0038361256449661596,-0.0027430010176701103,0.025009789906040258
0.0019818139513230193,-9.582127720175748e-05,0.025009789906040258
0.0025385764063940996,0.00408355776553293,0.025009789906040258
-0.004531420319139556,0.0015265842656013717,0.025009789906040258
0.0004458662954993642,-0.0028362307121376773,0.025009789906040258
0.0015553369100480552,0.003805023028455423,0.025009789906040258
-0.0005754356427356555,0.0028059198568577415,0.025009789906040258
0.0006967265777291232,-0.003236994714082897,0.025009789906040258
-0.004956420941198303,0.0007200209124285095,0.025009789906040258
0.0026070288356088156,-0.002495904849673991,0.025009789906040258
0.0006851951578994431,-0.0022087031931867784,0.025009789906040258
0.0029196425271038606,-0.003207101581562455,0.025009789906040258
0.0016514439025350214,-0.0035242508234567538,0.025009789906040258
0.0016991041298943799,0.0022013441022998848,0.025009789906040258
0.0031309065563362992,-0.0011177829681408014,0.025009789906040258
0.0017724171945143752,0.003867755572855458,0.025009789906040258
-0.002247595091230181,0.0032519509697905846,0.025009789906040258
-0.003495348359106032,-0.003417042575211582,0.025009789906040258
-0.0028699421689317717,-0.0027853454625663687,0.025009789906040258
0.0028581984101698765,0.003423513448908011,0.025009789906040258
-0.004308920933347338,-0.0021625356662937634,0.025009789906040258
0.0046255352892288215,-0.001864829865386497,0.025009789906040258
0.002359119502099105,-0.001681174383136863,0.025009789906040258
-0.0009726856050225052,-0.004577524161859969,0.025009789906040258
-0.0013891276413744436,0.0046711281218776435,0.025009789906040258
0.003925333709965173,-0.003099094417727599,0.025009789906040258
0.001624450417141432,-0.002712248908668613,0.025009789906040258
0.0004899066457211276,0.00463982890854453,0.025009789906040258
-0.003055744335526356,-0.0030613273858079992,0.025009789906040258
-3.7013578083111565e-05,-0.0011086311402248583,0.025009789906040258
0.00482255816038446,-0.0008089289325532434,0.025009789906040258
-0.002072023326640249,0.002898782553153012,0.025009789906040258
-0.0030147902581774133,-0.0001343271165503701,0.025009789906040258
-0.0005600928076017198,-0.002118204477099539,0.025009789906040258
-0.0006232500384033557,0.0007994535318021079,0.025009789906040258
-0.0005429184472456328,0.0030365199138984167,0.025009789906040258
-0.0006297900051723815,0.00064278899624437,0.025009789906040258
0.0048587530082215835,-0.0008035854991454983,0.025009789906040258
-0.0019309408383243465,0.0033980138479883237,0.025009789906040258
0.0003873267173943873,-0.0033171943517160685,0.025009789906040258
-0.00019771902166865196,0.0042061818475715995,0.025009789906040258
-0.004236543835318685,-0.0013641440105836011,0.025009789906040258
0.0021313496116839303,0.003126975138783905,0.025009789906040258
-0.0033089866882640706,-0.0026265626143953114,0.025009789906040258
0.0003496628783361544,-0.001919281484150659,0.025009789906040258
0.0023205718326266833,0.004349038173067754,0.025009789906040258
0.0010988234685349596,-0.003337132830992573,0.025009789906040258
0.004136424840410768,0.002415284482019331,0.025009789906040258
-0.0020802769179919522,-0.001579530438402088,0.025009789906040258
-0.000620799934733185,0.0036497517281652847,0.025009789906040258
-0.0012467489793852593,-0.001986447552820181,0.025009789906040258
-0.00411599974480481,0.002748096581512982,0.025009789906040258
-0.003759188150631587,-0.0012477295202977245,0.025009789906040258
-0.0018639043098680474,0.003158409684672847,0.025009789906040258
0.002424431099218083,0.0007361327565300613,0.025009789906040258
-0.004259742778998543,-0.0016150755818777895,0.025009789906040258
0.0026820155673270563,-0.002425574059024882,0.025009789906040258
-0.004006773160917021,0.002564504408763213,0.025009789906040258
0.004647162671382432,-0.0004606152352000237,0.025009789906040258
0.001162526697376265,-0.0019518320367435393,0.025009789906040258
0.001486384463298407,0.0017612766960297677,0.025009789906040258
0.00320930422112653,-0.003554159284114178,0.025009789906040258
-3.9409901722464724e-05,-0.004861533305522414,0.025009789906040258
-0.002130675886593991,0.0011355199130917981,0.025009789906040258
0.00041027562964490727,-0.004348325570013856,0.025009789906040258
-0.002342247981019341,0.003896545195914314,0.025009789906040258
0.0022066606116872833,-0.00409626229323834,0.025009789906040258
0.003031666222121032,-0.001427361349929157,0.025009789906040258
0.0003974932602512915,-0.0024776428660935323,0.025009789906040258
-0.0004721424867550894,0.004430949774210546,0.025009789906040258
-0.00027141183158052584,-0.0025184778728863932,0.025009789906040258
-0.003831429819520338,0.0018301842215429076,0.025009789906040258
0.0025098103003671213,-0.0007164837879551911,0.025009789906040258
0.00400542422362804,-0.00245818091770289,0.025009789906040258
-0.004487065667355239,0.0013043622014574652,0.025009789906040258
-0.0005860507640988999,0.004897060898841232,0.025009789906040258
-0.0001327219453943762,0.0037542983342788716,0.025009789906040258
0.0030902505271512837,0.0036699084698028628,0.025009789906040258
-0.0016330071866388352,0.0035164879613631683,0.025009789906040258
-0.004370390014635461,0.0005525427794355053,0.025009789906040258
0.0012175517709014372,-0.004628256919183116,0.025009789906040258
-0.0006111814675806571,-0.0010960154794226185,0.025009789906040258
0.004114194658768611,-0.0010822697395997949,0.025009789906040258
0.0025388742588567936,-0.0026717810253558127,0.025009789906040258
0.002846775606915486,-0.0024235060756829796,0.025009789906040258
0.0031118535586216467,0.0021102178553462636,0.025009789906040258
0.0015815571145623153,-0.004598643621008591,0.025009789906040258
-0.0016353462233844596,0.003488000264812996,0.025009789906040258
-0.0026491783035815786,0.0019068965670179239,0.025009789906040258
-0.0017671025129359919,0.00039757180614596876,0.025009789906040258
0.003942685491885811,-0.00046939161623793524,0.025009789906040258
0.00022598961277253693,-0.00452659581076631,0.025009789906040258
-0.002662319544182168,-0.0002111283122658847,0.025009789906040258
-0.0018605441742920448,-0.0036980688908485604,0.025009789906040258
0.003721778971112144,0.002198408780447636,0.025009789906040258
0.0013636402746186604,-0.00426073094059376,0.025009789906040258
0.001809769611515577,-0.004620160307958088,0.025009789906040258
-0.004612186119537398,0.000755514610808028,0.025009789906040258
-0.002091523661125194,0.00048673241022756386,0.025009789906040258
-0.001869660042347121,-0.0039099710891932205,0.025009789906040258
-0.003703456905881808,-0.003187960910981502,0.025009789906040258
-0.004397301801830622,-0.0020446746996221066,0.025009789906040258
0.004602705025178011,-0.0014813280130479,0.025009789906040258
-0.0004801965690099941,-2.720725753244113e-05,0.025009789906040258
-0.0027569472007122897,0.004042429527807201,0.025009789906040258
-0.0007870323610319474,0.002270211670211353,0.025009789906040258
-0.002750834820016479,0.003069996994458535,0.025009789906040258
-0.0031012373681029715,-0.00037848240277060796,0.025009789906040258
-0.0005467289365386208,-0.0035794778291275975,0.025009789906040258
-0.004326430979205043,0.0010941769063297357,0.025009789906040258
-0.002172676041457322,0.0007499452045172106,0.025009789906040258
-0.0035941592261643507,-0.0021556883647342318,0.025009789906040258
0.003538390064637298,0.0003781893370784495,0.025009789906040258
0.0031221847803024616,0.0033261047668702304,0.025009789906040258
0.0027252414398581948,0.0026450302882032872,0.025009789906040258
-0.002266269751718397,-0.002862933984367544,0.025009789906040258
0.002752156138072337,0.003870300496636503,0.025009789906040258
-0.003123862550840073,0.00252787885320771,0.025009789906040258
-0.003054662047777157,0.0016746983517137437,0.025009789906040258
-0.0026752221898256323,-0.0036916909369608675,0.025009789906040258
-0.0033568228942968403,0.0018859118713674405,0.025009789906040258
-0.001956621566497674,-0.0004329127124806931,0.025009789906040258
0.0046135774865661006,-0.0015847877182721959,0.025009789906040258
-0.003950415346793079,0.0001658216568696247,0.025009789906040258
0.004034231474172145,0.0024837151865462204,0.025009789906040258
-0.0013926403789863429,0.0030894180939178284,0.025009789906040258
9.97682563964597e-05,-0.0048843096536757,0.025009789906040258
-0.003761680584752014,-0.0030475872687425465,0.025009789906040258
0.0017102946364175864,0.0025426630710150278,0.025009789906040258
-0.002808289003336739,7.912562874368145e-05,0.025009789906040258
0.0012099240615448537,-0.0009250700347456231,0.025009789906040258
-0.002169202078867727,0.0029007502721682954,0.025009789906040258
0.004233432285587924,0.002009714144406871,0.025009789906040258
-0.0013623901004695682,0.0038087733947556046,0.025009789906040258
-0.002819586368612903,-0.0012618983896039992,0.025009789906040258
0.003456187275862277,-0.0026709908755009337,0.025009789906040258
0.002107227922754973,-0.00030185664164195103,0.025009789906040258
0.0019671856513294728,0.0031076930786291257,0.025009789906040258
-0.004342130031623981,0.0008693317759087549,0.025009789906040258
-0.0041723953166581396,0.0023404895001277737,0.025009789906040258
0.00477059031496907,0.00025897475755476407,0.025009789906040258
-0.002368585929232836,-0.002971488325332672,0.025009789906040258
0.0015086882129828894,-0.0038303302114854887,0.025009789906040258
0.0034036221547779633,-0.0008383999883454507,0.025009789906040258
0.0008769558186605408,-0.0010438199072222432,0.025009789906040258
0.00015645898151750437,-0.004890768530515288,0.025009789906040258
2.532118779971504e-05,-0.00023631355836517542,0.025009789906040258
0.00429061862634228,-0.0023061293469126554,0.025009789906040258
-0.00010698156422439542,-0.0034855983477974917,0.025009789906040258
0.00312449702074602,0.0007655713787402263,0.025009789906040258
0.002123852310830898,-0.0008157504125945181,0.025009789906040258
-0.0016839043374403673,0.0040931537384878425,0.025009789906040258
0.002018271635741087,0.0030694530586927726,0.025009789906040258
0.003599113724121139,0.0002835175988833427,0.025009789906040258
-0.0017141950074410772,0.003006379018057004,0.025009789906040258
-0.0011774463448439576,-0.002118334690237589,0.025009789906040258
0.0012519710369431891,-0.003763389136878459,0.025009789906040258
-0.0016752397498027705,-4.6277933744010014e-05,0.025009789906040258
-0.0016874434306792807,0.003436922074143922,0.025009789906040258
-0.0021733816517084392,0.002087658899299072,0.025009789906040258
0.0027493800209583696,0.0037593879826616217,0.025009789906040258
0.0012815968440591519,0.0012448425703404098,0.025009789906040258
-0.0030695865616721107,0.002092534648426181,0.025009789906040258
-0.0026371722767102312,0.0035963155558178528,0.025009789906040258
0.0014074450172270048,-0.0027287812231087116,0.025009789906040258
0.0025855085217791896,-0.002880556616464247,0.025009789906040258
-0.0031499494488116397,0.0018180613374845223,0.025009789906040258
-0.0036612443066346145,-0.0006539732157992972,0.025009789906040258
0.002026931275523225,-8.132489429935053e-06,0.025009789906040258
0.0023425181271150564,-0.0014302715354119755,0.025009789906040258
0.0005469770901074256,-0.0022159737036915317,0.025009789906040258
0.00139747841619986,-0.004065581791309114,0.025009789906040258
-0.0035670292864580233,0.003423401756624145,0.025009789906040258
-0.003614348766880937,-0.0013336472014646716,0.025009789906040258
-0.003030288699772399,0.0033261271803510795,0.025009789906040258
0.004533436744615926,-0.0007847830732838901,0.025009789906040258
-0.004438294604966586,-0.0008887672741568764,0.025009789906040258
-0.0011174059677028225,-0.00036324160786271875,0.025009789906040258
0.004666028049044257,0.0009700551084215192,0.025009789906040258
-0.0005668666833669178,0.004808042626883946,0.025009789906040258
0.0030619563239149272,-0.0036926344962111557,0.025009789906040258
1.1427105819111771e-05,0.00040370906968689724,0.025009789906040258
-0.0014377133965925992,-0.0017334222011360367,0.025009789906040258
0.0027283348683688757,-0.004099713474658984,0.025009789906040258
0.0016876884504704037,-0.0032903945298485837,0.025009789906040258
-0.0023411823890846506,-0.0011572957594800926,0.025009789906040258
-0.0029329086227392054,0.00125183044604249,0.025009789906040258
0.002246852783716946,-0.0006391440103641344,0.025009789906040258
0.002286719449319463,0.003322778400605131,0.025009789906040258
-0.0008143417477946002,0.0020922860873593407,0.025009789906040258
0.003426814554327251,0.002986275607010924,0.025009789906040258
0.003574706322790888,-0.002313600289109985,0.025009789906040258
0.003355754790508314,0.0021382550813981993,0.025009789906040258
-0.0032546143439269315,-0.00293752805323777,0.025009789906040258
-0.0008267526726619678,-0.004472854401569748,0.025009789906040258
0.0031952494629727823,0.001670313786977573,0.025009789906040258
-0.0007597927339446642,0.002981931993314646,0.025009789906040258
0.0007048642971190233,0.004916917025681755,0.025009789906040258
-0.0037933461498411702,0.0027349641211884546,0.025009789906040258
-0.00345905152744308,0.00338348961347279,0.025009789906040258
0.0031229206398535325,0.0005803707881320008,0.025009789906040258
-0.003458702192723706,0.0005904490867481016,0.025009789906040258
-0.004617042277040184,-0.0016925965683576294,0.025009789906040258
-0.0016183103686220335,-0.001868550775318667,0.025009789906040258
0.004946638511057699,-0.00081420993366077,0.025009789906040258
0.0013242111856097694,0.00030321683161815827,0.025009789906040258
-0.001226035713283835,-0.0027920926634692478,0.025009789906040258
-0.0008877409608549769,-0.0011190897227386642,0.025009789906040258
0.002973876157199129,-0.0022977756138118366,0.025009789906040258
0.0010961747392723709,-0.004653614104761061,0.025009789906040258
0.0035666364025139785,-0.0020080548693250933,0.025009789906040258
-0.004432048254912502,0.0010688434929964075,0.025009789906040258
-0.0012769943453854182,-0.00436010262973241,0.025009789906040258
0.0025390735709187595,7.958770708138552e-05,0.025009789906040258
-0.0016940800318590021,-0.0032906024893435415,0.025009789906040258
-0.002094797110068214,0.004163285687731388,0.025009789906040258
0.0009332159556869613,-0.0030250446242909845,0.025009789906040258
-0.0026476245717965696,-0.0027918290378465827,0.025009789906040258
0.0024953800175495644,0.0001568528513289369,0.025009789906040258
0.004378416029638288,0.0008953921120244956,0.025009789906040258
-0.004734840259814632,-0.00039329150781641786,0.025009789906040258
0.003944498881438108,-0.002159569237463188,0.025009789906040258
-0.003530880332597519,0.0009661128525868534,0.025009789906040258
-0.003069152983222523,-0.0005459829312854936,0.025009789906040258
-0.00012542646419666514,0.002865977075718007,0.025009789906040258
-0.004148986490314144,0.00012027203116105056,0.025009789906040258
0.003047438887797682,0.0018644816777548812,0.025009789906040258
-0.0004696128420533796,0.0022576605623143564,0.025009789906040258
1.9927673576281002e-05,0.004336921697500884,0.025009789906040258
-0.0008572160859072753,0.0030533797793950157,0.025009789906040258
0.0007101094871524438,0.0033627725842890754,0.025009789906040258
0.002889960482299614,0.002697987634725507,0.025009789906040258
5.563520060924976e-06,-0.00023362623181455433,0.025009789906040258
-0.0007538087469241006,0.0011990453011296864,0.025009789906040258
-0.0020163816716909366,-0.004433487524302393,0.025009789906040258
-0.0006486274655967961,-0.0010688749150178367,0.025009789906040258
0.0016648201225617498,7.063387886097061e-05,0.025009789906040258
-0.0009880641453756667,0.0025418453505707816,0.025009789906040258
0.00420281813467227,0.0017041006293734284,0.025009789906040258
0.004095291715692895,0.0004687226517217091,0.025009789906040258
0.003992282003750347,0.0016835191823876272,0.025009789906040258
-0.0008152979865512222,-0.0032259902421500897,0.025009789906040258
-0.0013463738993166885,-0.001797359119201758,0.025009789906040258
-0.004059417323254877,-0.0007922889024323254,0.025009789906040258
0.004426873448579727,0.00209402197915054,0.025009789906040258
-0.003861614682612924,-0.0010569883585151985,0.025009789906040258
0.00047160776337751287,-0.004059366007247434,0.025009789906040258
0.001242374521329026,-0.002094390277248337,0.025009789906040258
-0.002757625259246055,-0.003550920848386596,0.025009789906040258
-0.0010729475572919256,0.0011005373855521583,0.025009789906040258
-0.000539635772934588,0.004294427002633938,0.025009789906040258
-0.004317691594565076,-0.0005174596949615307,0.025009789906040258
0.00021175404773732254,0.004890013491149148,0.025009789906040258
0.003780680593656882,-6.264043409698328e-05,0.025009789906040258
0.0011119925590090673,0.0038994568105508165,0.025009789906040258
0.0038904627398892444,0.0010268878266970205,0.025009789906040258
0.0023543406335733152,0.003810450995722192,0.025009789906040258
0.00171691066129398,-0.004135620668513695,0.025009789906040258
0.0020060587110322103,-0.0034301779732359705,0.025009789906040258
0.00014044882737085373,0.0027885654290216166,0.025009789906040258
0.003767549224484412,0.0011836227501333951,0.025009789906040258
-0.0037844379273508366,0.00045199111490790145,0.025009789906040258
0.001733144813758969,0.0038393416310782413,0.025009789906040258
-0.001733922202083349,-0.0024502646785364846,0.025009789906040258
-0.0006835672153231442,-0.002670178706651427,0.025009789906040258
-0.004670931030503311,-0.0006943238012935282,0.025009789906040258
-0.000501757334296471,0.004371106067608821,0.025009789906040258
-0.00021225549927539333,0.003093204141414674,0.025009789906040258
0.00397146732618836,0.0005841103464376829,0.025009789906040258
0.0011481554951107142,-0.0008733480241644997,0.025009789906040258
-0.00028513821856002153,-0.00042598830023932166,0.025009789906040258
-0.0032905373614369182,0.0011154240173212315,0.025009789906040258
-0.0038675033434572015,0.0013322370404011963,0.025009789906040258
-0.003564543014807242,-0.003145011700173228,0.025009789906040258
0.0007699609652682682,0.0014032338413585421,0.025009789906040258
0.003328787332904426,-0.0035645231734378058,0.025009789906040258
0.0018681061047161052,-0.00021235129515262408,0.025009789906040258
-0.002431913345048997,0.002029338545868953,0.025009789906040258
-0.0027450719893309383,0.0019489196533104547,0.025009789906040258
0.004020399825755305,0.001782698911425129,0.025009789906040258
0.0034181818225818006,-0.0034580313162102527,0.025009789906040258
0.0023089778279938855,0.002120479163675526,0.025009789906040258
-0.002347875708363034,0.004145327973049007,0.025009789906040258
0.003518507129761872,0.002176172105702534,0.025009789906040258
-0.0039214034481744875,-0.002002273279650524,0.025009789906040258
-0.0006727095877447908,-0.00230262056194519,0.025009789906040258
-0.0010132985594184518,-0.000839661820630333,0.025009789906040258
0.0005520148647644163,-0.00040312425984057043,0.025009789906040258
-0.0011700800416587498,-0.0012486777524269854,0.025009789906040258
-0.0010132612362836468,0.0001884047772959807,0.025009789906040258
-0.000484736137355668,0.004180066761932721,0.025009789906040258
-0.0023309965943738575,0.004395391518592362,0.025009789906040258
0.000795082187470264,-0.0029724386140479453,0.025009789906040258
0.0018228085320703968,0.0009259351940089644,0.025009789906040258
-0.0016157814028385786,0.002799572388436644,0.025009789906040258
-0.002177635810635792,-0.002979409747904782,0.025009789906040258
-0.0036890979237682586,-0.0006448347000214127,0.025009789906040258
0.0005387530509048943,-0.0025722282876152747,0.025009789906040258
-0.0016354434350223102,-0.004604650576844449,0.025009789906040258
-0.004651883485429664,0.0014016690113773933,0.025009789906040258
-0.004230213240667524,0.0001874457646651173,0.025009789906040258
0.0016055657361864206,0.0035773457501271366,0.025009789906040258
-0.0020225587580302573,0.0024038531618124637,0.025009789906040258
-0.004587219316178448,-0.0002456345817209993,0.025009789906040258
-0.002234482480389488,0.0023783734939257783,0.025009789906040258
-0.0003559368914980432,-0.0014226380375657044,0.025009789906040258
-0.0008063304065100141,0.0027387802038347786,0.025009789906040258
-0.0030838925862184396,-0.0034087124773201083,0.025009789906040258
-0.0013401639096333184,-0.001539679151758122,0.025009789906040258
0.004110523548206402,0.0028205332640141023,0.025009789906040258
0.00429098587580512,0.00030212975268195663,0.025009789906040258
0.002011931566485714,0.0045733544092740885,0.025009789906040258
0.004831734186495851,0.00046669052962844404,0.025009789906040258
-0.0006457330750659906,-0.0019258680173752651,0.025009789906040258
-2.4311613690597422e-05,0.0027168080060384625,0.025009789906040258
-9.586468131950188e-05,0.002437067030136575,0.025009789906040258
0.0016545476980489582,-0.0010892331371774588,0.025009789906040258
-0.0009010733427574635,0.004094278380556204,0.025009789906040258
0.003283510067781492,0.0010760362197572704,0.025009789906040258
-0.0026796300210492063,0.0041034986557022535,0.025009789906040258
-0.0013032916620883128,-0.0042900540230306206,0.025009789906040258
-0.0019658443112469115,0.004188763922499561,0.025009789906040258
-0.0006510823791945342,-0.0005703912059322747,0.025009789906040258
0.0030496938903219473,0.002802398469118117,0.025009789906040258
0.002648823261967692,-0.003719819718973838,0.025009789906040258
0.002260920263324806,-0.004256830845008608,0.025009789906040258
0.0022287939080172237,-0.0024397247719711856,0.025009789906040258
-0.0025972115617030056,0.00043692862877264815,0.025009789906040258
0.005008561303121439,-0.00017778515393995775,0.025009789906040258
-0.0014100560473746526,-0.002881289126388964,0.025009789906040258
0.003558318845279018,0.0005781304817613631,0.025009789906040258
0.0037354484906124696,-0.0013282950246278347,0.025009789906040258
0.003658604596282089,0.001048387730401501,0.025009789906040258
-0.002177711398690718,0.0028467818257063016,0.025009789906040258
-0.002224991048276337,0.004118953118030788,0.025009789906040258
-0.0020385434796104107,-0.004027850964362756,0.025009789906040258
0.000726641093669933,0.004411426613543767,0.025009789906040258
0.0009574367332447764,0.003945960367204293,0.025009789906040258
-0.004197366672251235,0.0010085304923013183,0.025009789906040258
0.004607255258363807,0.0002492459317897655,0.025009789906040258
-0.001891054738887732,-0.0015645526683378819,0.025009789906040258
0.001995882822200201,-0.004598346918982088,0.025009789906040258
-0.0040839139415638215,-0.0016849808543675238,0.025009789906040258
-0.004134051539693928,-0.001536137987502073,0.025009789906040258
-0.0044357690836918096,-0.0016851089952751863,0.025009789906040258
-0.004305891458187716,0.0005705031567000418,0.025009789906040258
-0.00017158419983709372,0.004985842850821598,0.025009789906040258
-0.004427882319134824,0.00018692026142019813,0.025009789906040258
0.001953237260449825,-0.002314070732516882,0.025009789906040258
-0.0023781123441075636,0.002118704581768327,0.025009789906040258
-0.00196715305680506,0.002231305554637686,0.025009789906040258
0.0022834586533306833,0.002059115630576258,0.025009789906040258
-0.0003158685973727593,-0.0039139390845548405,0.025009789906040258
-0.0006207133354703132,-0.0014138944197465975,0.025009789906040258
-0.004203700558136347,-0.001379907405581804,0.025009789906040258
-0.002636923852911366,-0.003024872703356607,0.025009789906040258
-0.0013202757183634617,0.0010637925175522867,0.025009789906040258
-0.0023513132929373626,0.002991098275444415,0.025009789906040258
0.004610566418534745,-1.9761833635417725e-05,0.025009789906040258
0.003241887546291622,-0.0018197319826640523,0.025009789906040258
-0.002765497831340724,-0.0040180497213313515,0.025009789906040258
-0.0015194339252744271,0.0042455194898209925,0.025009789906040258
0.0005778838738779157,0.0012199542744095737,0.025009789906040258
-0.004097033044700993,-0.0007753253041453689,0.025009789906040258
0.0005079458857180086,0.004783409755361845,0.025009789906040258
-0.002611811306561407,0.0010291486920097626,0.025009789906040258
0.0006063777523968028,-0.0008112846749197544,0.025009789906040258
-0.002326056398054277,0.0005162146824715386,0.025009789906040258
-0.003761793590417284,0.001674652100106755,0.025009789906040258
-0.0017572949059090348,-0.0024999776266056983,0.025009789906040258
-0.0008176312441534606,0.0026951155481675926,0.025009789906040258
0.004446949754779439,-0.00032186961355140653,0.025009789906040258
-0.004465838941882794,0.0018115797972093617,0.025009789906040258
0.002774754440689975,-0.0026613806213973135,0.025009789906040258
-0.00420518207005216,-0.0005648109310838478,0.025009789906040258
-0.0001910144503052269,-0.002529485921549224,0.025009789906040258
0.0030161456066117864,-0.0017659157716565232,0.025009789906040258
-0.0020884652867891873,-0.0028667116753133826,0.025009789906040258
0.0007806010558253362,-0.004391576017354737,0.025009789906040258
-0.0012521329720254215,-0.004628086549949728,0.025009789906040258
0.00102094946504927,0.0029637430528914877,0.025009789906040258
0.002811245373305127,-0.004070809512207063,0.025009789906040258
0.001637543196808977,0.002708967220687697,0.025009789906040258
0.0007919387283177315,-0.0003032614408606804,0.025009789906040258
0.00021191756035299214,0.004182482517528285,0.025009789906040258
0.0025769349966857646,0.0009930737411334434,0.025009789906040258
0.0011172024858296936,-0.002428388449722263,0.025009789906040258
0.000984118889761909,-0.0035197686849421927,0.025009789906040258
0.0013659567159010066,0.0019536701009155166,0.025009789906040258
-0.0006508015747286322,0.004338845561910887,0.025009789906040258
-6.632690946484221e-05,-0.000628030347378683,0.025009789906040258
0.002657536105740377,0.00028341613356763773,0.025009789906040258
-0.001933982725477179,0.0027622759488785675,0.025009789906040258
-0.0021607941706918155,0.00403572002075947,0.025009789906040258
0.0022307130953791443,-0.0038742734767112097,0.025009789906040258
0.0035292018565975525,-0.0026070614378355117,0.025009789906040258
-0.0024279325781435546,-0.0030107396042566847,0.025009789906040258
-0.002205951075861634,-0.002113570520197783,0.025009789906040258
0.0036598877474389724,0.0018402284337621921,0.025009789906040258
-0.0032881334024033038,0.0006667385051244423,0.025009789906040258
-0.0008662147148275068,-0.0038185654268794167,0.025009789906040258
0.0034849465498147936,0.0031618325772910794,0.025009789906040258
0.0012316892519503853,0.0040691355184989675,0.025009789906040258
-0.001871022768737518,-0.001928346540976733,0.025009789906040258
-0.002647867956770966,-0.0005387889629737685,0.025009789906040258
0.0002158584630507221,-0.0008911921035990034,0.025009789906040258
0.0038671471395694823,-0.00010663209425942899,0.025009789906040258
0.0015406807188700355,0.0032374643104873257,0.025009789906040258
0.004179343709353134,-0.0010876304552116522,0.025009789906040258
-0.0008337274753289492,0.004624696053220134,0.025009789906040258
-0.001482746894396314,-0.0025593495137883338,0.025009789906040258
0.003216391367903526,-0.003538536056968411,0.025009789906040258
0.0017660380203832204,0.0004934251884729512,0.025009789906040258
0.0009438057883155437,-0.0015596832749427136,0.025009789906040258
-0.0023655497830858963,-0.002501053960958899,0.025009789906040258
-0.0021690254601942627,0.000856796501909507,0.025009789906040258
-0.004281187547576337,-0.0018990569468329,0.025009789906040258
0.0035502840889556353,0.002326178583832217,0.025009789906040258
0.0018488852664386712,0.001292848425743287,0.025009789906040258
0.0004266495240279333,-0.004007654334714061,0.025009789906040258
-0.0034230394336418613,-0.002319426521580681,0.025009789906040258
-0.004164941037217318,0.0006305838366165162,0.025009789906040258
0.0027544551172162812,-0.0016652942741615107,0.025009789906040258
-0.0024149032772555756,0.004145891385185507,0.025009789906040258
0.002111116474566188,-0.003268104021614704,0.025009789906040258
-0.0037996864175227074,-0.003136570949383355,0.025009789906040258
-0.0006482947592933996,-0.0024778055537382215,0.025009789906040258
3.713987530495899e-05,0.0009305712530514043,0.025009789906040258
-0.004505718983246254,-3.279501186359557e-05,0.025009789906040258
0.0032722287603945688,0.0017281995501914338,0.025009789906040258
0.0036855821263976907,0.0011415367404108423,0.025009789906040258
0.0016604455884028368,0.0042858918210129104,0.025009789906040258
-0.002840622208136523,-0.0038755339816063383,0.025009789906040258
0.004947277869746358,-0.00023898265314148404,0.025009789906040258
-0.004089172320341561,-0.0006752547265094222,0.025009789906040258
-0.003675963506793778,0.0007894668750738632,0.025009789906040258
0.0020769791944879046,-0.0045133611066887624,0.025009789906040258
-0.004407062370297865,0.000999633770552677,0.025009789906040258
-1.6669463069080015e-05,-0.0030618688063555055,0.025009789906040258
0.003343661939751996,0.0002725315104088466,0.025009789906040258
-0.0023615675925228174,0.0039549184261247206,0.025009789906040258
-0.00027387141148960126,0.004586967024103217,0.025009789906040258
-0.0032603166126321526,0.0032214344916354776,0.025009789906040258
-0.004093390961678267,0.0014248749580936249,0.025009789906040258
-0.0024378958525339556,0.003134186796430072,0.025009789906040258
0.003994491229917685,0.002176122365241895,0.025009789906040258
-0.004519542833619994,-0.0009878234684492782,0.025009789906040258
0.001906840230949669,-0.001622499687334411,0.025009789906040258
-0.0004891240598445812,-0.0002494330006670431,0.025009789906040258
-0.0015171612790041422,0.0014006981297267629,0.025009789906040258
-0.0016660852083205668,0.0012343967589032445,0.025009789906040258
0.002183859690738643,0.0007189060184318308,0.025009789906040258
0.004124701921931262,0.0008833597859307929,0.025009789906040258
-0.0016286714051965134,0.0017133677280600779,0.025009789906040258
0.002006565427183915,0.004155592416601905,0.025009789906040258
-0.002441369204394306,0.003240912125736628,0.025009789906040258
0.0007062906292345517,-0.004324735658777001,0.025009789906040258
-0.0002575437677014847,-0.0036353145543692733,0.025009789906040258
-0.0017286381656234084,-0.0018730740449495187,0.025009789906040258
-9.810446720118216e-06,-0.004364911895343937,0.025009789906040258
-0.0006184170109584386,-0.003557280248593031,0.025009789906040258
-0.003573915539330841,-0.002682466408653994,0.025009789906040258
0.0032579104452672425,-0.0026664800166749103,0.025009789906040258
-0.0013051313466139192,-0.0012611600252743216,0.025009789906040258
-0.004261297415908416,-0.001705157648761002,0.025009789906040258
-0.0007836135982426384,-0.0037792372663361107,0.025009789906040258
-0.0013070270694033326,-0.003474189029674335,0.025009789906040258
0.0013559708123462855,-0.004285408376098587,0.025009789906040258
0.0019973751485817814,0.002321866179332943,0.025009789906040258
0.0017777547024415696,-0.004594200924813663,0.025009789906040258
-0.002513270319465022,0.0001818281147292211,0.025009789906040258
-0.0008788524762994854,0.003045734438188674,0.025009789906040258
0.002925082218446562,-0.0023455529916098783,0.025009789906040258
-0.0016276959945109581,0.0026206275471203355,0.025009789906040258
-5.5203146732130115e-05,0.002619219845964693,0.025009789906040258
-0.0007919763219206288,0.00428483371507582,0.025009789906040258
0.0005207335985000228,0.00023671616458975642,0.025009789906040258
-0.0010686001221742458,-0.003589451886917061,0.025009789906040258
0.0027019485070205462,-0.00418038137211596,0.025009789906040258
-0.00011426115512014334,0.0027830581910244234,0.025009789906040258
-0.001104040021022712,-0.004538769080980387,0.025009789906040258
0.0039914707490567025,0.002738968352709037,0.025009789906040258
-0.0042955109111915135,0.0024034252310158877,0.025009789906040258
0.002103785080702636,0.0016845007671477674,0.025009789906040258
-0.0016504632036848932,-0.002740704762743462,0.025009789906040258
0.003860837573391507,-0.002139135937657244,0.025009789906040258
0.0019724964192988637,-0.002067843944928427,0.025009789906040258
-0.0046657817284696534,-0.0005060910379439676,0.025009789906040258
0.00020235812510027706,-0.0023074342988991248,0.025009789906040258
0.0012517674748995233,-0.004407182028216994,0.025009789906040258
0.004997344410085702,0.0003011977339206773,0.025009789906040258
0.004940578747387292,-0.000534723230932066,0.025009789906040258
0.0004730494498881299,-0.000589407330694236,0.025009789906040258
0.00020196507222114413,-0.0035066953680136237,0.025009789906040258
0.0023732100470823525,0.001447130472952196,0.025009789906040258
-0.00030647850773668495,-0.0033273175739090277,0.025009789906040258
-0.0027393330651364067,0.001254628573041927,0.025009789906040258
-0.004858629941338677,-0.0004086874929654094,0.025009789906040258
0.0006029790585024841,-0.002327938484722125,0.025009789906040258
-0.0016875453473428337,0.0001897574615010722,0.025009789906040258
0.0002081065672723259,-0.004626922374718845,0.025009789906040258
0.0018504217673420698,-0.002544250700186268,0.025009789906040258
-0.002022106280705316,-0.00380100082675483,0.025009789906040258
0.00029238998054692544,0.0037319347671775915,0.025009789906040258
0.0006137496480533855,0.004057547716591614,0.025009789906040258
-0.0009677572990565153,0.0043920571141100595,0.025009789906040258
0.0019085507332210483,0.00288337961161389,0.025009789906040258
0.002814093550647101,0.0033861274145934317,0.025009789906040258
-0.0018003963049828542,-0.004519132320190522,0.025009789906040258
-0.0015684869127792211,-0.000603376456672855,0.025009789906040258
0.0016825349500617648,-0.0021924105940342997,0.025009789906040258
-0.0021987621132879553,0.00041748237153127477,0.025009789906040258
0.00302936302123058,0.0037396044119830663,0.025009789906040258
-0.0002832556546645826,-0.004146571341713923,0.025009789906040258
0.0013098926604069305,-0.0017605761787642393,0.025009789906040258
-0.0039389284288660065,-0.002258189834581259,0.025009789906040258
-0.003697436736331383,-0.002371525379814443,0.025009789906040258
-0.0006546184612661321,-0.004704874363689271,0.025009789906040258
-0.004364583935057453,0.002282112143401349,0.025009789906040258
-0.0041669151002636795,-0.00232136113852377,0.025009789906040258
-0.0007706987865070403,-0.004747085541836782,0.025009789906040258
0.002161617479796263,-0.0012633208723880074,0.025009789906040258
-0.0018139018389700112,0.0010863272987542416,0.025009789906040258
-0.004380564766094608,0.0023744980000053317,0.025009789906040258
0.00016136747397443862,0.00438673341560758,0.025009789906040258
0.0025861670153588534,0.0039105194032842405,0.025009789906040258
0.0008598500698893119,-0.001984474687924731,0.025009789906040258
0.001967296658003548,-0.00272750253214582,0.025009789906040258
0.0027233259327488213,-0.0035578237966973347,0.025009789906040258
0.001090467520938887,0.0020726923615530524,0.025009789906040258
0.00489922926681885,0.0008860143972544421,0.025009789906040258
0.0007387457630034788,-0.0038238884719383748,0.025009789906040258
0.002786214013777766,-0.001212025023621166,0.025009789906040258
0.0006532928312639186,0.0028639242992127834,0.025009789906040258
0.0028863348906220665,-0.0006314068870336698,0.025009789906040258
