normalized_field_Hy,x_image_mm,y_image_mm,relative_ray_power
-1.0,2.0811385519792225e-05,53.5002640427486,0.025009789906040258
-1.0,-5.094327348942329e-05,53.50027506327045,0.025009789906040258
-1.0,-0.00013945059950515315,53.50019119297451,0.025009789906040258
-1.0,-0.00012172593360304518,53.50038313947949,0.025009789906040258
-1.0,4.3805000093044555e-05,53.50024317222814,0.025009789906040258
-1.0,2.016497440582299e-06,53.500308619973765,0.025009789906040258
-1.0,-6.347333563638813e-05,53.50031805328562,0.025009789906040258
-1.0,-1.2825010104133838e-05,53.500370547194464,0.025009789906040258
-1.0,0.00012863521224915075,53.50039012764756,0.025009789906040258
-1.0,0.00011631487398844342,53.50020850126331,0.025009789906040258
-1.0,-7.605856377423947e-05,53.500304006831854,0.025009789906040258
-1.0,-8.304362138744636e-05,53.500256323887484,0.025009789906040258
-1.0,3.0604269845468934e-05,53.50017866186802,0.025009789906040258
-1.0,-0.00010562288736082337,53.50024115474302,0.025009789906040258
-1.0,0.00010132178607591413,53.50026826875552,0.025009789906040258
-1.0,-2.916864622393156e-06,53.50018880486692,0.025009789906040258
-1.0,4.183055406059566e-05,53.50020614321135,0.025009789906040258
-1.0,7.929486363522642e-05,53.50021700855537,0.025009789906040258
-1.0,4.248576233223389e-05,53.50021816475904,0.025009789906040258
-1.0,0.00013948805953845067,53.500199496896506,0.025009789906040258
-1.0,4.1323850943353335e-06,53.50033569762933,0.025009789906040258
-1.0,-4.5693409205682656e-05,53.500220173715135,0.025009789906040258
-1.0,0.0001762005842635972,53.50033159317975,0.025009789906040258
-1.0,-6.142735361791551e-05,53.50027807519893,0.025009789906040258
-1.0,-9.740510556355275e-06,53.500441735167755,0.025009789906040258
-1.0,0.00011112797620782544,53.50041784330922,0.025009789906040258
-1.0,3.678723673949946e-05,53.500265839156015,0.025009789906040258
-1.0,-0.00015196628023517178,53.500379399307334,0.025009789906040258
-1.0,-7.70144369610648e-05,53.50042377363606,0.025009789906040258
-1.0,9.977679055950261e-05,53.50018808932572,0.025009789906040258
-1.0,4.2859840453601805e-05,53.50024558568567,0.025009789906040258
-1.0,7.554940787102282e-05,53.50018087933485,0.025009789906040258
-1.0,-1.9935992154329618e-07,53.50018361360322,0.025009789906040258
-1.0,-0.00014604384383432034,53.50035960240446,0.025009789906040258
-1.0,-1.2478985802033549e-05,53.50032284014105,0.025009789906040258
-1.0,-0.0001535953442797222,53.50031075351805,0.025009789906040258
-1.0,-4.084288822703286e-05,53.50041549626484,0.025009789906040258
-1.0,1.0321839154503465e-05,53.50018735728545,0.025009789906040258
-1.0,-0.00011964415567788933,53.50019561853587,0.025009789906040258
-1.0,-8.276731876932786e-05,53.500323702844476,0.025009789906040258
-1.0,0.00013293657397639436,53.500277193918954,0.025009789906040258
-1.0,-3.8944699822351936e-05,53.500274508936755,0.025009789906040258
-1.0,-4.5733042890461206e-05,53.500225585142616,0.025009789906040258
-1.0,0.00013283312026501903,53.50018705677737,0.025009789906040258
-1.0,-8.671127848813853e-05,53.50020178831049,0.025009789906040258
-1.0,-8.113453442604168e-05,53.500385118557936,0.025009789906040258
-1.0,-3.338388558571381e-05,53.50017854504062,0.025009789906040258
-1.0,-2.0532136121964584e-05,53.500352160023944,0.025009789906040258
-1.0,3.23408464417696e-05,53.50035496127413,0.025009789906040258
-1.0,-7.882185832031041e-05,53.50027886946767,0.025009789906040258
-1.0,0.00010926732814553475,53.500294281700576,0.025009789906040258
-1.0,5.5132798582491205e-05,53.50035421672367,0.025009789906040258
-1.0,0.00012512686066656897,53.50018523322718,0.025009789906040258
-1.0,0.00012308966434915192,53.50033202937984,0.025009789906040258
-1.0,8.500240291553496e-05,53.50035271859603,0.025009789906040258
-1.0,-0.00015804047828993362,53.5002777362772,0.025009789906040258
-1.0,-0.00010301796486444914,53.50018282125941,0.025009789906040258
-1.0,0.00013741282537438337,53.50032080586417,0.025009789906040258
-1.0,3.677784291866715e-05,53.50026909405585,0.025009789906040258
-1.0,8.75835479874354e-05,53.50018108591968,0.025009789906040258
-1.0,4.965482550822742e-05,53.50028697701205,0.025009789906040258
-1.0,1.2842463535278625e-05,53.5004609004978,0.025009789906040258
-1.0,-8.689085724711276e-06,53.500196249426196,0.025009789906040258
-1.0,-8.15716742899042e-05,53.50022741601596,0.025009789906040258
-1.0,-2.3553895851513573e-05,53.50037802194596,0.025009789906040258
-1.0,3.3861370711818495e-05,53.500326286654236,0.025009789906040258
-1.0,9.528346177134495e-05,53.50023412168497,0.025009789906040258
-1.0,7.565887314697761e-05,53.50024997780926,0.025009789906040258
-1.0,5.15808870478196e-05,53.50040962143211,0.025009789906040258
-1.0,-3.303826662914844e-05,53.500204160323975,0.025009789906040258
-1.0,-0.00010290652189226535,53.50036405939217,0.025009789906040258
-1.0,6.921928302716651e-05,53.50035799026825,0.025009789906040258
-1.0,0.00012656416037515328,53.50018902556108,0.025009789906040258
-1.0,6.374792262775486e-05,53.50030300254061,0.025009789906040258
-1.0,7.171243802162053e-05,53.50036987335008,0.025009789906040258
-1.0,-0.0001232867588889519,53.50018758724665,0.025009789906040258
-1.0,-8.756616643879056e-05,53.500279877442495,0.025009789906040258
-1.0,7.852535398455984e-05,53.50035528707414,0.025009789906040258
-1.0,-0.00014867128887630088,53.50031943074602,0.025009789906040258
-1.0,-1.7046923218799748e-05,53.500407077347035,0.025009789906040258
-1.0,-6.957749589631135e-05,53.500309432817694,0.025009789906040258
-1.0,0.00012595941560178403,53.50019203620473,0.025009789906040258
-1.0,3.577801022203175e-05,53.50019173199556,0.025009789906040258
-1.0,1.650334341984916e-05,53.50042991213587,0.025009789906040258
-1.0,-0.00013362120674997868,53.50023152781107,0.025009789906040258
-1.0,-6.127590875237843e-05,53.500428398432845,0.025009789906040258
-1.0,-4.768932945431459e-05,53.50019176310997,0.025009789906040258
-1.0,2.9645920781362634e-05,53.50036607217538,0.025009789906040258
-1.0,0.00010213568852179833,53.50039579299738,0.025009789906040258
-1.0,0.00012960579451259946,53.50021678350497,0.025009789906040258
-1.0,8.633966885085442e-05,53.50035213896734,0.025009789906040258
-1.0,-0.00015088184198219778,53.50036220370133,0.025009789906040258
-1.0,-1.2531349052657959e-05,53.500195427438044,0.025009789906040258
-1.0,-5.2098847319825836e-05,53.50034316574765,0.025009789906040258
-1.0,0.00011238588454887122,53.50025375967344,0.025009789906040258
-1.0,1.1429133703888539e-06,53.500459156328816,0.025009789906040258
-1.0,-7.25408152746354e-05,53.5003667485786,0.025009789906040258
-1.0,-0.00015375554058039143,53.50035576644848,0.025009789906040258
-1.0,2.1465443313939403e-06,53.50041994006774,0.025009789906040258
-1.0,-6.359981853165664e-05,53.50039600030891,0.025009789906040258
-1.0,3.60350873354065e-05,53.50035350643748,0.025009789906040258
-1.0,5.280520236716768e-05,53.500362921628344,0.025009789906040258
-1.0,-2.640190531533193e-06,53.50024125495884,0.025009789906040258
-1.0,-6.145119020395384e-05,53.500250495922515,0.025009789906040258
-1.0,3.63993487528802e-05,53.500408184797536,0.025009789906040258
-1.0,-2.5117415638042928e-05,53.50021039484463,0.025009789906040258
-1.0,0.00011096678820265993,53.50033894526388,0.025009789906040258
-1.0,0.0001184672340670545,53.50036571437001,0.025009789906040258
-1.0,-2.3040210990643573e-05,53.50038018091896,0.025009789906040258
-1.0,-0.00016350358051653302,53.50026584579375,0.025009789906040258
-1.0,1.2784631205242647e-05,53.50017761663753,0.025009789906040258
-1.0,2.4986866669962637e-05,53.5003586132455,0.025009789906040258
-1.0,-3.3419934267087115e-05,53.5002507303249,0.025009789906040258
-1.0,-9.43227961469617e-06,53.500388450799505,0.025009789906040258
-1.0,-7.638505764617776e-05,53.50036057729626,0.025009789906040258
-1.0,5.347589364745886e-05,53.500233049344914,0.025009789906040258
-1.0,-8.525271127268752e-06,53.500285719138404,0.025009789906040258
-1.0,-4.849351314994976e-05,53.500243256328744,0.025009789906040258
-1.0,5.802013025579811e-06,53.500191138011616,0.025009789906040258
-1.0,8.360088569148161e-05,53.500279880632206,0.025009789906040258
-1.0,-0.00015173622887942884,53.500272373363224,0.025009789906040258
-1.0,0.00011437245159484632,53.50041889792015,0.025009789906040258
-1.0,6.211788718069045e-05,53.500218694856045,0.025009789906040258
-1.0,0.00012975632831313533,53.50040101682292,0.025009789906040258
-1.0,-0.0001411401512925181,53.5002041681626,0.025009789906040258
-1.0,3.778683467281496e-05,53.50017689439619,0.025009789906040258
-1.0,-9.629628244312016e-05,53.50021958441373,0.025009789906040258
-1.0,0.00014279716079812488,53.50037350383702,0.025009789906040258
-1.0,-5.577659648636768e-05,53.50026454241417,0.025009789906040258
-1.0,-0.00017010452730659154,53.500278821677725,0.025009789906040258
-1.0,7.304327501245211e-05,53.50025647095855,0.025009789906040258
-1.0,2.1633768276352328e-05,53.50035897459796,0.025009789906040258
-1.0,3.1725220438261204e-05,53.500458322663,0.025009789906040258
-1.0,-6.877075094280372e-05,53.50041946172303,0.025009789906040258
-1.0,-7.041880108005216e-05,53.50021621015628,0.025009789906040258
-1.0,4.209243361508186e-05,53.50033555664543,0.025009789906040258
-1.0,0.0001573218314803171,53.50022722089424,0.025009789906040258
-1.0,0.0001165040573809506,53.50032955529873,0.025009789906040258
-1.0,-1.8744346749421936e-05,53.50019974827664,0.025009789906040258
-1.0,-4.178449686698116e-05,53.500451547481966,0.025009789906040258
-1.0,-1.5175183438742579e-05,53.50030742954797,0.025009789906040258
-1.0,-7.988701290173594e-05,53.50018593722585,0.025009789906040258
-1.0,4.543846783278127e-05,53.500307180715346,0.025009789906040258
-1.0,-0.0001196725227856632,53.500317063830856,0.025009789906040258
-1.0,3.6860294351515055e-08,53.500367029167805,0.025009789906040258
-1.0,-1.4760249007927939e-05,53.50035758050558,0.025009789906040258
-1.0,0.0001143086770980517,53.500209913293254,0.025009789906040258
-1.0,2.492362593820019e-05,53.50033506678151,0.025009789906040258
-1.0,-0.0001613376385734,53.500229256561695,0.025009789906040258
-1.0,-7.760371792286946e-05,53.500405121096264,0.025009789906040258
-1.0,-4.627356738673427e-06,53.500451035039944,0.025009789906040258
-1.0,7.20806047205258e-05,53.500181470955425,0.025009789906040258
-1.0,-0.00011577474653634567,53.50019493245577,0.025009789906040258
-1.0,-5.985785384154951e-05,53.500340776743734,0.025009789906040258
-1.0,-2.0397167372010472e-05,53.500412017054195,0.025009789906040258
-1.0,-6.0262152082657394e-05,53.50018123588477,0.025009789906040258
-1.0,-8.159946954222619e-05,53.50031775123586,0.025009789906040258
-1.0,5.428102070581531e-05,53.500429416159236,0.025009789906040258
-1.0,8.298304921439126e-05,53.500298552203496,0.025009789906040258
-1.0,0.000159455678044651,53.50022955000358,0.025009789906040258
-1.0,-1.6846239332402035e-05,53.50021334495334,0.025009789906040258
-1.0,-3.821098929490674e-06,53.50030315594913,0.025009789906040258
-1.0,-3.147651627699588e-05,53.5002777404569,0.025009789906040258
-1.0,8.610771025630015e-05,53.50034417907705,0.025009789906040258
-1.0,-8.905447520390908e-05,53.50025099817284,0.025009789906040258
-1.0,-8.314654212426831e-05,53.50037847492767,0.025009789906040258
-1.0,-7.178349162728637e-05,53.5004397161437,0.025009789906040258
-1.0,-8.81131057219875e-05,53.500297957458656,0.025009789906040258
-1.0,2.4626236561964276e-05,53.500343913437135,0.025009789906040258
-1.0,-0.00012647572266999418,53.50019688647658,0.025009789906040258
-1.0,-3.576312094938361e-07,53.500214061371956,0.025009789906040258
-1.0,-0.00012062631093456844,53.50026784808941,0.025009789906040258
-1.0,-0.00014041977800616223,53.500392920145586,0.025009789906040258
-1.0,8.020794305707568e-05,53.50028667190186,0.025009789906040258
-1.0,0.00013627507792079996,53.50032914170388,0.025009789906040258
-1.0,3.9068330035973986e-05,53.50035610060743,0.025009789906040258
-1.0,-5.683672917200511e-05,53.500276620241,0.025009789906040258
-1.0,0.00012207385893248102,53.50039684444964,0.025009789906040258
-1.0,3.4941147079692314e-05,53.50017665862593,0.025009789906040258
-1.0,0.00013647016133688794,53.500230487320025,0.025009789906040258
-1.0,4.918463238468007e-05,53.50019584926725,0.025009789906040258
-1.0,-6.671324583606975e-05,53.50033218854507,0.025009789906040258
-1.0,0.00010018034987169244,53.50027644978024,0.025009789906040258
-1.0,0.00013797515706670538,53.500397464066296,0.025009789906040258
-1.0,-0.00011739461339033141,53.50040466254096,0.025009789906040258
-1.0,6.299981900426133e-05,53.500318632287595,0.025009789906040258
-1.0,-1.9753352446194583e-05,53.50028878048203,0.025009789906040258
-1.0,-2.117027002856986e-05,53.500253060857986,0.025009789906040258
-1.0,5.700380285489359e-05,53.50040440355043,0.025009789906040258
-1.0,-6.546480137359367e-05,53.50041588377947,0.025009789906040258
-1.0,-0.00011009205665146737,53.50041264717403,0.025009789906040258
-1.0,2.0026860300115246e-06,53.50019609841881,0.025009789906040258
-1.0,6.719397802967819e-05,53.500185464070654,0.025009789906040258
-1.0,-0.0001622350816532503,53.50037121077165,0.025009789906040258
-1.0,1.3095436401489025e-05,53.50034021918326,0.025009789906040258
-1.0,-3.180093814947327e-06,53.50025952541497,0.025009789906040258
-1.0,1.1754328583357676e-05,53.500246308004186,0.025009789906040258
-1.0,0.0001206034191056915,53.50034341791955,0.025009789906040258
-1.0,-0.00011389090760971499,53.500228989661295,0.025009789906040258
-1.0,-1.6066736165498696e-05,53.5004023460711,0.025009789906040258
-1.0,-0.00017069907514155602,53.50023910371564,0.025009789906040258
-1.0,9.508982163453084e-05,53.50029260213919,0.025009789906040258
-1.0,4.513224816982131e-05,53.50035954079493,0.025009789906040258
-1.0,-4.697689593058385e-05,53.5003478653885,0.025009789906040258
-1.0,-0.00013358498659243878,53.500210243672996,0.025009789906040258
-1.0,-8.092663344339002e-06,53.50033494124029,0.025009789906040258
-1.0,0.00016812706130053812,53.50024522319818,0.025009789906040258
-1.0,7.044274812528784e-05,53.50036597227931,0.025009789906040258
-1.0,-9.586795306759655e-05,53.50034192756561,0.025009789906040258
-1.0,5.794370515133096e-05,53.500179978823155,0.025009789906040258
-1.0,0.00012783683420281022,53.50028108068767,0.025009789906040258
-1.0,2.1017673018874916e-05,53.50019302246323,0.025009789906040258
-1.0,-0.00015599684811462566,53.50031316914277,0.025009789906040258
-1.0,1.528153774632557e-05,53.500431235178745,0.025009789906040258
-1.0,9.733465413219733e-06,53.500449342521264,0.025009789906040258
-1.0,4.4008742607459794e-05,53.500190699918406,0.025009789906040258
-1.0,-0.00018827652354502789,53.500260873342356,0.025009789906040258
-1.0,4.150796865154405e-05,53.50045359572819,0.025009789906040258
-1.0,-7.385200492748822e-05,53.50019583501856,0.025009789906040258
-1.0,4.5300683892079974e-05,53.50027511948242,0.025009789906040258
-1.0,-5.392449519270315e-05,53.50026721154315,0.025009789906040258
-1.0,-7.049011639992386e-05,53.50019006348616,0.025009789906040258
-1.0,-5.079571996979837e-05,53.50045232534008,0.025009789906040258
-1.0,7.680568393553244e-05,53.500434649183525,0.025009789906040258
-1.0,1.3243545856855832e-05,53.50036819482419,0.025009789906040258
-1.0,7.636686837031448e-05,53.500237478688035,0.025009789906040258
-1.0,7.89987408715831e-05,53.50035121388928,0.025009789906040258
-1.0,2.1312423809760617e-05,53.50027874705512,0.025009789906040258
-1.0,-9.744822913049234e-05,53.50042706795236,0.025009789906040258
-1.0,-5.5228651621774816e-05,53.50025693458117,0.025009789906040258
-1.0,-5.8026256986920544e-05,53.50041654733961,0.025009789906040258
-1.0,-7.261381717427184e-05,53.500418589318784,0.025009789906040258
-1.0,-4.119257403623067e-05,53.50032170239835,0.025009789906040258
-1.0,-4.9939988768343824e-05,53.50041612463349,0.025009789906040258
-1.0,-7.179539782964373e-07,53.50017858283843,0.025009789906040258
-1.0,-6.669941559511727e-06,53.50038522181717,0.025009789906040258
-1.0,-0.00011014080451232644,53.50029984817533,0.025009789906040258
-1.0,3.428749762157679e-05,53.50019586826112,0.025009789906040258
-1.0,-0.00016988384184912775,53.50035403860044,0.025009789906040258
-1.0,0.00010926797602905935,53.500183664958946,0.025009789906040258
-1.0,6.072192269712673e-05,53.50041923872108,0.025009789906040258
-1.0,1.558295830683676e-05,53.500352522533284,0.025009789906040258
-1.0,-7.23381693106262e-05,53.50042778730044,0.025009789906040258
-1.0,-3.7425583483852165e-05,53.50023411642982,0.025009789906040258
-1.0,9.763478212221344e-05,53.50021944698699,0.025009789906040258
-1.0,3.379387721835769e-05,53.50040606473473,0.025009789906040258
-1.0,0.00010845112903012932,53.500278238285084,0.025009789906040258
-1.0,-0.00013795841410058074,53.50025105948626,0.025009789906040258
-1.0,0.00013614231237113472,53.50022807142704,0.025009789906040258
-1.0,7.309597503990517e-05,53.50018306464591,0.025009789906040258
-1.0,-0.00012386159950494857,53.500227984160716,0.025009789906040258
-1.0,-0.00010149583462748524,53.50030719570059,0.025009789906040258
-1.0,-2.656459039585002e-05,53.5004321050903,0.025009789906040258
-1.0,0.0001562900002340939,53.500345227488005,0.025009789906040258
-1.0,-2.7184453763595684e-05,53.5002670475927,0.025009789906040258
-1.0,-6.913441863787284e-05,53.50035319127762,0.025009789906040258
-1.0,-0.00012632576078175362,53.50028963940451,0.025009789906040258
-1.0,-0.00014349872920149664,53.50036897143363,0.025009789906040258
-1.0,-0.000141636119089128,53.500287263599986,0.025009789906040258
-1.0,9.830257167386947e-06,53.500402819291494,0.025009789906040258
-1.0,0.0001258947776250352,53.50032309524221,0.025009789906040258
-1.0,-2.5486760726778357e-05,53.500318316786164,0.025009789906040258
-1.0,-4.9304723443555076e-05,53.500375779843864,0.025009789906040258
-1.0,7.38035757059663e-05,53.50018069551569,0.025009789906040258
-1.0,-4.069154046071333e-05,53.50017771089853,0.025009789906040258
-1.0,-0.00014874451985491532,53.500347504979445,0.025009789906040258
-1.0,-3.120007129653324e-06,53.50044626222759,0.025009789906040258
-1.0,-7.404541097955075e-05,53.500391669417596,0.025009789906040258
-1.0,1.219551725428758e-05,53.50030266558774,0.025009789906040258
-1.0,9.93641034803261e-05,53.50018209253751,0.025009789906040258
-1.0,2.799725042912371e-05,53.500414620176926,0.025009789906040258
-1.0,9.308446211164778e-05,53.50038507910448,0.025009789906040258
-1.0,7.445484999735186e-05,53.50027115727504,0.025009789906040258
-1.0,2.484184302176118e-05,53.50036282288294,0.025009789906040258
-1.0,9.389933202985645e-06,53.50020670163526,0.025009789906040258
-1.0,0.00013689209771428068,53.50022166813979,0.025009789906040258
-1.0,4.882768091185596e-06,53.500181185905795,0.025009789906040258
-1.0,-1.5928675353826804e-05,53.5003322094734,0.025009789906040258
-1.0,-0.00011024333963405297,53.50019717259541,0.025009789906040258
-1.0,-5.383073112241732e-05,53.50026414346304,0.025009789906040258
-1.0,8.93481715209532e-05,53.50035690391935,0.025009789906040258
-1.0,2.6293690277512383e-05,53.500327432509906,0.025009789906040258
-1.0,7.5769447871465445e-06,53.500261684112075,0.025009789906040258
-1.0,3.749513640372015e-05,53.5003688386154,0.025009789906040258
-1.0,-0.0001282241966151787,53.50021266309322,0.025009789906040258
-1.0,0.0001128069684703803,53.50031395659288,0.025009789906040258
-1.0,0.00011811267986416851,53.50020262822483,0.025009789906040258
-1.0,-0.00010363626310549989,53.500365953159616,0.025009789906040258
-1.0,0.00014145725275227505,53.50026867236802,0.025009789906040258
-1.0,0.00014307291218784712,53.50025084326198,0.025009789906040258
-1.0,-6.818307908496024e-06,53.50033418564472,0.025009789906040258
-1.0,2.0491784249010436e-05,53.50031821088115,0.025009789906040258
-1.0,3.681160404056527e-05,53.50042953997361,0.025009789906040258
-1.0,4.6429377878354217e-05,53.50034441404834,0.025009789906040258
-1.0,4.364259160816175e-05,53.50024033365085,0.025009789906040258
-1.0,-7.774605559873748e-05,53.50019214553822,0.025009789906040258
-1.0,-6.912117538959706e-05,53.50035304972978,0.025009789906040258
-1.0,-8.685197249747034e-05,53.500417426032264,0.025009789906040258
-1.0,-5.7940883035456636e-05,53.5003669896157,0.025009789906040258
-1.0,1.0873966793223389e-05,53.50037874941537,0.025009789906040258
-1.0,-3.069435602043313e-05,53.50042209150565,0.025009789906040258
-1.0,-2.6385125021732847e-05,53.500317916348756,0.025009789906040258
-1.0,-7.324395045671395e-05,53.500419409929584,0.025009789906040258
-1.0,5.135872705253064e-05,53.50026448267568,0.025009789906040258
-1.0,0.0001367709526505223,53.50035332857689,0.025009789906040258
-1.0,-7.677217277191062e-05,53.500426588175806,0.025009789906040258
-1.0,0.00017515857566507975,53.500322923395416,0.025009789906040258
-1.0,0.00011484057318966734,53.50030661898938,0.025009789906040258
-1.0,-1.457737690602201e-05,53.50019028252076,0.025009789906040258
-1.0,9.512188729843274e-05,53.50023481056174,0.025009789906040258
-1.0,1.2179244177623616e-05,53.50029327023784,0.025009789906040258
-1.0,3.0646141196299936e-05,53.500326205073,0.025009789906040258
-1.0,0.00010347397050836094,53.5003676264541,0.025009789906040258
-1.0,-0.00010788179284304533,53.500300637784285,0.025009789906040258
-1.0,5.662625332192306e-06,53.50044970554288,0.025009789906040258
-1.0,-5.891770808119645e-05,53.500328391988575,0.025009789906040258
-1.0,1.0640620308421944e-05,53.50044507309585,0.025009789906040258
-1.0,-2.0318758047643826e-05,53.5001788663537,0.025009789906040258
-1.0,-0.00010716722881198848,53.50033482507387,0.025009789906040258
-1.0,-5.7482954343157644e-05,53.50033588056361,0.025009789906040258
-1.0,0.00011990486684965163,53.500295778540504,0.025009789906040258
-1.0,7.125790751416616e-05,53.50018724624075,0.025009789906040258
-1.0,5.521356421199497e-08,53.50025956084649,0.025009789906040258
-1.0,-0.00010567011559459161,53.50024853380651,0.025009789906040258
-1.0,4.058421700214865e-05,53.50024268269267,0.025009789906040258
-1.0,-2.130526469468208e-06,53.50034649524201,0.025009789906040258
-1.0,0.00013001560650849342,53.500195688965995,0.025009789906040258
-1.0,0.00016950857625630533,53.500330007138885,0.025009789906040258
-1.0,0.00011280924963941175,53.50036304394927,0.025009789906040258
-1.0,8.017165538376503e-05,53.50039814068622,0.025009789906040258
-1.0,-0.00013006949502880616,53.50036222635765,0.025009789906040258
-1.0,2.1298550385573378e-05,53.500373935217134,0.025009789906040258
-1.0,4.769242863744694e-05,53.50025918500663,0.025009789906040258
-1.0,1.686946862244909e-05,53.50020506906057,0.025009789906040258
-1.0,0.00014135068575882315,53.50022199796523,0.025009789906040258
-1.0,0.00013220480777675903,53.50023698547159,0.025009789906040258
-1.0,3.679849401549973e-05,53.50032590407524,0.025009789906040258
-1.0,-4.870565649817138e-05,53.50041233119254,0.025009789906040258
-1.0,0.000152876644619937,53.50022477954821,0.025009789906040258
-1.0,-0.00012511491750188952,53.500353297498144,0.025009789906040258
-1.0,-0.0001244869724672526,53.500272389387845,0.025009789906040258
-1.0,9.369557486493818e-05,53.50028446620197,0.025009789906040258
-1.0,-3.1424848026873065e-05,53.50028354268546,0.025009789906040258
-1.0,3.888547135488807e-05,53.500403558928696,0.025009789906040258
-1.0,-0.00010618794322070357,53.50018669347341,0.025009789906040258
-1.0,-6.567747769281596e-05,53.500218485622376,0.025009789906040258
-1.0,9.998354594387138e-05,53.50026527474776,0.025009789906040258
-1.0,-9.893942882310824e-06,53.50036661589359,0.025009789906040258
-1.0,-0.00018721672338273265,53.50028122943442,0.025009789906040258
-1.0,-0.00010104219078499455,53.50034927162292,0.025009789906040258
-1.0,2.3763126007381175e-05,53.50039298897993,0.025009789906040258
-1.0,-3.8470979294658036e-05,53.50041878013545,0.025009789906040258
-1.0,0.00011333520928502594,53.500208615034296,0.025009789906040258
-1.0,-5.39285993532701e-05,53.50024660547854,0.025009789906040258
-1.0,-3.639962143253683e-05,53.500383228067534,0.025009789906040258
-1.0,-0.00013809281289667297,53.5001880651615,0.025009789906040258
-1.0,-5.472106960624501e-05,53.50040110124749,0.025009789906040258
-1.0,-0.0001291375178240628,53.50036326591437,0.025009789906040258
-1.0,8.603963479458798e-05,53.50031663500911,0.025009789906040258
-1.0,7.92429231282199e-05,53.500310781996106,0.025009789906040258
-1.0,0.00013922652534148483,53.5003116064638,0.025009789906040258
-1.0,0.00010404954572607039,53.500381579897436,0.025009789906040258
-1.0,-7.558086061720815e-05,53.50018516260416,0.025009789906040258
-1.0,-1.6959696012563974e-06,53.50030279641771,0.025009789906040258
-1.0,8.425167801462408e-05,53.50022610977531,0.025009789906040258
-1.0,9.29125477462378e-05,53.50036564290421,0.025009789906040258
-1.0,-1.2598316933232212e-05,53.50020764065248,0.025009789906040258
-1.0,-0.00011082937745499066,53.5004208612458,0.025009789906040258
-1.0,-0.00010417675651908098,53.50020543837987,0.025009789906040258
-1.0,9.828849486304136e-06,53.50017653893289,0.025009789906040258
-1.0,-4.771994669816593e-05,53.50042176220067,0.025009789906040258
-1.0,-4.952638255950603e-05,53.50018770252656,0.025009789906040258
-1.0,9.997713811937814e-06,53.5001919821203,0.025009789906040258
-1.0,-0.00011961483992450894,53.50035217281031,0.025009789906040258
-1.0,-0.00017605684789145926,53.50029970372591,0.025009789906040258
-1.0,-5.49264225102597e-06,53.50028153046014,0.025009789906040258
-1.0,7.296431470127374e-06,53.50044164209726,0.025009789906040258
-1.0,2.8819272299251963e-05,53.50018737884126,0.025009789906040258
-1.0,6.882022858534231e-07,53.50030003268534,0.025009789906040258
-1.0,-9.901164023062847e-05,53.50035098550262,0.025009789906040258
-1.0,-9.208788840098237e-05,53.50037140800292,0.025009789906040258
-1.0,-0.00012521990098690594,53.5001958165883,0.025009789906040258
-1.0,0.00012412507275527673,53.500206305603704,0.025009789906040258
-1.0,-8.749007449537771e-05,53.50020478292993,0.025009789906040258
-1.0,-0.0001228172873766198,53.500287746742245,0.025009789906040258
-1.0,0.00012808651722195918,53.50039859370335,0.025009789906040258
-1.0,1.2972568686375752e-05,53.50040397152196,0.025009789906040258
-1.0,-4.177469260824296e-05,53.50041371326032,0.025009789906040258
-1.0,3.407387240095261e-05,53.50035241638331,0.025009789906040258
-1.0,-0.00013309107773551432,53.50029500214046,0.025009789906040258
-1.0,-1.1512828645088291e-05,53.50020755967018,0.025009789906040258
-1.0,-0.00018106098166725815,53.50032941779683,0.025009789906040258
-1.0,0.00010272131914845772,53.50027047120689,0.025009789906040258
-1.0,-0.00011297148398625723,53.500215552340634,0.025009789906040258
-1.0,-0.00017401696323560145,53.50024101353661,0.025009789906040258
-1.0,0.00017795482884963576,53.50033537799904,0.025009789906040258
-1.0,2.559366032173216e-05,53.50021150708664,0.025009789906040258
-1.0,-0.00011307986543940274,53.500189351130864,0.025009789906040258
-1.0,9.036703907394639e-06,53.50043903883706,0.025009789906040258
-1.0,-5.1070047767609594e-05,53.50038744687218,0.025009789906040258
-1.0,1.0068120927630986e-05,53.5003636590939,0.025009789906040258
-1.0,4.3803227169902925e-05,53.500438620178016,0.025009789906040258
-1.0,6.124625704728714e-05,53.500226992877955,0.025009789906040258
-1.0,4.674116007308271e-05,53.500329779791926,0.025009789906040258
-1.0,-7.886012294733291e-05,53.500237261604084,0.025009789906040258
-1.0,-7.408320523083489e-05,53.50021330960265,0.025009789906040258
-1.0,3.4905395098761005e-05,53.50044390302995,0.025009789906040258
-1.0,8.57433215593062e-05,53.500275042740924,0.025009789906040258
-1.0,7.860535453119155e-05,53.50039504291408,0.025009789906040258
-1.0,1.7990012437074654e-05,53.50034459479369,0.025009789906040258
-1.0,0.0001319228586211807,53.500234846243536,0.025009789906040258
-1.0,9.895401928261549e-05,53.500211054545886,0.025009789906040258
-1.0,-5.409748784579449e-05,53.50032385058926,0.025009789906040258
-1.0,-2.8268792998886738e-05,53.50020036963434,0.025009789906040258
-1.0,9.075787167134308e-05,53.50018704364159,0.025009789906040258
-1.0,2.1027949048679773e-05,53.500441176016196,0.025009789906040258
-1.0,1.9250344042376355e-05,53.500209612330345,0.025009789906040258
-1.0,-0.0001011519828360008,53.500298088630814,0.025009789906040258
-1.0,-0.00010265750809423935,53.50021175503564,0.025009789906040258
-1.0,-1.5451657655596307e-05,53.500315335849834,0.025009789906040258
-1.0,-5.543356381565445e-05,53.50033681873185,0.025009789906040258
-1.0,-0.00010851902414898973,53.50040497586434,0.025009789906040258
-1.0,2.4983601836225944e-05,53.50034893986835,0.025009789906040258
-1.0,6.666450224901421e-07,53.500296062413106,0.025009789906040258
-1.0,0.0001073659914112568,53.50018560292034,0.025009789906040258
-1.0,-6.43541066338571e-05,53.50039284099768,0.025009789906040258
-1.0,1.4966850804931653e-05,53.50018558343646,0.025009789906040258
-1.0,-5.63939666076152e-05,53.500193479943476,0.025009789906040258
-1.0,-9.796035509879175e-06,53.5001860604142,0.025009789906040258
-1.0,5.208748096130478e-05,53.50018002397525,0.025009789906040258
-1.0,0.0001374332128136757,53.50032568772292,0.025009789906040258
-1.0,-6.3919193951100794e-06,53.500460931466954,0.025009789906040258
-1.0,-0.00011262481004692404,53.50026318888564,0.025009789906040258
-1.0,-7.032721745758863e-05,53.50028842922822,0.025009789906040258
-1.0,-4.4069863371021256e-05,53.500249110615286,0.025009789906040258
-1.0,0.0001351778937959125,53.500202405289635,0.025009789906040258
-1.0,-7.045425653728898e-05,53.50019590047689,0.025009789906040258
-1.0,2.665825919478948e-05,53.50027209917492,0.025009789906040258
-1.0,-7.596403239062965e-05,53.50025009308867,0.025009789906040258
-1.0,-4.893718995724328e-05,53.50039257404251,0.025009789906040258
-1.0,0.00018238085923627523,53.50025638178016,0.025009789906040258
-1.0,-5.0422721724174835e-05,53.500271884713584,0.025009789906040258
-1.0,7.862665023949944e-05,53.50018953304419,0.025009789906040258
-1.0,1.9898191084832817e-06,53.50028424303991,0.025009789906040258
-1.0,3.5036914526997975e-05,53.50041914313645,0.025009789906040258
-1.0,2.113006018156227e-05,53.50032277508733,0.025009789906040258
-1.0,-1.5174340864732017e-05,53.50044180582859,0.025009789906040258
-1.0,-0.00017265100481722584,53.50026745205484,0.025009789906040258
-1.0,-9.332132817263528e-05,53.500339089621185,0.025009789906040258
-1.0,9.959385925384368e-05,53.500385198805276,0.025009789906040258
-1.0,5.4452339981025943e-05,53.500292394955444,0.025009789906040258
-1.0,-0.00011133305993382692,53.50031921217934,0.025009789906040258
-1.0,6.277476716576302e-05,53.500317885849675,0.025009789906040258
-1.0,-6.791816827345087e-05,53.50043447604652,0.025009789906040258
-1.0,-8.317638084420764e-05,53.50022571989068,0.025009789906040258
-1.0,2.7914178438948056e-05,53.50017823712076,0.025009789906040258
-1.0,1.613377782305747e-05,53.50030348940975,0.025009789906040258
-1.0,1.9855154992143298e-05,53.500417244579005,0.025009789906040258
-1.0,0.0001499692449939971,53.500348265352876,0.025009789906040258
-1.0,5.6342968955291894e-05,53.500277971044625,0.025009789906040258
-1.0,-0.0001246306200073377,53.500357301161486,0.025009789906040258
-1.0,-6.905150233293966e-05,53.50017898366089,0.025009789906040258
-1.0,-8.285557717613301e-05,53.5004025028774,0.025009789906040258
-1.0,-1.2185030476619119e-05,53.50017591187443,0.025009789906040258
-1.0,1.6809334503431472e-05,53.50017903846645,0.025009789906040258
-1.0,5.050944853302042e-05,53.500328780384216,0.025009789906040258
-1.0,4.969289334333382e-05,53.50037367585655,0.025009789906040258
-1.0,-0.0001395594019015789,53.50033240101798,0.025009789906040258
-1.0,-9.225358055786614e-05,53.50034068555529,0.025009789906040258
-1.0,2.8735163438042832e-05,53.500445162819446,0.025009789906040258
-1.0,0.00010442615297989732,53.50032981217244,0.025009789906040258
-1.0,-4.863780801755979e-05,53.500448310249375,0.025009789906040258
-1.0,6.70495897097112e-05,53.50018120136343,0.025009789906040258
-1.0,7.620665762431145e-05,53.50039276195044,0.025009789906040258
-1.0,-0.00010630543053480324,53.50026708364984,0.025009789906040258
-1.0,-6.534496587207173e-05,53.50023286758572,0.025009789906040258
-1.0,9.782471334318643e-05,53.50037341949452,0.025009789906040258
-1.0,0.00017408325332723962,53.500339484525014,0.025009789906040258
-1.0,1.7517507570063984e-06,53.50044475390599,0.025009789906040258
-1.0,6.074084578067129e-05,53.500185001319544,0.025009789906040258
-1.0,-0.00010216682712638203,53.500320158975164,0.025009789906040258
-1.0,8.170358080761275e-05,53.50025672351286,0.025009789906040258
-1.0,-6.620995240780303e-05,53.50019290489527,0.025009789906040258
-1.0,-1.2147155111552621e-05,53.50040266996308,0.025009789906040258
-1.0,-0.00011386790896139587,53.5002447467279,0.025009789906040258
-1.0,6.835424703055537e-05,53.50033156302792,0.025009789906040258
-1.0,6.141673491910637e-05,53.500272428044084,0.025009789906040258
-1.0,6.638165148231678e-05,53.50027249882895,0.025009789906040258
-1.0,-0.00010137336415638742,53.50022370036143,0.025009789906040258
-1.0,-0.00017519055667492012,53.50025591714226,0.025009789906040258
-1.0,-0.0001375068672331281,53.50024309835741,0.025009789906040258
-1.0,-3.9016692593207836e-05,53.50022569053942,0.025009789906040258
-1.0,-3.682373789892779e-05,53.50039139633321,0.025009789906040258
-1.0,2.634727309880347e-06,53.50040564269155,0.025009789906040258
-1.0,-5.276424074196484e-05,53.50023030037153,0.025009789906040258
-1.0,7.935671613523709e-05,53.50036771855317,0.025009789906040258
-1.0,1.5906255032227534e-05,53.50038621540659,0.025009789906040258
-1.0,8.348170542404887e-05,53.50027497256099,0.025009789906040258
-1.0,5.204286427407112e-05,53.50022285344093,0.025009789906040258
-1.0,5.0930157334150294e-05,53.50039441407475,0.025009789906040258
-1.0,4.655290296895487e-05,53.50031600735278,0.025009789906040258
-1.0,-4.4566799237699684e-05,53.500265124778515,0.025009789906040258
-1.0,2.7759584231290546e-05,53.50033877899569,0.025009789906040258
-1.0,1.622740924211996e-05,53.50037833151366,0.025009789906040258
-1.0,9.853059149467214e-06,53.50030068665839,0.025009789906040258
-1.0,-0.00013453875919111624,53.50030818569907,0.025009789906040258
-1.0,-0.0001891122697514902,53.500286843247245,0.025009789906040258
-1.0,9.701996678046498e-05,53.5003572391594,0.025009789906040258
-1.0,6.0825665993746725e-05,53.50017981961119,0.025009789906040258
-1.0,-0.00012799678906816325,53.50031027412459,0.025009789906040258
-1.0,-0.00014247053164950785,53.50035603997935,0.025009789906040258
-1.0,2.5580578448369806e-05,53.50034601831979,0.025009789906040258
-1.0,1.373343601063226e-05,53.50034316330764,0.025009789906040258
-1.0,-7.990009192582193e-05,53.50018776789275,0.025009789906040258
-1.0,-0.00016072702258185245,53.500349354891036,0.025009789906040258
-1.0,3.6962799136119884e-05,53.50036380269252,0.025009789906040258
-1.0,-0.0001313629264991789,53.50020964338361,0.025009789906040258
-1.0,0.0001605983671382205,53.500357836049425,0.025009789906040258
-1.0,2.365969306339366e-05,53.50045502073368,0.025009789906040258
-1.0,0.0001626123817644043,53.500260971351494,0.025009789906040258
-1.0,-0.00011903920257694267,53.50029338077318,0.025009789906040258
-1.0,-0.00013484238728267428,53.50027040157182,0.025009789906040258
-1.0,-1.1687263823834115e-05,53.500215019600795,0.025009789906040258
-1.0,-9.213641773087033e-05,53.50031081927319,0.025009789906040258
-1.0,-8.931899498776374e-05,53.50018106714543,0.025009789906040258
-1.0,4.2341444594029554e-05,53.50028385181092,0.025009789906040258
-1.0,1.9227371928387527e-05,53.50043945428194,0.025009789906040258
-1.0,-0.00010268986564554439,53.50033112096237,0.025009789906040258
-1.0,4.609241951847309e-05,53.50020579845566,0.025009789906040258
-1.0,0.0001525359266949522,53.500343714935575,0.025009789906040258
-1.0,-0.0001183697482467494,53.50021206476595,0.025009789906040258
-1.0,-3.9994998560999306e-05,53.500264198088836,0.025009789906040258
-1.0,-0.00010472287977947303,53.5002807996866,0.025009789906040258
-1.0,-5.024092346417319e-05,53.500181905131384,0.025009789906040258
-1.0,-8.286594941608882e-05,53.500184490960216,0.025009789906040258
-1.0,1.413229823513107e-07,53.500189365082015,0.025009789906040258
-1.0,-5.9402260298213605e-05,53.50033072546073,0.025009789906040258
-1.0,0.000134815873174432,53.50024289662361,0.025009789906040258
-1.0,2.0874017491401275e-05,53.50031392389221,0.025009789906040258
-1.0,4.1224861014654834e-05,53.50029733986965,0.025009789906040258
-1.0,6.552439059248627e-05,53.50037609532198,0.025009789906040258
-1.0,0.00012564940984560735,53.50019573264408,0.025009789906040258
-1.0,-5.535716100268928e-05,53.500339266906906,0.025009789906040258
-1.0,6.0219141435169377e-05,53.500332252784055,0.025009789906040258
-1.0,-5.0187961806003045e-05,53.50038662347892,0.025009789906040258
-1.0,0.00011494096690967126,53.500406558430015,0.025009789906040258
-1.0,2.788059721980929e-06,53.500346692121795,0.025009789906040258
-1.0,-0.00016721803907415733,53.500254071092606,0.025009789906040258
-1.0,-0.00013454651424638087,53.50028742247097,0.025009789906040258
-1.0,9.66915942726132e-05,53.500334515937226,0.025009789906040258
-1.0,0.00010555315297366974,53.50018631209679,0.025009789906040258
-1.0,5.453385474751826e-05,53.50037620439697,0.025009789906040258
-1.0,0.00013741381151533005,53.50037789617105,0.025009789906040258
-1.0,6.637700733236329e-05,53.500240567759434,0.025009789906040258
-1.0,-1.3342476024469363e-05,53.500367204247205,0.025009789906040258
-1.0,7.44616192243086e-05,53.50018698706587,0.025009789906040258
-1.0,1.9045171025799945e-06,53.50041765857051,0.025009789906040258
-1.0,-3.878611916796615e-05,53.500329943100034,0.025009789906040258
-1.0,-5.5014482107651475e-05,53.50036082984858,0.025009789906040258
-1.0,4.680745158580635e-05,53.50023684166216,0.025009789906040258
-1.0,0.00010404256132190426,53.500272470674105,0.025009789906040258
-1.0,-0.00011810250180488424,53.50019298711031,0.025009789906040258
-1.0,5.792575295870961e-05,53.500264269948794,0.025009789906040258
-1.0,-8.76952475437065e-05,53.5003476322765,0.025009789906040258
-1.0,0.00012997658172508864,53.50039215345067,0.025009789906040258
-1.0,4.7989595952202535e-05,53.50031558175367,0.025009789906040258
-1.0,0.00014044424481340911,53.50028313515832,0.025009789906040258
-1.0,-3.823841115568882e-05,53.50029797013891,0.025009789906040258
-1.0,0.00010573313536355045,53.50023971866172,0.025009789906040258
-1.0,4.966570448949881e-05,53.50038732170367,0.025009789906040258
-1.0,-7.683679255876541e-05,53.50021400395731,0.025009789906040258
-1.0,0.0001390403327334866,53.50018823182382,0.025009789906040258
-1.0,-5.7491193270919894e-05,53.500244646718805,0.025009789906040258
-1.0,-5.493392763611382e-05,53.50041569530515,0.025009789906040258
-1.0,9.98833980396796e-05,53.500237947050735,0.025009789906040258
-1.0,-6.75795807563162e-05,53.50017884617684,0.025009789906040258
-1.0,0.0001093700797518693,53.50024516170646,0.025009789906040258
-1.0,-7.501365497830648e-05,53.50018413209268,0.025009789906040258
-1.0,2.6219171477492864e-05,53.5004359741402,0.025009789906040258
-1.0,-0.00012449590835927893,53.50035980655811,0.025009789906040258
-1.0,0.00010965743886259816,53.50018863123485,0.025009789906040258
-1.0,3.5018357042559956e-05,53.500180189168844,0.025009789906040258
-1.0,3.7451153414025384e-05,53.50017681838465,0.025009789906040258
-1.0,4.421400664433861e-05,53.50023914197477,0.025009789906040258
-1.0,8.789877697523707e-05,53.500188109754255,0.025009789906040258
-1.0,0.00010745730103067785,53.500400907556624,0.025009789906040258
-1.0,-5.6926000576495994e-05,53.50028743503676,0.025009789906040258
-1.0,-5.115266148791875e-05,53.500180046942184,0.025009789906040258
-1.0,8.231409670855783e-05,53.50039594973374,0.025009789906040258
-1.0,6.257889201677358e-05,53.50039905776076,0.025009789906040258
-1.0,2.0636290581244054e-05,53.500177526603906,0.025009789906040258
-1.0,4.425390313933519e-05,53.50018239911304,0.025009789906040258
-1.0,2.4675514491256934e-05,53.500429547437705,0.025009789906040258
-1.0,-0.00011269673092684229,53.50039922455174,0.025009789906040258
-1.0,-0.00010916566884233703,53.500299323483034,0.025009789906040258
-1.0,-9.726728909242865e-05,53.50036254570143,0.025009789906040258
-1.0,1.1884208213075453e-05,53.500385350100444,0.025009789906040258
-1.0,6.0748288863266e-05,53.50027709368386,0.025009789906040258
-1.0,-8.63527425494226e-05,53.50020939913507,0.025009789906040258
-1.0,-0.00013775552757522291,53.500192407896954,0.025009789906040258
-1.0,-4.0461341924924454e-05,53.50035305443597,0.025009789906040258
-1.0,-1.4996500626196507e-05,53.500346211837794,0.025009789906040258
-1.0,7.963849293446401e-05,53.500328647324864,0.025009789906040258
-1.0,5.945349569325131e-06,53.500216248494375,0.025009789906040258
-1.0,9.958660525910545e-05,53.50033835015438,0.025009789906040258
-1.0,-0.00015018022410373533,53.500366027155906,0.025009789906040258
-1.0,-5.006269497798144e-05,53.5003653147241,0.025009789906040258
-1.0,0.00015023739923947232,53.5002820325745,0.025009789906040258
-1.0,2.5836731413875214e-05,53.50018856254842,0.025009789906040258
-1.0,7.230252032996987e-05,53.50019015266165,0.025009789906040258
-1.0,-9.440841571972669e-05,53.50039832128431,0.025009789906040258
-1.0,6.237432052813574e-05,53.500300092531816,0.025009789906040258
-1.0,-0.00010863688827811302,53.50019279110783,0.025009789906040258
-1.0,1.903253816326611e-05,53.500371410204785,0.025009789906040258
-1.0,8.143836056717646e-05,53.50018516266558,0.025009789906040258
-1.0,-0.00017815568544676808,53.50027743978049,0.025009789906040258
-1.0,-8.180741135177527e-05,53.50028981611209,0.025009789906040258
-1.0,1.0611086774137135e-05,53.500213259858214,0.025009789906040258
-1.0,-4.253258169661933e-05,53.5003670936277,0.025009789906040258
-1.0,0.00012136479289637236,53.50031115693822,0.025009789906040258
-1.0,-5.944070607100116e-05,53.50042458019486,0.025009789906040258
-1.0,6.0679607027935845e-05,53.500226463227236,0.025009789906040258
-1.0,-5.9951583732953395e-05,53.50043729216536,0.025009789906040258
-1.0,-3.529647632305455e-05,53.50043796197551,0.025009789906040258
-1.0,-6.92180324008973e-05,53.50028595378407,0.025009789906040258
-1.0,8.569173014194575e-05,53.5001806263716,0.025009789906040258
-1.0,-4.269671416068377e-05,53.500364440614575,0.025009789906040258
-1.0,-0.0001566556346617176,53.500338344476546,0.025009789906040258
-1.0,5.5916185633719806e-05,53.50035621004517,0.025009789906040258
-1.0,-2.249095784012667e-05,53.50023112292534,0.025009789906040258
-1.0,-7.169123168537794e-05,53.50034045600871,0.025009789906040258
-1.0,-4.8023055709833784e-05,53.50030511773278,0.025009789906040258
-1.0,0.00012172147833666713,53.50032991816028,0.025009789906040258
-1.0,-0.00010501211091096252,53.50019623867012,0.025009789906040258
-1.0,9.877799431734502e-05,53.50040143644725,0.025009789906040258
-1.0,1.13736993094804e-05,53.50032247234357,0.025009789906040258
-1.0,-0.00017362083868732725,53.50033794281711,0.025009789906040258
-1.0,0.00010070113628302124,53.50018225145327,0.025009789906040258
-1.0,-2.203107999809717e-06,53.50030853070752,0.025009789906040258
-1.0,-7.789100544286498e-05,53.50018072609272,0.025009789906040258
-1.0,5.07156352185234e-05,53.50028298129764,0.025009789906040258
-1.0,-0.00010413046469892606,53.50039695741071,0.025009789906040258
-1.0,0.00014785398011696316,53.50020515531323,0.025009789906040258
-1.0,2.1372927800911157e-05,53.500187618992236,0.025009789906040258
-1.0,-0.00012358530417699853,53.50018571808868,0.025009789906040258
-1.0,1.9597864703513324e-05,53.500291663125196,0.025009789906040258
-1.0,-0.00017681801247704243,53.50026404517574,0.025009789906040258
-1.0,-0.00013195232256180134,53.50026636915816,0.025009789906040258
-1.0,7.283792395185174e-05,53.50030098651261,0.025009789906040258
-1.0,3.847928267575185e-05,53.50018329377851,0.025009789906040258
-1.0,-2.367961601468238e-05,53.50037375318429,0.025009789906040258
-1.0,-3.5859253390668755e-05,53.50042206906587,0.025009789906040258
-1.0,-1.5208164223512455e-05,53.500193138198284,0.025009789906040258
-1.0,-0.00011534747391905853,53.50023483611682,0.025009789906040258
-1.0,0.00012464847428717007,53.50020667272205,0.025009789906040258
-1.0,8.69713330109434e-06,53.50017926111235,0.025009789906040258
-1.0,6.0911441806865696e-05,53.50018573207442,0.025009789906040258
-1.0,-0.00010460756032415475,53.500320213647655,0.025009789906040258
-1.0,0.00010769984120884146,53.50028585078256,0.025009789906040258
-1.0,-0.000130907967744065,53.50023303116692,0.025009789906040258
-1.0,-9.238051126558844e-05,53.500182333048656,0.025009789906040258
-1.0,1.6627012543679598e-05,53.50039026647771,0.025009789906040258
-1.0,0.0001124930148783676,53.50025113348106,0.025009789906040258
-1.0,-5.8046499717079314e-05,53.50037692890824,0.025009789906040258
-1.0,-8.985961470386883e-05,53.500181046665425,0.025009789906040258
-1.0,0.0001241961361344579,53.50038832389292,0.025009789906040258
-1.0,-8.390719369444355e-05,53.50022163102741,0.025009789906040258
-1.0,-0.00015854595563524754,53.50027572919,0.025009789906040258
-1.0,0.0001739694859779206,53.50027197637735,0.025009789906040258
-1.0,0.00010596879140933879,53.500234694842035,0.025009789906040258
-1.0,0.00014758135595371868,53.500278164355606,0.025009789906040258
-1.0,0.0001354038732124252,53.50018673733653,0.025009789906040258
-1.0,7.148735583228927e-05,53.50037843278568,0.025009789906040258
-1.0,0.00010014655878975987,53.50019451276339,0.025009789906040258
-1.0,-5.8365182852071484e-05,53.50036516135005,0.025009789906040258
-1.0,-2.1855898024725207e-05,53.50017622236753,0.025009789906040258
-1.0,3.266980659422103e-05,53.500177415369215,0.025009789906040258
-1.0,-0.00014317943415420586,53.50032170071975,0.025009789906040258
-1.0,0.00010058413098690266,53.500252659927874,0.025009789906040258
-1.0,6.296619899615052e-05,53.500394854472916,0.025009789906040258
-1.0,4.129463527924315e-05,53.50041604917092,0.025009789906040258
-1.0,3.540420638614705e-05,53.500369101304116,0.025009789906040258
-1.0,-6.833846205367422e-05,53.50041010568734,0.025009789906040258
-1.0,6.224715086489141e-05,53.50044804991065,0.025009789906040258
-1.0,-4.890842522620176e-05,53.50033323101794,0.025009789906040258
-1.0,0.00014115703460504392,53.50038435335512,0.025009789906040258
-1.0,-1.7598607287006018e-06,53.500344479305674,0.025009789906040258
-1.0,-2.608247497537519e-05,53.5002920374222,0.025009789906040258
-1.0,0.00010466465699110472,53.500376841120975,0.025009789906040258
-1.0,7.169027305309328e-05,53.50038395372693,0.025009789906040258
-1.0,-1.7103730497680658e-05,53.500415395643444,0.025009789906040258
-1.0,0.0001652927456063935,53.50024570853063,0.025009789906040258
-1.0,7.714076348008803e-05,53.50020784974405,0.025009789906040258
-1.0,-5.179185408366038e-05,53.50033507688653,0.025009789906040258
-1.0,-0.0001356954740430183,53.50024420522365,0.025009789906040258
-1.0,-1.227803667935845e-05,53.50017859887069,0.025009789906040258
-1.0,-0.00010215642602062758,53.50041256508035,0.025009789906040258
-1.0,0.00013428782980184906,53.5002021428927,0.025009789906040258
-1.0,3.0806307874442496e-05,53.500269650808775,0.025009789906040258
-1.0,-7.794628350055177e-05,53.50018777358307,0.025009789906040258
-1.0,2.8035157681571832e-05,53.50038976527553,0.025009789906040258
-1.0,0.00012832697792930503,53.50026097787787,0.025009789906040258
-1.0,-5.30506319720847e-07,53.50020029629583,0.025009789906040258
-1.0,5.959889391249362e-05,53.50043931632483,0.025009789906040258
-1.0,-4.284358160333568e-05,53.50022932958461,0.025009789906040258
-1.0,-9.548456665342542e-05,53.500272544835084,0.025009789906040258
-1.0,5.337055386789302e-05,53.50025195183582,0.025009789906040258
-1.0,3.597286145051726e-05,53.50019977028156,0.025009789906040258
-1.0,-2.3273914867338874e-05,53.50032819237937,0.025009789906040258
-1.0,6.409929201112163e-05,53.500329866259044,0.025009789906040258
-1.0,-2.3488948681205102e-05,53.50030307852438,0.025009789906040258
-1.0,4.442325237086209e-05,53.500181451487954,0.025009789906040258
-1.0,1.2338484463025878e-05,53.50033569417474,0.025009789906040258
-1.0,9.50583475614053e-05,53.50023420417818,0.025009789906040258
-1.0,3.839868300303806e-05,53.500195582832816,0.025009789906040258
-1.0,2.7987624758196716e-05,53.50017764725622,0.025009789906040258
-1.0,-9.252834861328552e-05,53.5004318385126,0.025009789906040258
-1.0,3.6603096777554356e-05,53.50036002229536,0.025009789906040258
-1.0,4.1575926234216354e-05,53.500448846953674,0.025009789906040258
-1.0,-3.414986618288651e-05,53.50033450157899,0.025009789906040258
-1.0,0.00012076305501551587,53.500405860833844,0.025009789906040258
-1.0,-8.431812247167159e-05,53.50039035132924,0.025009789906040258
-1.0,-4.6413300651693135e-05,53.5003929044839,0.025009789906040258
-1.0,-1.2155049019302311e-05,53.50037427055727,0.025009789906040258
-1.0,8.763025399360913e-05,53.50026584603703,0.025009789906040258
-1.0,-8.97726816475597e-05,53.50028845329763,0.025009789906040258
-1.0,-0.00010707659747666298,53.500259767246234,0.025009789906040258
-1.0,0.00013176339270870585,53.50038227513419,0.025009789906040258
-1.0,0.00010698810441667206,53.500349043986745,0.025009789906040258
-1.0,1.9643585200235236e-05,53.50018181317075,0.025009789906040258
-1.0,-5.3212425452642265e-05,53.5002129873799,0.025009789906040258
-1.0,3.0379576079653248e-05,53.50036851957155,0.025009789906040258
-1.0,4.110524767853008e-05,53.50024206759814,0.025009789906040258
-1.0,5.1987741226611206e-05,53.50019345479347,0.025009789906040258
-1.0,4.7404998218425476e-05,53.50026904334162,0.025009789906040258
-1.0,0.00015662214914868855,53.50025446195437,0.025009789906040258
-1.0,0.00013220070819741636,53.50019744044714,0.025009789906040258
-1.0,0.00014617441667752473,53.50032824479022,0.025009789906040258
-1.0,4.483065323412916e-05,53.50042049954979,0.025009789906040258
-1.0,-0.0001657315743486265,53.500348049612974,0.025009789906040258
-1.0,0.00018596693209360637,53.5002409334019,0.025009789906040258
-1.0,-1.634017755058892e-05,53.50041068459187,0.025009789906040258
-1.0,9.89804438695785e-05,53.50028564739987,0.025009789906040258
-1.0,4.803220901550276e-05,53.500177454509426,0.025009789906040258
-1.0,9.872686634437855e-05,53.50018831495256,0.025009789906040258
-1.0,1.2168222316866206e-05,53.50026098427218,0.025009789906040258
-1.0,-5.142535123847658e-07,53.50042727891383,0.025009789906040258
-1.0,-6.318755651690822e-05,53.50035691718694,0.025009789906040258
-1.0,-3.809878867144789e-05,53.50036782477765,0.025009789906040258
-1.0,6.307412466455276e-05,53.50018716026571,0.025009789906040258
-1.0,0.00011951985381841723,53.5003315341741,0.025009789906040258
-1.0,-5.4274932354658745e-05,53.500328136988486,0.025009789906040258
-1.0,-7.340608713590768e-05,53.50020003790924,0.025009789906040258
-1.0,6.740177506259215e-05,53.50021871013358,0.025009789906040258
-1.0,-3.355839695906582e-05,53.500266202188115,0.025009789906040258
-1.0,0.00012218909377992304,53.500338730116006,0.025009789906040258
-1.0,-0.00013530869878763951,53.50037751099809,0.025009789906040258
-1.0,7.987450411661712e-05,53.50038340013598,0.025009789906040258
-1.0,6.106001478656253e-06,53.50022640765998,0.025009789906040258
-1.0,-3.3226162030608464e-06,53.50030803830176,0.025009789906040258
-1.0,-0.00013295584896155788,53.50027240919476,0.025009789906040258
-1.0,3.0511629832474796e-05,53.50033804121876,0.025009789906040258
-1.0,-2.2237800157753895e-05,53.50037477988368,0.025009789906040258
-1.0,-1.0497666871195355e-07,53.500418491420646,0.025009789906040258
-1.0,3.216859172994191e-05,53.50036446673668,0.025009789906040258
-1.0,-5.39557335338392e-07,53.50042217182734,0.025009789906040258
-1.0,4.05553482565324e-05,53.500410016767276,0.025009789906040258
-1.0,0.00011325598760691946,53.50036012600757,0.025009789906040258
-1.0,-4.641480796152564e-06,53.50040479878394,0.025009789906040258
-1.0,0.0001360693423180237,53.50023500300848,0.025009789906040258
-1.0,-8.839801490623245e-05,53.50019038284697,0.025009789906040258
-1.0,0.00011391423361573061,53.50018816798611,0.025009789906040258
-1.0,-0.00011458164345157229,53.50027429437864,0.025009789906040258
-1.0,2.579862945273348e-06,53.50036784152011,0.025009789906040258
-1.0,-7.988758761179326e-06,53.500266745492326,0.025009789906040258
-1.0,7.380653931932102e-05,53.50040392657215,0.025009789906040258
-1.0,-6.970885185353382e-05,53.500179823776,0.025009789906040258
-1.0,8.368474621534006e-05,53.50019805233515,0.025009789906040258
-1.0,8.878127046330064e-05,53.5003385152413,0.025009789906040258
-1.0,0.0001584314507923068,53.500206946326536,0.025009789906040258
-1.0,5.631826641305793e-05,53.50039664997625,0.025009789906040258
-1.0,-4.688410421671563e-05,53.50028967317235,0.025009789906040258
-1.0,-4.210591428632782e-06,53.500179718139776,0.025009789906040258
-1.0,-0.00017668110803725767,53.50025516483296,0.025009789906040258
-1.0,4.998468286387947e-05,53.500280736669815,0.025009789906040258
-1.0,5.95567417036591e-05,53.50035459329486,0.025009789906040258
-1.0,-9.521246493093827e-05,53.500429913234825,0.025009789906040258
-1.0,-0.00016451728412647526,53.50031139954896,0.025009789906040258
-1.0,8.637741997574722e-05,53.50042202285388,0.025009789906040258
-1.0,-9.76169149922157e-05,53.500250141666015,0.025009789906040258
-1.0,5.181398746056942e-06,53.50018770349844,0.025009789906040258
-1.0,0.00019041594473634404,53.500262398465225,0.025009789906040258
-1.0,8.301803847032829e-05,53.500254560642844,0.025009789906040258
-1.0,-9.98915156102953e-06,53.50042491158169,0.025009789906040258
-1.0,0.00011144481209512946,53.500323712706646,0.025009789906040258
-1.0,7.111965400241615e-05,53.500330871785806,0.025009789906040258
-1.0,-0.00016695543735067986,53.500292925776286,0.025009789906040258
-1.0,6.600958458591322e-05,53.500192516098586,0.025009789906040258
-1.0,-0.00012956816716780395,53.500190154465,0.025009789906040258
-1.0,7.400445371530395e-05,53.500184436283,0.025009789906040258
-1.0,0.00010786459277767335,53.50023954653497,0.025009789906040258
-1.0,-1.078300149925937e-05,53.50017898653737,0.025009789906040258
-1.0,-0.00011429175104993305,53.50039538500017,0.025009789906040258
-1.0,5.193760981825335e-05,53.50026448685588,0.025009789906040258
-1.0,-6.484097872316852e-05,53.50021499304051,0.025009789906040258
-1.0,7.390097889015124e-05,53.50018030108802,0.025009789906040258
-1.0,-9.456235644123012e-05,53.50041346976353,0.025009789906040258
-1.0,0.00014377470093052125,53.50029281298394,0.025009789906040258
-1.0,-7.836359773349955e-05,53.50018959486229,0.025009789906040258
-1.0,9.430181502168011e-05,53.50022814448987,0.025009789906040258
-1.0,7.865069496659771e-05,53.50027702609714,0.025009789906040258
-1.0,6.5836826184551e-05,53.500280776397055,0.025009789906040258
-1.0,0.0001053033785360924,53.500391292848086,0.025009789906040258
-1.0,0.00018426320350783953,53.50030296755778,0.025009789906040258
-1.0,-0.00014804385554612054,53.500225677950475,0.025009789906040258
-1.0,-5.357826862706361e-05,53.50043867210668,0.025009789906040258
-1.0,-9.871599839073042e-05,53.50022882249755,0.025009789906040258
-1.0,-0.00010641709755532247,53.50020290085607,0.025009789906040258
-1.0,-2.7526397941457503e-05,53.500304395174794,0.025009789906040258
-1.0,-8.126174363098926e-05,53.50029162516364,0.025009789906040258
-1.0,-9.731797633971695e-06,53.500356043333234,0.025009789906040258
-1.0,0.0001427711847838964,53.50026743807286,0.025009789906040258
-1.0,-0.00012137095612274607,53.500303492826376,0.025009789906040258
-1.0,4.377568237678986e-05,53.500390405667055,0.025009789906040258
-1.0,-0.00010691504546400665,53.500369224230916,0.025009789906040258
-1.0,-6.708385226161795e-05,53.50024611915883,0.025009789906040258
-1.0,0.00016319865477498752,53.50024637517185,0.025009789906040258
-1.0,-7.041303164356805e-05,53.50035944242099,0.025009789906040258
-1.0,-1.2942914151103935e-05,53.50043293938052,0.025009789906040258
-1.0,9.842157834327736e-05,53.50036283590427,0.025009789906040258
-1.0,8.329831653552944e-06,53.500207949208935,0.025009789906040258
-1.0,-7.018426712335213e-05,53.500364894781214,0.025009789906040258
-1.0,-4.738549446337004e-05,53.50039552932796,0.025009789906040258
-1.0,-0.00015010783401692152,53.50020264245577,0.025009789906040258
-1.0,9.986780343140822e-05,53.50030498546879,0.025009789906040258
-1.0,-0.0001678903713795421,53.500301733511435,0.025009789906040258
-1.0,-7.435363516705706e-05,53.500204178385786,0.025009789906040258
-1.0,-4.736554310014185e-05,53.50018687046571,0.025009789906040258
-1.0,-0.00011238721149098296,53.50034409728422,0.025009789906040258
-1.0,-9.179255724589552e-05,53.50020290727476,0.025009789906040258
-1.0,8.20457448362788e-05,53.500433137206784,0.025009789906040258
-1.0,-5.522224129306252e-06,53.50044384993626,0.025009789906040258
-1.0,-5.000337678850997e-05,53.500411814668894,0.025009789906040258
-1.0,-0.00010605987638356851,53.50023382252199,0.025009789906040258
-1.0,-6.234685889694447e-05,53.50029670393624,0.025009789906040258
-1.0,-3.94811454302868e-05,53.500425330180605,0.025009789906040258
-1.0,-5.145137233153463e-06,53.50027539538307,0.025009789906040258
-1.0,-2.9494258468432122e-05,53.500320849275134,0.025009789906040258
-1.0,-8.158869547969516e-05,53.50019384481851,0.025009789906040258
-1.0,0.000142202955593973,53.500307033720375,0.025009789906040258
-1.0,0.0001174174431568531,53.50028554721122,0.025009789906040258
-1.0,-5.19490579353743e-05,53.5001911883345,0.025009789906040258
-1.0,0.00011524996661904652,53.50041656566813,0.025009789906040258
-1.0,6.849431074229528e-05,53.500423937445156,0.025009789906040258
-1.0,-0.00011438090742998952,53.50032539620438,0.025009789906040258
-1.0,-4.340760099275087e-05,53.50038668819937,0.025009789906040258
-1.0,-0.00014705422778149568,53.500219793417955,0.025009789906040258
-1.0,8.640904781387349e-05,53.50018366680214,0.025009789906040258
-1.0,3.682209512412271e-05,53.5002734902929,0.025009789906040258
-1.0,8.3129026226203e-05,53.50030867886301,0.025009789906040258
-1.0,-0.000171275844884633,53.50035393774291,0.025009789906040258
-1.0,-1.3368104346600518e-05,53.50029001657105,0.025009789906040258
-1.0,-5.354094266962761e-05,53.50032173950012,0.025009789906040258
-1.0,8.579575824541052e-05,53.5003850160271,0.025009789906040258
-1.0,-2.894542308062853e-06,53.50039569179447,0.025009789906040258
-1.0,5.1114233317051117e-05,53.50026269902506,0.025009789906040258
-1.0,-2.0212685245546425e-05,53.50033458854816,0.025009789906040258
-1.0,-7.89508490015578e-05,53.500246255797904,0.025009789906040258
-1.0,-0.00013338768223292163,53.50033028370267,0.025009789906040258
-1.0,-7.544090152222793e-05,53.50028277926164,0.025009789906040258
-1.0,8.323217381800418e-05,53.500236870748765,0.025009789906040258
-1.0,3.5436709710623404e-05,53.50027716300138,0.025009789906040258
-1.0,-1.675909212472959e-05,53.50045655816333,0.025009789906040258
-1.0,5.764293975119017e-05,53.50027998467989,0.025009789906040258
-1.0,-7.713477199899899e-05,53.50027163545579,0.025009789906040258
-1.0,-4.914966057434356e-05,53.50035594213536,0.025009789906040258
-1.0,7.744640874562947e-05,53.5004088177763,0.025009789906040258
-1.0,-3.2066692233101435e-05,53.500304147655484,0.025009789906040258
-1.0,-8.695324952867622e-05,53.500294739801205,0.025009789906040258
-1.0,-4.6760827702385654e-05,53.5002064680379,0.025009789906040258
-1.0,4.1369026828164124e-05,53.50043156758343,0.025009789906040258
-1.0,-0.00018934452419472336,53.500260035321034,0.025009789906040258
-1.0,-5.8868094219288736e-06,53.50018956083604,0.025009789906040258
-1.0,-8.472639175494123e-05,53.500394154021286,0.025009789906040258
-1.0,0.00014196689485146408,53.50019319460359,0.025009789906040258
-1.0,-6.443741675354886e-06,53.500440557155,0.025009789906040258
-1.0,-5.959680320799521e-05,53.50018087269548,0.025009789906040258
-1.0,-6.737476126517095e-05,53.500420363441876,0.025009789906040258
-1.0,5.58010378899354e-05,53.500179186961184,0.025009789906040258
-1.0,-5.6767221121134526e-05,53.50023266212311,0.025009789906040258
-1.0,-3.6914673917642915e-06,53.50022170314753,0.025009789906040258
-1.0,8.892190838949432e-05,53.5002876491655,0.025009789906040258
-1.0,1.0927549352057753e-05,53.50033159703276,0.025009789906040258
-1.0,0.0001276483457957056,53.50037805933401,0.025009789906040258
-1.0,0.00014266557644049271,53.5003118026965,0.025009789906040258
-1.0,0.00011786982295802773,53.5004060539179,0.025009789906040258
-1.0,0.00014176239582752714,53.50035816555405,0.025009789906040258
-1.0,-6.915726015321866e-05,53.50024868454643,0.025009789906040258
-1.0,2.5831964982181432e-05,53.50020358995201,0.025009789906040258
-1.0,-5.496671787419416e-05,53.50022429805773,0.025009789906040258
0.0,0.002535809060312033,0.0027849597156759387,0.025009789906040258
0.0,-0.0028158923857617424,-0.0041145675666243164,0.025009789906040258
0.0,-0.002624986609767177,0.004220256952287116,0.025009789906040258
0.0,0.0013575016593314615,0.0015458948535087558,0.025009789906040258
0.0,0.0007724500973615989,0.003516100041771608,0.025009789906040258
0.0,0.004621344939096161,-0.00048475718370522003,0.025009789906040258
0.0,0.0020118929631678384,-0.0038761545580356938,0.025009789906040258
0.0,0.0017995098199001802,0.0032836810112826242,0.025009789906040258
0.0,-6.395754437111059e-07,-0.0031589081941447716,0.025009789906040258
0.0,-0.0007410117006729777,-0.00490054396854589,0.025009789906040258
0.0,-0.0017319277932621446,-0.004410084093997568,0.025009789906040258
0.0,0.000783027689801763,0.004449921378217425,0.025009789906040258
0.0,-0.0030135853300912174,-0.0031397466302607313,0.025009789906040258
0.0,0.0015513818525274559,-0.0037054423049802665,0.025009789906040258
0.0,-0.000283162748787813,0.0032852013806490277,0.025009789906040258
0.0,-0.00434539458030514,0.002129248804848771,0.025009789906040258
0.0,-0.002097145253902255,-0.0036330464103571103,0.025009789906040258
0.0,-0.004175607196806652,-0.002559891809703174,0.025009789906040258
0.0,0.0028518699831643346,0.0024185140426418172,0.025009789906040258
0.0,-0.0010591627285645444,0.0029032981800938273,0.025009789906040258
0.0,-0.0012492007191013954,-0.003964068163881507,0.025009789906040258
0.0,0.0003182351872323963,0.004623880657931068,0.025009789906040258
0.0,-0.0005443584128466128,-0.004520949978804367,0.025009789906040258
0.0,0.0003335875034133906,0.0020272215391088366,0.025009789906040258
0.0,0.003839136647506791,0.0004193631790565533,0.025009789906040258
0.0,0.002591553844197847,-0.0009581702992687013,0.025009789906040258
0.0,0.002213700219311221,-0.0007156526482710035,0.025009789906040258
0.0,0.004058791700636277,-0.00039541134208054274,0.025009789906040258
0.0,0.0016250232753964866,0.0009411775132015521,0.025009789906040258
0.0,-0.002932003186487009,0.0028892847855743753,0.025009789906040258
0.0,0.004104791765520588,0.0017387721348463003,0.025009789906040258
0.0,-0.0032263193738479856,-0.0010965772734081725,0.025009789906040258
0.0,-0.0044547485459460745,-0.0016018923017533382,0.025009789906040258
0.0,0.00368098257751015,0.0008745818195512456,0.025009789906040258
0.0,1.4601594079483027e-05,0.0011575594224471075,0.025009789906040258
0.0,0.004581693451733315,0.0003532141850213222,0.025009789906040258
0.0,-0.003614741445826297,-0.0016824767612444447,0.025009789906040258
0.0,0.0037826234783366885,-0.002004310107061258,0.025009789906040258
0.0,0.00038498619103677356,-0.0037051573089925682,0.025009789906040258
0.0,-0.0008860653768403282,-0.003958059441544037,0.025009789906040258
0.0,-0.0013093938929102933,0.004486983359306862,0.025009789906040258
0.0,0.002486951849398622,0.000548064118789604,0.025009789906040258
0.0,-0.0027384665680827425,0.001557007128409893,0.025009789906040258
0.0,0.0036308115073424574,0.001432626501008727,0.025009789906040258
0.0,-0.0014584030738298281,-0.0002442250484011588,0.025009789906040258
0.0,-0.0024140059304222916,-0.0030814363093867314,0.025009789906040258
0.0,-0.0005217636686647431,-0.002399479433787377,0.025009789906040258
0.0,0.0011739417269200914,0.003817813720033314,0.025009789906040258
0.0,-0.0003271877914330368,0.0009557120075172065,0.025009789906040258
0.0,-0.00015508675681807915,0.004723242100808989,0.025009789906040258
0.0,-0.0010883358711115676,0.0006157807228204248,0.025009789906040258
0.0,-0.0043427009313390386,-0.0015855853389030727,0.025009789906040258
0.0,-0.0027986412228919733,-0.0019008139376630595,0.025009789906040258
0.0,-0.001520374117120582,-0.003963650849151179,0.025009789906040258
0.0,-0.004135219616770769,-0.0005506310417882077,0.025009789906040258
0.0,0.0016703387276173487,-0.004456095724634679,0.025009789906040258
0.0,0.001322141278961908,0.001996562221957987,0.025009789906040258
0.0,-0.003425598275537567,0.002661482527365422,0.025009789906040258
0.0,0.003836579134961937,-0.0008016014557270523,0.025009789906040258
0.0,0.0028039521375369247,0.004013339797594995,0.025009789906040258
0.0,-0.0033116521887954775,-0.0036235052458764017,0.025009789906040258
0.0,-0.0017486964516475467,-0.002828350929895862,0.025009789906040258
0.0,-0.00023074158985059157,0.004749030284301625,0.025009789906040258
0.0,-0.0014864151987818985,-0.0015292697825888268,0.025009789906040258
0.0,0.0003250281636981711,-0.004314801502921739,0.025009789906040258
0.0,-0.00415382625083538,0.0019324276367385096,0.025009789906040258
0.0,0.002075082706774367,0.004338666457250895,0.025009789906040258
0.0,0.003255195573295566,-0.003120126886319241,0.025009789906040258
0.0,0.0012368779216771486,-0.004571415857718364,0.025009789906040258
0.0,0.003282665655927275,0.0005967429351239062,0.025009789906040258
0.0,0.0032814345447569337,0.0037325243327899216,0.025009789906040258
0.0,-0.0003594251797363057,0.0007761989203656228,0.025009789906040258
0.0,0.0023389703787799476,-0.0005089414106458356,0.025009789906040258
0.0,-0.002423753706164433,0.0011775163125111732,0.025009789906040258
0.0,-0.004399270989779325,0.0019193573832971822,0.025009789906040258
0.0,0.0044988145365536525,-0.0012850915556459341,0.025009789906040258
0.0,0.004369360854255433,0.00041867758393676624,0.025009789906040258
0.0,0.0030131758539084785,0.0032284714101642464,0.025009789906040258
0.0,0.003621033175821964,0.002418011904516959,0.025009789906040258
0.0,-0.0003093293989162582,0.00394930961350326,0.025009789906040258
0.0,-0.0029288711398294254,-0.0006664341864821566,0.025009789906040258
0.0,-0.00395313102334427,-0.001990767392690884,0.025009789906040258
0.0,0.002207145335923144,0.003960879625317659,0.025009789906040258
0.0,0.0018891941721577155,-0.0002006455924297157,0.025009789906040258
0.0,-0.0001731064627479295,0.0013269635863100149,0.025009789906040258
0.0,4.711316462358006e-05,0.0022495160250528556,0.025009789906040258
0.0,-0.00037897056067226487,-0.00023028872378949572,0.025009789906040258
0.0,-0.0014227904356687304,-0.0033884049903569746,0.025009789906040258
0.0,-0.0012910426170122946,0.0029734686533444687,0.025009789906040258
0.0,0.0011446453849295324,0.0010397846468412908,0.025009789906040258
0.0,0.00024066938151623418,-0.00487193535219177,0.025009789906040258
0.0,0.002432643247392008,0.0007501488051122607,0.025009789906040258
0.0,0.003986757134590846,0.0007608557708485009,0.025009789906040258
0.0,-0.003976445893741243,-0.0014884472971505858,0.025009789906040258
0.0,-0.003421072822686,0.001144579378012267,0.025009789906040258
0.0,0.0035298268459875715,0.002573036035322218,0.025009789906040258
0.0,0.002436021665648269,-0.0001322656775959441,0.025009789906040258
0.0,-0.003240444070858217,0.003676597560762218,0.025009789906040258
0.0,-0.004843350012798453,-0.0002072487617668095,0.025009789906040258
0.0,0.004163436675810317,0.0027004095735421174,0.025009789906040258
0.0,-0.00021302428809955032,0.002303989142102836,0.025009789906040258
0.0,-0.000385189955828924,-0.0016933030306525154,0.025009789906040258
0.0,0.0014641728765774076,-0.0014393327034198933,0.025009789906040258
0.0,-0.0039106000743629465,-0.0015936676662136051,0.025009789906040258
0.0,-0.004176825321003719,-0.0012787361438082456,0.025009789906040258
0.0,-0.004724724483821774,0.0006519336279868782,0.025009789906040258
0.0,-0.002739388825443001,-0.0003021159765976833,0.025009789906040258
0.0,-0.0015301985146436436,-0.0012382993187252112,0.025009789906040258
0.0,0.001434910079643359,-0.003944566999926735,0.025009789906040258
0.0,0.0004773833508733283,0.002257078761822129,0.025009789906040258
0.0,-0.0023973046044183377,0.0015631184210551652,0.025009789906040258
0.0,0.002521335941469971,-0.0027163551246580653,0.025009789906040258
0.0,0.00463885403448927,9.653513782292844e-05,0.025009789906040258
0.0,-0.0038367083582571126,-0.0017041130579755759,0.025009789906040258
0.0,-0.0024296524585523116,0.0010457153690790477,0.025009789906040258
0.0,-0.00022993786109548608,0.004126936156509942,0.025009789906040258
0.0,-0.003013549439501162,-0.0027429232009481552,0.025009789906040258
0.0,-0.00031212393327617605,0.004407938840749637,0.025009789906040258
0.0,0.0010443801406552211,0.0038522041193296275,0.025009789906040258
0.0,-0.0004520439676807264,0.0031916614728046966,0.025009789906040258
0.0,-0.0036447480741514937,0.003418931245764867,0.025009789906040258
0.0,0.0030370213897334963,-0.00019424941745094237,0.025009789906040258
0.0,-0.0008713879867503493,0.004610496294738198,0.025009789906040258
0.0,-0.0020677032352161007,0.0010414981022401903,0.025009789906040258
0.0,0.0027302212472015697,-0.0037521374317890377,0.025009789906040258
0.0,-0.0005860280824805386,-0.0047903215061424476,0.025009789906040258
0.0,0.002721627666716131,-0.002878302401558841,0.025009789906040258
0.0,0.0025048427834235554,-0.0036696365284605292,0.025009789906040258
0.0,0.0014713615915677991,-0.0037899592407519833,0.025009789906040258
0.0,0.001020486782956631,0.001498182825491412,0.025009789906040258
0.0,0.0036053522198322696,-0.0030745485175280862,0.025009789906040258
0.0,0.0029523581065724613,0.003359091864734154,0.025009789906040258
0.0,0.0009435159156208073,0.004765110632305891,0.025009789906040258
0.0,0.002460045599327998,-0.004067221422189959,0.025009789906040258
0.0,0.001998982386060888,-0.00046296126782330305,0.025009789906040258
0.0,-0.0026617985582397807,-0.0039212916033548595,0.025009789906040258
0.0,0.0020249435601975563,-0.0025828575573392243,0.025009789906040258
0.0,-0.00023825379489506027,-0.0026840898550872794,0.025009789906040258
0.0,-0.00210047344174491,-0.0008248383303461893,0.025009789906040258
0.0,0.003065769305983679,-0.0021839489779509336,0.025009789906040258
0.0,-0.000658906463867126,-0.004232927762068073,0.025009789906040258
0.0,0.0013050567760952703,-0.0022727865995122443,0.025009789906040258
0.0,-0.0013742314573814696,0.002204838199389769,0.025009789906040258
0.0,-0.0004054044828061265,-0.0022626529685858543,0.025009789906040258
0.0,-0.00030255111399446477,-0.003772185727829225,0.025009789906040258
0.0,0.001806126253125484,-0.0001564232901343221,0.025009789906040258
0.0,0.000662383795341448,-0.0026872029991587,0.025009789906040258
0.0,-0.0008690866552161225,0.0004317142519179029,0.025009789906040258
0.0,-0.004946546191071377,-0.0007148342264047258,0.025009789906040258
0.0,-0.002852210994760185,-0.0017804002149226505,0.025009789906040258
0.0,0.0031863525226221157,-0.0031656425115507147,0.025009789906040258
0.0,-0.0020336293843872255,-0.0022074821389104216,0.025009789906040258
0.0,0.0011589403500948947,-0.004832941804934876,0.025009789906040258
0.0,0.00022391187370685017,0.000857190865837687,0.025009789906040258
0.0,-0.0007554623345162881,0.004950946634167508,0.025009789906040258
0.0,0.00301884662652796,-0.0028565369195305834,0.025009789906040258
0.0,-0.0019884618177350433,0.0038782430189527872,0.025009789906040258
0.0,-0.0021067889126875627,-0.0022472058355518243,0.025009789906040258
0.0,0.00014628786866444088,-0.002459487393341675,0.025009789906040258
0.0,0.003440111708204796,-0.0019444895777578353,0.025009789906040258
0.0,0.0033684487750029746,0.0030338644507992285,0.025009789906040258
0.0,0.0017227970212321253,-0.0003158274131931371,0.025009789906040258
0.0,0.0028047491749809694,0.003612875156953521,0.025009789906040258
0.0,-0.0022018929696230316,0.0021065935036581607,0.025009789906040258
0.0,-0.0004203845283941021,-0.0007748956377913174,0.025009789906040258
0.0,0.0011706734540251063,0.003241913072713487,0.025009789906040258
0.0,0.0027587610907922056,0.00031888455784390146,0.025009789906040258
0.0,0.0012470871136098793,-0.00094477735364773,0.025009789906040258
0.0,0.0008683709659660366,0.0015251133656786209,0.025009789906040258
0.0,-0.002994133992128667,-0.0024866822764870733,0.025009789906040258
0.0,-0.003848665528941808,0.0023901097856153797,0.025009789906040258
0.0,-0.0025920386128461814,0.0034220728419604995,0.025009789906040258
0.0,0.0038276513149213542,-0.0017660001058530383,0.025009789906040258
0.0,0.0020396302260561328,0.001993896355381608,0.025009789906040258
0.0,-0.0008200581143835706,0.003522751699769344,0.025009789906040258
0.0,-0.003153290687986754,-0.00023470483445864332,0.025009789906040258
0.0,-3.260698074725177e-05,-0.00197672636003432,0.025009789906040258
0.0,-0.0014481792110103697,0.001691983346109538,0.025009789906040258
0.0,-0.002207545688076351,0.000385857675921919,0.025009789906040258
0.0,0.004701397609622404,-0.00015141026681830816,0.025009789906040258
0.0,-0.0004094658738300616,0.0031313796796972326,0.025009789906040258
0.0,0.0007347006046289906,0.0014698688773400193,0.025009789906040258
0.0,-0.0034826914440522216,-0.0014601886044172119,0.025009789906040258
0.0,-0.0009633804446433913,0.0021219366527027717,0.025009789906040258
0.0,0.002940312534015277,-0.0009757650709945054,0.025009789906040258
0.0,-0.00305120903918521,0.0017730941834095404,0.025009789906040258
0.0,0.003314627737196929,-0.0002978836507634419,0.025009789906040258
0.0,0.003706693122914828,-0.0006999754132603897,0.025009789906040258
0.0,0.0018221544119452204,-0.0014932530243214615,0.025009789906040258
0.0,0.0021576396858513647,0.00139401036150133,0.025009789906040258
0.0,-0.003310429075757071,0.0022197671869506053,0.025009789906040258
0.0,0.002172896193634699,0.0039005190966463488,0.025009789906040258
0.0,-0.004399054849599793,0.0023781544722361048,0.025009789906040258
0.0,0.004914012048175209,-0.0002836520512499163,0.025009789906040258
0.0,-0.0016481584351222267,-0.002984799506389635,0.025009789906040258
0.0,0.00021787010615392788,-0.004428061261990024,0.025009789906040258
0.0,0.00022544368488919275,-0.004705686836693701,0.025009789906040258
0.0,0.0005439212540423455,-0.0009316648144137574,0.025009789906040258
0.0,0.003711278875869084,-0.0011740572678906602,0.025009789906040258
0.0,-0.003645195491419173,-0.0012076662337960897,0.025009789906040258
0.0,0.0013171817846231448,0.0039557933568090675,0.025009789906040258
0.0,-0.0031838293746346835,-0.0003103003107987057,0.025009789906040258
0.0,-0.004566615935331697,-0.00013115760747672844,0.025009789906040258
0.0,-0.001528945185437891,-0.003683027384276727,0.025009789906040258
0.0,0.003194973162162995,-0.003543548667089169,0.025009789906040258
0.0,-2.467699300434667e-05,-0.0005529649986568685,0.025009789906040258
0.0,-0.003540749246592867,-0.003104265786163296,0.025009789906040258
0.0,-0.0024935911453489723,-0.0022356825137066494,0.025009789906040258
0.0,-0.002330391630970041,2.864774551397664e-05,0.025009789906040258
0.0,-0.0027543507799414613,0.0012515523204097434,0.025009789906040258
0.0,0.0013105778690984948,0.0030329304082030717,0.025009789906040258
0.0,9.127948046794288e-05,-0.0013471273853760124,0.025009789906040258
0.0,0.004329969952209467,-0.001394485331699613,0.025009789906040258
0.0,-0.00019808962630740723,0.000581736587052184,0.025009789906040258
0.0,0.001483166614955067,0.0033605004309293918,0.025009789906040258
0.0,0.003926073009978381,-0.0011328412486708572,0.025009789906040258
0.0,0.0018490954957339767,0.0036915009496176765,0.025009789906040258
0.0,-0.002430993939210424,0.002270472833551196,0.025009789906040258
0.0,-0.00406578440570371,0.0011100933827385973,0.025009789906040258
0.0,-0.000658991123959396,0.0033412576851254983,0.025009789906040258
0.0,0.0006630263060616315,-0.004902920857801973,0.025009789906040258
0.0,0.0015334717146053833,-0.00014506143779291492,0.025009789906040258
0.0,-0.0025613355204718857,0.0008997246297957062,0.025009789906040258
0.0,0.0006236415136777751,0.004758196053877839,0.025009789906040258
0.0,0.0020115871077130976,-0.0032399381570762387,0.025009789906040258
0.0,-0.0009519364753298731,-0.002086962781065793,0.025009789906040258
0.0,0.0011513476763127528,0.0039829517270320025,0.025009789906040258
0.0,0.00045103313039174253,-0.003342145558374199,0.025009789906040258
0.0,0.000283806429252742,0.00023123483608955553,0.025009789906040258
0.0,-0.001279604766057929,-0.0006767589577627575,0.025009789906040258
0.0,0.0015002164327420076,-0.004061873974961827,0.025009789906040258
0.0,-0.004448454355504339,0.0021073978336723087,0.025009789906040258
0.0,0.0001663002080407594,-0.00448199340515032,0.025009789906040258
0.0,-0.0007314612964455236,-0.004655090736299883,0.025009789906040258
0.0,0.0037051692731928654,0.0011331416889763801,0.025009789906040258
0.0,0.002472437939303518,0.0013970375351721742,0.025009789906040258
0.0,-0.002685431584016129,-0.000625998483725354,0.025009789906040258
0.0,0.0046302454721569575,0.0008306970277667247,0.025009789906040258
0.0,0.0024479348562671532,-0.002219609679681156,0.025009789906040258
0.0,-0.0048532998287385,0.000822512329222036,0.025009789906040258
0.0,-0.002676910371523178,0.0036069587985849694,0.025009789906040258
0.0,-0.003576039248244456,-0.0015727923824133683,0.025009789906040258
0.0,0.0012628239850283052,-0.0016563175194637125,0.025009789906040258
0.0,-0.0004789805027747285,-0.0030709644940323244,0.025009789906040258
0.0,-0.0005581898097410942,-0.004087249372084045,0.025009789906040258
0.0,-0.00018123780909573561,-0.0036031197751427158,0.025009789906040258
0.0,-0.003401925930244687,0.0029200528724011576,0.025009789906040258
0.0,-0.004799152965979658,-0.0007786938125882159,0.025009789906040258
0.0,-0.0005166846032138572,0.002782912128381554,0.025009789906040258
0.0,-0.0016506911909459632,0.004071576915421815,0.025009789906040258
0.0,-0.004020686357371517,0.0004404407619968964,0.025009789906040258
0.0,0.0005453774517754084,-0.00010252861028803295,0.025009789906040258
0.0,0.0007046780331458891,0.004817620439439452,0.025009789906040258
0.0,-0.0015238359928666512,-0.0022659742659207893,0.025009789906040258
0.0,0.0012550334911960448,0.002391327056866288,0.025009789906040258
0.0,0.003560626885871443,0.00038334232525150114,0.025009789906040258
0.0,-0.0044732334605157575,0.001186587825570129,0.025009789906040258
0.0,-0.0028159393601008276,0.002632882619877819,0.025009789906040258
0.0,-0.0017193039560616796,-0.0007799374494741329,0.025009789906040258
0.0,0.003764514785615347,-0.0032408884929999715,0.025009789906040258
0.0,-0.001032707801096322,-0.0021016579924975076,0.025009789906040258
0.0,-0.002856529641491079,0.002866342712312786,0.025009789906040258
0.0,-0.004162999390246114,0.002795620005606736,0.025009789906040258
0.0,0.001707151097836146,-0.0032516347697253423,0.025009789906040258
0.0,0.001347442830290646,-0.0006244032093212226,0.025009789906040258
0.0,0.0003665842610183212,-0.002141610630054913,0.025009789906040258
0.0,-0.000557268726246285,-0.0016968391255183235,0.025009789906040258
0.0,-4.49247969379063e-05,0.003106791383011398,0.025009789906040258
0.0,0.004973766061084461,0.0004530104246347477,0.025009789906040258
0.0,-0.003218749840737445,-0.0015697196757358256,0.025009789906040258
0.0,-0.00194663991001498,0.0014926755108604084,0.025009789906040258
0.0,-0.0048949870897203596,-0.0010306136347608685,0.025009789906040258
0.0,-0.004847920981845277,0.0001103723407788193,0.025009789906040258
0.0,-0.004310050329657145,0.0009016297910307003,0.025009789906040258
0.0,-0.0015663739979281388,0.004111753724288292,0.025009789906040258
0.0,-0.0022236464173666093,-0.0004909752340136464,0.025009789906040258
0.0,0.0009893896898587329,-0.0022479122781753347,0.025009789906040258
0.0,0.0019077058964356297,0.0020534444161768306,0.025009789906040258
0.0,-0.0008854076855264736,0.004397370781369148,0.025009789906040258
0.0,0.0027122701796535864,-0.0015752247493789895,0.025009789906040258
0.0,0.0017598161459257966,-0.004418898967450957,0.025009789906040258
0.0,0.004759326881703885,-0.0005614059065415233,0.025009789906040258
0.0,-0.0030065462789146125,-0.0007623260764546558,0.025009789906040258
0.0,-0.00397804127493373,-0.0002215452097369397,0.025009789906040258
0.0,0.004845063403188021,-0.0010499027436878805,0.025009789906040258
0.0,-0.0007569363729604817,0.0020129346249451174,0.025009789906040258
0.0,-0.003947552157022471,0.002181949344542744,0.025009789906040258
0.0,0.0005051488333744913,0.003821973944432955,0.025009789906040258
0.0,0.0032891793414115966,-0.001262447318081783,0.025009789906040258
0.0,0.0008909308440525621,0.003248630803302177,0.025009789906040258
0.0,0.001754428942430053,-0.002588773035203218,0.025009789906040258
0.0,0.0024206079658597446,-0.003238390831377558,0.025009789906040258
0.0,-0.0003558626140613974,0.004307425295174028,0.025009789906040258
0.0,0.003961194470562646,0.0021346387213689866,0.025009789906040258
0.0,-0.0012567231034736892,-0.004854641990554853,0.025009789906040258
0.0,0.0018880382612564972,-0.003986220654056183,0.025009789906040258
0.0,-0.0047573418474371465,0.0015075381349429762,0.025009789906040258
0.0,-0.00042554338844036366,0.004926028104669911,0.025009789906040258
0.0,0.0011959173234501463,-0.002923296757675331,0.025009789906040258
0.0,0.0016387639865662607,0.002505213489147451,0.025009789906040258
0.0,0.003010398672167014,0.0018725737132321285,0.025009789906040258
0.0,-0.0010967800141372663,-0.004842042966060944,0.025009789906040258
0.0,0.0023852726613817765,-0.0011636616190884297,0.025009789906040258
0.0,0.001817603967067427,-0.002896395015181241,0.025009789906040258
0.0,-0.0019969387106684167,-0.003458469331544478,0.025009789906040258
0.0,-0.004533949825464845,0.0009497070788970774,0.025009789906040258
0.0,-0.004922886948975247,-0.0005413722557277012,0.025009789906040258
0.0,-0.0023996244258448485,-0.0034318209021542145,0.025009789906040258
0.0,0.0022180896671990524,0.0037647306463810537,0.025009789906040258
0.0,-0.0007320031776698599,-0.0017585824192050126,0.025009789906040258
0.0,0.002235695229870771,-7.592698993408309e-05,0.025009789906040258
0.0,0.004198221520780976,-0.0016915745056724774,0.025009789906040258
0.0,0.0027642035181436597,0.003668294754557877,0.025009789906040258
0.0,0.002085158852402458,-0.0034942929203296558,0.025009789906040258
0.0,0.0006818800482522036,0.001266141393944764,0.025009789906040258
0.0,-0.002685237692414688,0.003566175253158832,0.025009789906040258
0.0,-0.0030138943615298786,-0.0031735095614102704,0.025009789906040258
0.0,-0.0012284123115087198,0.0009137232649321092,0.025009789906040258
0.0,-0.00410797250320627,-0.002073699834998166,0.025009789906040258
0.0,-0.0004325694179709849,-0.0036232222953920257,0.025009789906040258
0.0,0.0019153998516827642,0.0015705557177483342,0.025009789906040258
0.0,0.004494894715257658,-0.0016168606628887972,0.025009789906040258
0.0,0.0004264822114934397,-0.004913629027392119,0.025009789906040258
0.0,-0.0013742413060189307,-0.0018198724834164182,0.025009789906040258
0.0,0.002508731410465259,0.0016093498110727467,0.025009789906040258
0.0,-0.004174283509740917,-0.001975110823387638,0.025009789906040258
0.0,-0.0034181698626021273,0.00244389027843539,0.025009789906040258
0.0,-0.001213816901808329,0.0007544497688289908,0.025009789906040258
0.0,-0.001443657434773371,-0.0018060664532235648,0.025009789906040258
0.0,-0.00410129605024423,0.0009993306960307535,0.025009789906040258
0.0,-0.0023362568303966214,0.00013303649711571275,0.025009789906040258
0.0,-0.00039653928863403465,-0.001307672225038914,0.025009789906040258
0.0,0.0007283618337696751,0.002155416036469404,0.025009789906040258
0.0,-0.002631279463923164,0.003184853509072383,0.025009789906040258
0.0,-0.00048542442919075057,-0.0032448839297742893,0.025009789906040258
0.0,-0.00019920715792065558,-0.003828488823153009,0.025009789906040258
0.0,-0.0030185110341456323,0.002638762161812025,0.025009789906040258
0.0,-0.0021603601204205347,-0.0029449076389624906,0.025009789906040258
0.0,-0.0020828516722986024,0.0011859378537302234,0.025009789906040258
0.0,0.003427229048188707,0.0025137593637971634,0.025009789906040258
0.0,-0.0034383225502629955,-0.00022108750468241567,0.025009789906040258
0.0,0.0017608980621748316,-0.003259394376822655,0.025009789906040258
0.0,0.0025280939348775178,0.0036986543492751878,0.025009789906040258
0.0,-0.0025310665048152714,-0.004168250343631996,0.025009789906040258
0.0,0.0017482120584890737,-0.001051535074982013,0.025009789906040258
0.0,0.0026457565786977,-0.00201476308518167,0.025009789906040258
0.0,0.0028285990225711544,0.0016803810518393192,0.025009789906040258
0.0,0.0013098230956298806,0.0007514785280253733,0.025009789906040258
0.0,-0.0043879103941009134,-0.0016972036492397535,0.025009789906040258
0.0,-0.0035390027927384438,-0.0018719411179457524,0.025009789906040258
0.0,-0.0017833258735411306,-0.0025437840363089492,0.025009789906040258
0.0,-0.0004979695257576466,0.0036189371040009632,0.025009789906040258
0.0,0.001753426461489127,-2.4850673503024057e-05,0.025009789906040258
0.0,-0.0003495254256757896,-0.003349688362931147,0.025009789906040258
0.0,0.0031213381853696376,-0.00042261061239123876,0.025009789906040258
0.0,0.0025705000056959193,-0.0031147949383907303,0.025009789906040258
0.0,-0.001869314575371206,0.001344666501820413,0.025009789906040258
0.0,-0.002743409099355887,-0.0033510135941341446,0.025009789906040258
0.0,-0.0022706710094908544,6.103064740936581e-05,0.025009789906040258
0.0,0.003045165678301487,0.0020039848470041477,0.025009789906040258
0.0,0.004598091664810511,-0.0011452447427426904,0.025009789906040258
0.0,-0.0032702919622167315,-0.0013709316397392257,0.025009789906040258
0.0,0.0008058340242458328,-0.004890066663023163,0.025009789906040258
0.0,-0.003444620210011351,-0.0026026192440937734,0.025009789906040258
0.0,0.0026829544453192966,-0.003574859946802178,0.025009789906040258
0.0,-0.0027789389485555205,0.00411344751719156,0.025009789906040258
0.0,9.582774232089197e-06,0.0018873940816828139,0.025009789906040258
0.0,0.00011353432948402187,0.004550067679531367,0.025009789906040258
0.0,0.0027451185770708264,0.0006250761571475749,0.025009789906040258
0.0,-0.002206992981591327,0.0025452508432302068,0.025009789906040258
0.0,0.0012143424934798475,0.00409962446555312,0.025009789906040258
0.0,0.0008630444024255723,-0.0037481073359657557,0.025009789906040258
0.0,0.004989689883117876,-0.0003163772411789445,0.025009789906040258
0.0,0.002744476913751015,0.00046646037555841957,0.025009789906040258
0.0,0.0032471628648345074,0.003647795835043155,0.025009789906040258
0.0,0.0027004415551878935,0.0007889600407873232,0.025009789906040258
0.0,-0.004352350490222534,-0.000852657147681235,0.025009789906040258
0.0,-0.0018508094248268492,0.0006526817546967933,0.025009789906040258
0.0,-0.004509148738691238,0.001024969788922192,0.025009789906040258
0.0,0.005014199466025104,-6.412870858751862e-05,0.025009789906040258
0.0,0.003206270570085934,0.0032352921649234645,0.025009789906040258
0.0,0.0016735495676520884,0.004383528124336067,0.025009789906040258
0.0,-0.0009851267120142282,-0.0009959450254086732,0.025009789906040258
0.0,-0.0009814918546791063,0.002156847207196222,0.025009789906040258
0.0,0.0027572862291442846,0.002264399072050338,0.025009789906040258
0.0,-0.0007550077214890649,-0.0001608748814045935,0.025009789906040258
0.0,-0.0006299428051104172,0.004827381543734077,0.025009789906040258
0.0,-0.003136431986771271,-0.0002008543611571323,0.025009789906040258
0.0,0.001954465099064606,-0.003231887459378413,0.025009789906040258
0.0,-0.002748858855998293,0.002106212270437169,0.025009789906040258
0.0,0.00038053547249106146,0.00011468866983210813,0.025009789906040258
0.0,-0.00044942169355222106,-0.0018739394337963233,0.025009789906040258
0.0,0.003396212922119446,-0.0031859250754102675,0.025009789906040258
0.0,-0.0004373903597856277,-0.0033006082880824295,0.025009789906040258
0.0,0.0008324705570323943,0.004249164890403279,0.025009789906040258
0.0,0.00020969687275207427,-0.00453158119403696,0.025009789906040258
0.0,-0.004343257430953429,-5.7821749885611506e-05,0.025009789906040258
0.0,0.0006707114802049219,-0.004510020820838179,0.025009789906040258
0.0,0.004200224504906203,-0.0025306720418889483,0.025009789906040258
0.0,-0.0029697968760125093,0.0029031150966289943,0.025009789906040258
0.0,0.002527357702991395,0.0004415171272156293,0.025009789906040258
0.0,-0.0004930169286194719,0.0012593082515532927,0.025009789906040258
0.0,0.0014336424042529217,0.0024943806374082556,0.025009789906040258
0.0,0.002365821296702819,0.0032044002701603347,0.025009789906040258
0.0,0.0037995437152957834,0.0026821417938975856,0.025009789906040258
0.0,0.0010589454199481096,0.0003913284690035823,0.025009789906040258
0.0,0.004180915443214417,-0.0005136332893656004,0.025009789906040258
0.0,0.001334587729752812,-0.0005878673524444267,0.025009789906040258
0.0,0.001584525372292589,-0.00011256466063991333,0.025009789906040258
0.0,-0.0022506662958008405,-0.0042032525671586995,0.025009789906040258
0.0,0.0031741268245717436,0.0001206719917088428,0.025009789906040258
0.0,-0.0033876710756644,0.002366479186790116,0.025009789906040258
0.0,0.0018880943298462682,-0.004142246617519163,0.025009789906040258
0.0,0.0012218445778877651,-0.0007168087689120028,0.025009789906040258
0.0,-0.0007687638830802257,0.0020739560728948447,0.025009789906040258
0.0,-0.00045160869976301754,0.0015467471317567316,0.025009789906040258
0.0,-0.00029166949410752707,-0.004120352341082878,0.025009789906040258
0.0,0.0010904427003435302,-0.0010165535733452913,0.025009789906040258
0.0,0.0033849750238665877,0.0005805031377743575,0.025009789906040258
0.0,-0.0031674412904756366,0.0003322417796289834,0.025009789906040258
0.0,0.004566517977281137,0.0020235797245149456,0.025009789906040258
0.0,-0.0044467862374304445,-0.0011633954764214138,0.025009789906040258
0.0,-0.0013358516952752808,0.0006121190382613051,0.025009789906040258
0.0,0.0017261317570156365,-0.0039058438186927447,0.025009789906040258
0.0,0.0017000317154227673,-0.0030655250180906535,0.025009789906040258
0.0,0.0033677893354671085,9.019751110239671e-05,0.025009789906040258
0.0,0.0031012942352077744,-0.0016225868974046875,0.025009789906040258
0.0,-0.0005634326738910289,0.0028449393510854293,0.025009789906040258
0.0,0.0006680430501324608,-0.003564998032477007,0.025009789906040258
0.0,-0.003911227751224544,-0.0012536077533162882,0.025009789906040258
0.0,-0.00423272918470019,0.0015920876278823215,0.025009789906040258
0.0,0.002630094723798493,-0.003977039795096005,0.025009789906040258
0.0,0.0007228595814803285,-0.0049053093980262474,0.025009789906040258
0.0,0.00032049012744872485,-0.00138454106859065,0.025009789906040258
0.0,0.0009170387255004186,-0.003481816297920659,0.025009789906040258
0.0,-0.004183968031014729,0.002187770875593742,0.025009789906040258
0.0,-0.003436443008002499,-0.0020065820595469575,0.025009789906040258
0.0,0.0040231180834879865,-0.00224136617714521,0.025009789906040258
0.0,-0.003938732657630339,-0.0015352363218958942,0.025009789906040258
0.0,0.004269996162442169,-0.00041991119560913504,0.025009789906040258
0.0,0.0019379047556018492,-0.0004143097844200305,0.025009789906040258
0.0,0.0028253581991108945,-0.0025065604526872676,0.025009789906040258
0.0,0.002770467685756728,0.0032623681455490328,0.025009789906040258
0.0,0.0003657741222280464,0.003037861065333658,0.025009789906040258
0.0,0.0007429328644459332,0.0017288353756406138,0.025009789906040258
0.0,-0.004857975955985694,-6.985792043545658e-05,0.025009789906040258
0.0,0.004997812978764671,7.658311065328327e-05,0.025009789906040258
0.0,-0.0034016655948541086,-0.0024079543224111433,0.025009789906040258
0.0,-0.0031808661742900313,-0.002440156585517883,0.025009789906040258
0.0,-0.002019097145222304,0.002692933844766543,0.025009789906040258
0.0,-0.0018644350814085442,0.0019532908272683613,0.025009789906040258
0.0,-0.004474735304569322,0.0007234429632001493,0.025009789906040258
0.0,0.0022728538571890056,0.0019674504828266492,0.025009789906040258
0.0,-0.00014634948600145137,-0.0042123799090560965,0.025009789906040258
0.0,-0.004986744867210291,-0.00044419963196951073,0.025009789906040258
0.0,0.0026214186384301286,0.0011842891101991881,0.025009789906040258
0.0,0.002035987598940636,-0.004065260849912988,0.025009789906040258
0.0,0.002481467481224797,-0.00014525630323825034,0.025009789906040258
0.0,0.00386347901210371,-0.001262924550843536,0.025009789906040258
0.0,0.004375255948936285,-0.0005327202972944534,0.025009789906040258
0.0,0.0026687668888598637,-0.00117989119027051,0.025009789906040258
0.0,0.0022549227814252504,-0.002263932256624912,0.025009789906040258
0.0,-0.0043659767035890695,-0.0005415728153375099,0.025009789906040258
0.0,-0.0035838943983037552,-0.003456824157545668,0.025009789906040258
0.0,-0.00251660104087037,-0.0014960294123866902,0.025009789906040258
0.0,-0.004837883294115386,-0.0012939444218567075,0.025009789906040258
0.0,0.0031593436101751138,0.0028908117292196778,0.025009789906040258
0.0,-0.003565013793554783,-0.0010665652431445238,0.025009789906040258
0.0,-0.0002190033325208951,-0.0035546742189005442,0.025009789906040258
0.0,0.00045879366313261727,-0.004956792992672376,0.025009789906040258
0.0,0.0007062974341076611,0.004583286225127381,0.025009789906040258
0.0,-0.0004817841719515492,-0.0018732669802989932,0.025009789906040258
0.0,0.0015034613289763854,-0.00023310578800361803,0.025009789906040258
0.0,-0.0038531714223424274,-0.0019315766572916004,0.025009789906040258
0.0,-8.214097214831462e-05,0.0028171580186899803,0.025009789906040258
0.0,-0.0018691331695954716,-0.004336343806897958,0.025009789906040258
0.0,-0.003072757438630447,-0.00042878096150511524,0.025009789906040258
0.0,-0.0013931841173455695,0.0037692345077040557,0.025009789906040258
0.0,0.0018551659467824777,-0.0036732977140196965,0.025009789906040258
0.0,0.001086231854147357,0.001411847526794574,0.025009789906040258
0.0,-0.0002638270290504785,-0.004547932324079795,0.025009789906040258
0.0,-0.003245057666305229,-0.003087711341450472,0.025009789906040258
0.0,-0.0033859098876050098,-0.003424401137056776,0.025009789906040258
0.0,0.0007816600350105674,-0.0010124838607605824,0.025009789906040258
0.0,0.0005177689178248457,0.004396008731085033,0.025009789906040258
0.0,-0.003922447196679002,-0.0026560181348180834,0.025009789906040258
0.0,-0.0033538155511578793,-0.00338430792447042,0.025009789906040258
0.0,0.001976887204833133,0.0032445156199187863,0.025009789906040258
0.0,-0.0012957687615280378,0.0012542366305101638,0.025009789906040258
0.0,0.002034459960512436,-0.002666255070852941,0.025009789906040258
0.0,-0.0010993987454455123,-0.004506083592524135,0.025009789906040258
0.0,-0.003653788815189074,0.0012462245769278013,0.025009789906040258
0.0,0.0017580648141670707,0.0016329082701567188,0.025009789906040258
0.0,0.0023173004975944878,-0.002856804808136104,0.025009789906040258
0.0,0.002148155017756892,0.0038748118023193,0.025009789906040258
0.0,-0.0017419485740219898,0.004599866599463098,0.025009789906040258
0.0,-0.0013484926620446203,0.0011387673678768806,0.025009789906040258
0.0,0.0034364510594535602,0.0035779286884647377,0.025009789906040258
0.0,-0.0032397966310817594,0.0034768328728169706,0.025009789906040258
0.0,0.0019181770898448747,0.00436248945122486,0.025009789906040258
0.0,-0.00249979309639059,-0.0037312469553256733,0.025009789906040258
0.0,0.001826380934767613,-0.003218457600524971,0.025009789906040258
0.0,-0.0018405414509672369,0.0031900541679803496,0.025009789906040258
0.0,-0.0042174953765581336,-0.0024977476409979715,0.025009789906040258
0.0,0.001963406602291329,-0.0013623358065295577,0.025009789906040258
0.0,-0.0025177534721017025,-0.00356294832436177,0.025009789906040258
0.0,0.003071848091433793,-0.0030572611357371215,0.025009789906040258
0.0,0.001710189989820421,-0.004294413510933737,0.025009789906040258
0.0,0.0033198110297583128,0.002000702777642971,0.025009789906040258
0.0,-0.0036937189391537117,-0.0028295657397947593,0.025009789906040258
0.0,0.002797293264315215,0.0027829903717240256,0.025009789906040258
0.0,-0.0004651686997636517,0.0029089982223275967,0.025009789906040258
0.0,-0.0032379314033725848,-0.0038151986591330456,0.025009789906040258
0.0,0.001462271451510233,0.0017212598160565307,0.025009789906040258
0.0,-0.003834486492184652,-0.0006227335885640173,0.025009789906040258
0.0,0.0024111053898856483,0.004243565972814167,0.025009789906040258
0.0,0.000999838172923262,0.0035134312612932206,0.025009789906040258
0.0,-0.0009797807642799583,0.0001278897531934442,0.025009789906040258
0.0,0.0009013239455333277,0.0008710155275313269,0.025009789906040258
0.0,0.004523223173080737,-0.001720195533440716,0.025009789906040258
0.0,-0.002504823545116608,-0.0019622618646639722,0.025009789906040258
0.0,0.002142722312974854,0.00299154694070225,0.025009789906040258
0.0,0.0009796635673797738,0.0038439371247065424,0.025009789906040258
0.0,-0.002496972921750995,0.004200168978030661,0.025009789906040258
0.0,-0.0004986109655371607,0.00166263685093071,0.025009789906040258
0.0,0.002448013073863109,-0.002257723938544842,0.025009789906040258
0.0,-0.004854966866396637,0.00025420747896731655,0.025009789906040258
0.0,-0.0002283713833322043,-0.003184009639575436,0.025009789906040258
0.0,0.0014959270323089413,-0.003228237414017343,0.025009789906040258
0.0,4.304667093452119e-05,0.0038201992508462013,0.025009789906040258
0.0,0.004299638173435483,0.001815740509886865,0.025009789906040258
0.0,-0.0018229546486701054,0.0007163927402240589,0.025009789906040258
0.0,0.003562258104956584,-0.0013287488242585965,0.025009789906040258
0.0,0.004142814188945465,-0.0023669803084942487,0.025009789906040258
0.0,0.00227872537223206,0.0013298273795001592,0.025009789906040258
0.0,0.0031791653481434423,0.0007365436632387201,0.025009789906040258
0.0,0.004725589757605064,0.00018686950351765041,0.025009789906040258
0.0,0.0019860297914533476,0.0046036852007986795,0.025009789906040258
0.0,-0.0015862510884065983,-0.0020592403997241604,0.025009789906040258
0.0,0.002294905266328584,0.0005152726848005607,0.025009789906040258
0.0,0.0015471381455842703,0.0043896556635871775,0.025009789906040258
0.0,-0.002038887834551417,-0.001994261869048941,0.025009789906040258
0.0,0.0015272702763660106,0.004546436654699448,0.025009789906040258
0.0,0.0010062346904557984,-0.0035984970672870986,0.025009789906040258
0.0,0.004673136075069806,-0.00023578735469254042,0.025009789906040258
0.0,0.0027677406554111883,1.0920901036118313e-05,0.025009789906040258
0.0,0.0033197056479821185,-0.00322038044330597,0.025009789906040258
0.0,0.00011213537930598871,0.0015147102612793617,0.025009789906040258
0.0,-0.0002035146243755115,0.003375169311873094,0.025009789906040258
0.0,-0.004052366076386704,0.0005758373812918549,0.025009789906040258
0.0,0.001969101579334165,0.001327885920250793,0.025009789906040258
0.0,-0.0045393040554913,-0.0013609531777465378,0.025009789906040258
0.0,-0.003377437604289213,-0.0025556518189127075,0.025009789906040258
0.0,0.00247363825225122,-0.0021407474360408685,0.025009789906040258
0.0,0.003921465340809505,0.002818355293385366,0.025009789906040258
0.0,-0.00026454962719046904,4.0852912783939654e-05,0.025009789906040258
0.0,0.001668021287541066,-0.0041987213442737925,0.025009789906040258
0.0,0.0015458223988602526,0.0041331929416799085,0.025009789906040258
0.0,-0.0007038032684958395,-0.004698299456393329,0.025009789906040258
0.0,0.0028413292196987072,0.0011254407763754415,0.025009789906040258
0.0,-0.004496008478866997,-0.0019745730492388702,0.025009789906040258
0.0,0.00012351509069175037,-0.0022652557740237,0.025009789906040258
0.0,0.003663108206126253,0.0006413795685134005,0.025009789906040258
0.0,-0.00200467484621214,0.003331794332769533,0.025009789906040258
0.0,0.0025760766441997873,-0.0038831547199436045,0.025009789906040258
0.0,-0.0004968936117792921,0.004642818985018948,0.025009789906040258
0.0,0.003119018589522682,-0.0011426674654959612,0.025009789906040258
0.0,0.0022410095471769864,0.0031804007817903823,0.025009789906040258
0.0,-0.002909979160282461,-0.0007252487937385865,0.025009789906040258
0.0,-0.0014181319584452012,-0.004705100922187455,0.025009789906040258
0.0,-0.0011378928106591246,-0.0038074260828224737,0.025009789906040258
0.0,-0.0050062908719397115,0.00013183830989960121,0.025009789906040258
0.0,0.0011942175100507768,0.0026600051657830193,0.025009789906040258
0.0,-0.001182522264317143,0.0001759328659656223,0.025009789906040258
0.0,5.3877664700829886e-05,9.494313154356782e-05,0.025009789906040258
0.0,-0.004406778120063848,0.000566615832727102,0.025009789906040258
0.0,0.0023686761847869775,0.0005135313214053028,0.025009789906040258
0.0,0.0023178387203479645,0.003167044259974716,0.025009789906040258
0.0,-0.0009718208874724965,0.003683830197964255,0.025009789906040258
0.0,-0.001185920868529422,-0.0032500025770367813,0.025009789906040258
0.0,-0.0008803737410874035,0.0043307904192033675,0.025009789906040258
0.0,-0.0022464953518621655,-0.002598780962927094,0.025009789906040258
0.0,0.00040313789367818487,-0.003293849689114836,0.025009789906040258
0.0,-0.004209883340266174,-0.0019383611857648475,0.025009789906040258
0.0,-0.0007884356091443223,0.004419178810046276,0.025009789906040258
0.0,-0.003165730517178389,-0.003578487179446199,0.025009789906040258
0.0,0.0010299877927302248,-0.0027329992930198443,0.025009789906040258
0.0,-0.004880127686369917,0.0004236853851038447,0.025009789906040258
0.0,3.3978107288404336e-06,-0.0014124480368060688,0.025009789906040258
0.0,-0.0012504547975584757,-0.002529749417615079,0.025009789906040258
0.0,-0.000985688243362759,-0.004870100924051712,0.025009789906040258
0.0,-0.00017180934801164227,-6.148252340404392e-05,0.025009789906040258
0.0,-0.000943993856450831,0.0049151096648998305,0.025009789906040258
0.0,0.004316807337580997,0.002060280615307164,0.025009789906040258
0.0,-0.00409690662009865,-0.0025743462087781666,0.025009789906040258
0.0,-0.001915111653364221,0.0041617797747477425,0.025009789906040258
0.0,-0.0017941177401787911,0.00121278880191511,0.025009789906040258
0.0,0.0040328000950253795,0.0019322237792636088,0.025009789906040258
0.0,0.0019242519254127899,0.003851320657659585,0.025009789906040258
0.0,0.00047928448973211246,0.0029733067108352884,0.025009789906040258
0.0,-0.001753876121211917,0.0022232790468947883,0.025009789906040258
0.0,0.0039300781607352064,0.0011436065355390213,0.025009789906040258
0.0,-0.0004465332949661338,-0.0016513565511608874,0.025009789906040258
0.0,-0.0042008031458848905,0.00013586170774426698,0.025009789906040258
0.0,0.0024886093023965827,0.0006175890798285621,0.025009789906040258
0.0,-0.001223831865731384,0.002787657403143129,0.025009789906040258
0.0,0.0004824555484774784,0.0024372735395807865,0.025009789906040258
0.0,0.0016165748580956318,-0.004697770066229623,0.025009789906040258
0.0,5.187403948662961e-06,-0.00022876670549654143,0.025009789906040258
0.0,-0.0026830881902348835,-0.0038724392353515213,0.025009789906040258
0.0,0.0006917793093528246,-0.002071165041844125,0.025009789906040258
0.0,-0.004007528887861156,0.0008709113288087877,0.025009789906040258
0.0,0.0014190332385428661,0.0004211730220800014,0.025009789906040258
0.0,-0.0033978248931063604,0.002657116333121934,0.025009789906040258
0.0,-0.0022446817111756445,0.004113745229091137,0.025009789906040258
0.0,0.0012353874820991706,0.004007173504732009,0.025009789906040258
0.0,0.0003909941329105493,-0.0009098104508353799,0.025009789906040258
0.0,-0.0027533337673943947,-0.0008374461814772971,0.025009789906040258
0.0,-0.002641955143552366,-0.003976112475285731,0.025009789906040258
0.0,0.0010621327722581952,0.004677003722207473,0.025009789906040258
0.0,-0.0033956435270852126,-0.002451939380517132,0.025009789906040258
0.0,0.0008178319682468072,0.003740367940807232,0.025009789906040258
0.0,-0.0036273636294765765,-0.0031156498735889215,0.025009789906040258
0.0,0.0032145123180846724,0.003746397742943941,0.025009789906040258
0.0,-0.003776038086034106,0.0011185769782517951,0.025009789906040258
0.0,-0.0014771731612555072,-0.004421774228866582,0.025009789906040258
0.0,0.003180184513659867,0.0019172948346231067,0.025009789906040258
0.0,0.0019357968630160372,-0.003178810866419468,0.025009789906040258
0.0,-0.0006989470378364615,0.0002985839244735722,0.025009789906040258
0.0,0.004098589730915592,0.002390083666291787,0.025009789906040258
0.0,-0.0034189376599584875,0.0027796119364076333,0.025009789906040258
0.0,-0.00025751310312105424,-0.0012960412371363361,0.025009789906040258
0.0,0.00045215154728150964,0.004151550351977562,0.025009789906040258
0.0,-0.0020631659021788096,0.0020629649675285577,0.025009789906040258
0.0,0.0006907811789123031,-0.002329591527605146,0.025009789906040258
0.0,0.004714678297851549,-0.001426745692814535,0.025009789906040258
0.0,-2.8573140171433975e-05,0.0030046518039661407,0.025009789906040258
0.0,0.0014109636291639305,-0.0008688847395710297,0.025009789906040258
0.0,-0.004249960486276905,-0.0025268110461880156,0.025009789906040258
0.0,0.0015380442882992895,0.0010771594060372536,0.025009789906040258
0.0,0.002101243373495265,0.002742684773842541,0.025009789906040258
0.0,-0.003793943347591977,0.0017296803588990883,0.025009789906040258
0.0,-0.000826440840969056,-0.00158653879414139,0.025009789906040258
0.0,-0.004904883466203103,-0.000434046729760329,0.025009789906040258
0.0,0.0028614421410821933,-0.0027655755797120207,0.025009789906040258
0.0,0.002662796083296115,0.0005235307617459384,0.025009789906040258
0.0,-0.002100560519089356,0.0028256274961009353,0.025009789906040258
0.0,-0.004002452109382659,-0.0026795716483292153,0.025009789906040258
0.0,0.002851999915399972,-0.00037160876765884865,0.025009789906040258
0.0,0.0037926979839006947,0.002037643539743783,0.025009789906040258
0.0,-0.0033656236575652088,-0.0036672326360402963,0.025009789906040258
0.0,0.0019308630067182975,0.0005762011053320748,0.025009789906040258
0.0,-0.0024747766619164224,0.0031692901354176684,0.025009789906040258
0.0,0.0008621707418274838,-0.003856394730128443,0.025009789906040258
0.0,0.004491445762447199,0.0020229135867673165,0.025009789906040258
0.0,-0.004419209052699102,-0.0017148292879056726,0.025009789906040258
0.0,0.0025230699697367243,0.00045810540488311347,0.025009789906040258
0.0,0.0024681884491606354,0.0034944835377750394,0.025009789906040258
0.0,0.0007026024345968551,-0.0037951247332870253,0.025009789906040258
0.0,0.0012817834466094524,0.0026102724860557203,0.025009789906040258
0.0,-0.0011271543455144695,-0.002642605636431483,0.025009789906040258
0.0,0.0006905056592536596,-0.00010756093949848555,0.025009789906040258
0.0,-0.0006630001663392449,0.0033949641719992485,0.025009789906040258
0.0,-0.003072118429738424,0.002676417781607654,0.025009789906040258
0.0,-0.0015886704022083364,-0.004098663527138058,0.025009789906040258
0.0,-0.001434364967321855,0.0033555156175495426,0.025009789906040258
0.0,0.000454271641854298,-0.0027936089100784045,0.025009789906040258
0.0,0.0018007092513840917,0.0002683624200119361,0.025009789906040258
0.0,0.0007867483941330633,-0.004047942519811443,0.025009789906040258
0.0,0.0020203545961461344,-0.0019877844127282884,0.025009789906040258
0.0,-0.004712046529988356,0.00157863885076992,0.025009789906040258
0.0,-0.003475271733481833,0.0028519504140227525,0.025009789906040258
0.0,-0.004038879435555032,0.0011906425149703637,0.025009789906040258
0.0,-0.004849063807945697,-0.0009170553595332365,0.025009789906040258
0.0,-0.0026952565011590934,0.001054653849680065,0.025009789906040258
0.0,0.0019664730765178717,-0.00192238005089429,0.025009789906040258
0.0,0.0025145277580946868,0.0023760385508104775,0.025009789906040258
0.0,-0.001985611382552932,-0.0010054798232141948,0.025009789906040258
0.0,-0.004536066560262952,-9.514307694546975e-05,0.025009789906040258
0.0,-0.0003352379107397496,0.0049821033881372045,0.025009789906040258
0.0,-0.0042882461696009955,-0.001273895181611806,0.025009789906040258
0.0,-0.0025397320807876156,-0.0028132599352161947,0.025009789906040258
0.0,-0.004321924726895077,0.0023239490941691088,0.025009789906040258
0.0,-0.0025570745407250683,-0.002444351919990595,0.025009789906040258
0.0,0.001553085066117177,-0.0029161843727223413,0.025009789906040258
0.0,0.0003609457331910093,-0.0011091177811142217,0.025009789906040258
0.0,0.0033611202973702348,-0.0027664277682148963,0.025009789906040258
0.0,0.001582366380265654,0.0046768615441479255,0.025009789906040258
0.0,0.0028977045587161854,-0.0020991573929052265,0.025009789906040258
0.0,0.0027422389878495324,0.0031565102715589433,0.025009789906040258
0.0,0.004042719914934878,-0.0022133935952446393,0.025009789906040258
0.0,-6.926973792309443e-05,0.0016581380601721207,0.025009789906040258
0.0,0.00014769077124765495,0.004966225986500206,0.025009789906040258
0.0,-0.002178483460184566,-0.003680698458900622,0.025009789906040258
0.0,-0.0006582440224196517,-0.0017276173505518244,0.025009789906040258
0.0,0.0004088724295066015,-0.004582269121669924,0.025009789906040258
0.0,0.0001296703203303995,0.0045675602115835545,0.025009789906040258
0.0,-2.7438024090803426e-05,-0.004918202824470086,0.025009789906040258
0.0,0.003925379285234953,0.0028398964735103505,0.025009789906040258
0.0,-0.001977340457493426,-0.00302421275067033,0.025009789906040258
0.0,0.0023827217948237944,0.0026156115157291993,0.025009789906040258
0.0,-0.0025614882407261064,0.0015880560107426334,0.025009789906040258
0.0,-0.003455959874241188,0.0030411777784102867,0.025009789906040258
0.0,0.0020295092416713345,0.0007864146635183644,0.025009789906040258
0.0,-0.002387520934952647,-0.0030476960777860995,0.025009789906040258
0.0,-0.0014924108109610756,-0.004727661925734594,0.025009789906040258
0.0,-0.0016047321414056626,0.003084050076601841,0.025009789906040258
0.0,0.003684335042969167,0.0005624843159584003,0.025009789906040258
0.0,0.0025597931092349313,-0.00014944137673178481,0.025009789906040258
0.0,-0.004090184306832612,0.0005018739254136761,0.025009789906040258
0.0,0.0028946271437817472,0.0033592873526870903,0.025009789906040258
0.0,-0.002939233752048409,-0.0018436802733940993,0.025009789906040258
0.0,0.0023308921498674806,0.0024871785739861707,0.025009789906040258
0.0,0.00375862957983486,0.0025892601365526957,0.025009789906040258
0.0,4.726709011154684e-05,0.0014432912761215277,0.025009789906040258
0.0,-0.003532526222969068,-0.001685846832865323,0.025009789906040258
0.0,-0.003445956456772592,-0.000714915474721245,0.025009789906040258
0.0,0.003514543263367642,-0.0011377182733305347,0.025009789906040258
0.0,0.0032168946448436486,-0.0011094278347858477,0.025009789906040258
0.0,-0.0013005729818651446,0.0028221067931184507,0.025009789906040258
0.0,-0.004024968291787445,0.002869948730239713,0.025009789906040258
0.0,0.0008453396961236592,-0.0009956104614889938,0.025009789906040258
0.0,-0.003917735774798814,0.002627909688154517,0.025009789906040258
0.0,0.0003160856227859554,0.004389584701328886,0.025009789906040258
0.0,0.00012539969426050845,-0.002660251885036047,0.025009789906040258
0.0,-0.004858512309880325,-0.0005914447585428917,0.025009789906040258
0.0,0.003666366962590928,0.0033180437035049692,0.025009789906040258
0.0,-0.0017405958983172098,-0.003979800451837434,0.025009789906040258
0.0,-0.0022606958591318005,-0.0036298802640111205,0.025009789906040258
0.0,0.0020002651524357873,-0.003840395861793411,0.025009789906040258
0.0,0.0010426156057121716,0.003521367555876509,0.025009789906040258
0.0,0.004498773801742573,0.0017247134275812925,0.025009789906040258
0.0,-0.0004172374271056434,0.004094629039570918,0.025009789906040258
0.0,-0.0017349096530452357,-0.0015702049489512149,0.025009789906040258
0.0,0.002429130782275024,0.003211705264298814,0.025009789906040258
0.0,0.0026730454255883274,-0.002719616791164725,0.025009789906040258
0.0,-0.0031111045822029837,-0.001996018866034177,0.025009789906040258
0.0,0.004720558007434761,0.0014376479530113784,0.025009789906040258
0.0,0.00021355775586329173,-0.0014272143917875013,0.025009789906040258
0.0,0.003878121916024213,-0.002501550176816636,0.025009789906040258
0.0,0.00017857454836689435,0.0031502487893213527,0.025009789906040258
0.0,0.0016043119649786775,-0.00027771621928174284,0.025009789906040258
0.0,-0.002968050779735165,0.00078225985276692,0.025009789906040258
0.0,-0.0007084448847543001,0.003894804587730505,0.025009789906040258
0.0,0.002584671004338901,0.00320388345462419,0.025009789906040258
0.0,0.0010819855558157343,-0.004394349166183531,0.025009789906040258
0.0,-0.0027472957891063743,-0.003688400629371813,0.025009789906040258
0.0,0.0009624684473958922,0.0011108487846005488,0.025009789906040258
0.0,0.0019892173144526737,-0.003750867508696132,0.025009789906040258
0.0,-0.001962987240371916,0.004462824692936351,0.025009789906040258
0.0,0.0012502367955118387,0.0007434149512519639,0.025009789906040258
0.0,-0.0020633908727951678,-0.0005803436825377872,0.025009789906040258
0.0,-0.00222627018211341,0.003448329016340068,0.025009789906040258
0.0,0.00014304050617286457,-0.0017507061904069587,0.025009789906040258
0.0,-0.0010129444323228043,-0.0017519178939071622,0.025009789906040258
0.0,0.00026580354877481227,0.0018535518783444616,0.025009789906040258
0.0,-0.001281118649144375,0.004439537310631181,0.025009789906040258
0.0,0.0023729793509161823,0.0030312556879934505,0.025009789906040258
0.0,-0.0008270454109018388,0.0022195908199229564,0.025009789906040258
0.0,-0.0007324397001822192,0.002944611554209331,0.025009789906040258
0.0,-0.004330649064229419,0.0016730341068953436,0.025009789906040258
0.0,0.0008980342865045898,-0.0011893277923906709,0.025009789906040258
0.0,-0.0009836052469207601,0.0021772573158003183,0.025009789906040258
0.0,-0.0014166994404298805,0.0005283885967535262,0.025009789906040258
0.0,-0.0008932403247428056,0.004886423611168311,0.025009789906040258
0.0,-0.002766014745393619,0.004031503281559878,0.025009789906040258
0.0,-0.002661383241012061,0.0030106382250956187,0.025009789906040258
0.0,0.0032195853019985066,-0.0035788043940527814,0.025009789906040258
0.0,0.0018546658865563614,-0.002317530861791539,0.025009789906040258
0.0,-0.0011735025147672218,-0.004283776524090399,0.025009789906040258
0.0,0.0033340958167578094,-0.0035433746386601683,0.025009789906040258
0.0,-0.0045732064923527105,0.0006472364793763674,0.025009789906040258
0.0,-0.00047068550198359205,-0.0011384938765015562,0.025009789906040258
0.0,0.0006884223319074678,0.0042122160446211865,0.025009789906040258
0.0,0.002118386231739322,-0.004210259339828326,0.025009789906040258
0.0,0.0045490436916679755,0.0004650095160840806,0.025009789906040258
0.0,0.002576301365863287,-0.0030560087568858307,0.025009789906040258
0.0,0.0007150329293592605,-0.0031400122153293353,0.025009789906040258
0.0,-0.0031962724657148556,2.5149377013117258e-05,0.025009789906040258
0.0,-0.0008143802961697588,0.002610581749831198,0.025009789906040258
0.0,0.0036073871476816066,0.0028019221016464257,0.025009789906040258
0.0,0.0006081077747746022,0.0035923173683372056,0.025009789906040258
0.0,0.00045543692342775444,0.0026662321586172766,0.025009789906040258
0.0,0.003878413098256317,-0.0010918185886641396,0.025009789906040258
0.0,0.004402307623777801,0.0003944786661298494,0.025009789906040258
0.0,-0.00010448518929517814,0.004709586240252861,0.025009789906040258
0.0,-0.0004609786504543578,0.00030736303320999525,0.025009789906040258
0.0,-0.001899004061892029,-0.002734114301421897,0.025009789906040258
0.0,0.0017996655267324968,0.000846397756602002,0.025009789906040258
0.0,0.003762953487498777,-0.00034629836487853893,0.025009789906040258
0.0,-0.0032148461381851234,0.00033449199639390415,0.025009789906040258
0.0,-0.004979036607622334,-0.00037723023808711176,0.025009789906040258
0.0,-0.0006522681545151343,-0.004292912937117421,0.025009789906040258
0.0,-0.0010693628890106055,-0.004343976971206587,0.025009789906040258
0.0,0.0027859330512072233,-0.0028835195601075725,0.025009789906040258
0.0,0.0029399581777163064,0.003927412038336797,0.025009789906040258
0.0,-0.004151719633824769,-0.001994185430692852,0.025009789906040258
0.0,-0.0036197850752053284,-0.0015408712433142568,0.025009789906040258
0.0,-0.0019313038176687058,-0.0017201424991633019,0.025009789906040258
0.0,0.0004951441249683164,-0.002919321979440781,0.025009789906040258
0.0,-0.00090640679192866,-0.0004977334834781466,0.025009789906040258
0.0,0.002095048644381592,-0.0016046268759133397,0.025009789906040258
0.0,0.0021731232457860017,-0.0019800908056559763,0.025009789906040258
0.0,0.001616896532642187,0.0044983876903899045,0.025009789906040258
0.0,-0.002362965357995961,-0.00026831322938436486,0.025009789906040258
0.0,0.004247953634532564,0.0014466349333872586,0.025009789906040258
0.0,-0.001206840690262112,0.002075588171813081,0.025009789906040258
0.0,-0.004863911255114317,-0.00012126395835609927,0.025009789906040258
0.0,-0.0015850028695894025,-0.0008212597395269583,0.025009789906040258
0.0,0.0011200070437755727,0.0007776979330724743,0.025009789906040258
0.0,-0.0023884623460794785,-0.003706058331815143,0.025009789906040258
0.0,-0.001097296082132715,-0.001872440178859236,0.025009789906040258
0.0,0.001648395992127405,-0.0045535699451804135,0.025009789906040258
0.0,0.0022842932597129106,0.001691510911376426,0.025009789906040258
0.0,0.001567576411444449,0.0043768798036722956,0.025009789906040258
0.0,0.0002536298070716647,0.0020153943147125375,0.025009789906040258
0.0,-0.0005482466149393517,0.0004841799742814068,0.025009789906040258
0.0,-0.000568199695913485,0.0021276505552734193,0.025009789906040258
0.0,-0.001298259023178261,-0.0036001481974139438,0.025009789906040258
0.0,-0.00042460282078327083,-0.00023950096413449806,0.025009789906040258
0.0,-0.002814691136123315,-0.004071891244144865,0.025009789906040258
0.0,-0.00024314287443893967,0.0005318658857746961,0.025009789906040258
0.0,0.0021489401853287404,-0.003813130290708955,0.025009789906040258
0.0,-0.0023144119456794954,-0.001083713105328954,0.025009789906040258
0.0,0.0009513912725402918,-0.002860351873600564,0.025009789906040258
0.0,-0.003192549426110247,0.0032134569659127976,0.025009789906040258
0.0,0.0005773699414195477,-0.001824610645758895,0.025009789906040258
0.0,-0.004899557132958421,-0.0006494475136511468,0.025009789906040258
0.0,-0.0028041245871293086,0.001325113071780848,0.025009789906040258
0.0,0.0021295608983820102,-0.0023394901144655478,0.025009789906040258
0.0,-0.0020749024861466125,-0.00196332735488447,0.025009789906040258
0.0,0.0043131159580269696,-0.002047437539093977,0.025009789906040258
0.0,0.0017446580753013308,0.004057876700137797,0.025009789906040258
0.0,0.0020529830199027543,-0.0014087432009226575,0.025009789906040258
0.0,0.0009551627195580892,-0.0025858865071803905,0.025009789906040258
0.0,-0.0002658470138032776,0.0017779259869019626,0.025009789906040258
0.0,-0.0026113390242343826,-0.0038459698131561026,0.025009789906040258
0.0,0.002923811922748598,-0.002895257496618342,0.025009789906040258
0.0,0.00029682575571943204,0.0023411722988235795,0.025009789906040258
0.0,0.0026278548829807846,-0.003336275058209992,0.025009789906040258
0.0,0.0022815680255909854,-0.003517310826353537,0.025009789906040258
0.0,-0.0025716493100915727,0.0022519772022242535,0.025009789906040258
0.0,-0.0016851267744275589,0.0036519086416113566,0.025009789906040258
0.0,0.004268217333148527,-0.0002247725780466503,0.025009789906040258
0.0,0.0008862341232580562,-0.004788250787058246,0.025009789906040258
0.0,-0.0009668220733889399,0.00484863420638959,0.025009789906040258
0.0,0.0007301115133335756,-0.001573255695559439,0.025009789906040258
0.0,-0.004957593612417099,-0.0006069916372277717,0.025009789906040258
0.0,-0.004209079992875786,-0.0003283927620318927,0.025009789906040258
0.0,-0.0041919426117544845,0.00047220453335317103,0.025009789906040258
0.0,0.0022033487781989436,0.00011373247409685039,0.025009789906040258
0.0,-0.0031286233999949786,0.00324823330245394,0.025009789906040258
0.0,-0.0011856061289261532,-0.0032361185270772808,0.025009789906040258
0.0,0.003941828108111167,0.002570071330293189,0.025009789906040258
0.0,-0.004644790663661524,-0.0015205529450650346,0.025009789906040258
0.0,-0.004373384323990592,0.0022990614959539357,0.025009789906040258
0.0,-0.002082880680674748,-0.002913764992353407,0.025009789906040258
0.0,-0.003080187809004542,0.001993600330223444,0.025009789906040258
0.0,0.0024757593030635405,0.0006424492798773329,0.025009789906040258
0.0,0.002874614279125609,0.0004402074905476283,0.025009789906040258
0.0,-0.0028477558244084378,-0.0022846563271770037,0.025009789906040258
0.0,0.0005419989667494463,-0.003941663412710739,0.025009789906040258
0.0,-0.0026136387481194845,-0.002875675562201252,0.025009789906040258
0.0,-0.003512106061691611,0.0013486786340646262,0.025009789906040258
0.0,-0.002405389171329375,0.002170721965612188,0.025009789906040258
0.0,-0.0019175569690119687,0.004322614067454822,0.025009789906040258
0.0,0.002879468337308566,-0.001805990314073469,0.025009789906040258
0.0,0.0024470494426012124,0.0028847877762210317,0.025009789906040258
0.0,2.0301962000091045e-05,0.00491246515308319,0.025009789906040258
0.0,0.002840881360970826,-0.0035328196842563386,0.025009789906040258
0.0,0.004182549806110103,0.0005610294051647813,0.025009789906040258
0.0,0.004706715738826972,-0.0014416606844349644,0.025009789906040258
0.0,-0.0031912306755792486,-0.00022553454065810108,0.025009789906040258
0.0,0.002645468190070943,-0.0039491688142092585,0.025009789906040258
0.0,-0.00028629218713494,-0.0020560219492828935,0.025009789906040258
0.0,0.004044593264623586,0.0018983376342767144,0.025009789906040258
0.0,0.0033346861336340794,0.0030183149653240093,0.025009789906040258
0.0,-0.004138320566227094,0.0026376712397038204,0.025009789906040258
0.0,-0.0016955979368056262,0.0003959872568271017,0.025009789906040258
0.0,-0.004367325212442097,0.0012965440229368852,0.025009789906040258
0.0,-0.0003783530848693317,0.004329012593395021,0.025009789906040258
0.0,-0.0025851680999409155,0.0017476442968273886,0.025009789906040258
0.0,0.0026502630568998597,-0.003475507297959979,0.025009789906040258
0.0,-0.004692325110099205,0.0007430033863240482,0.025009789906040258
0.0,-0.0029612866262667126,0.002096008504850033,0.025009789906040258
0.0,-0.0021182961473407147,0.0018134953771227202,0.025009789906040258
0.0,-0.004806912928501106,-0.0009489969878853088,0.025009789906040258
0.0,0.0012561592805440114,0.0033861981107108363,0.025009789906040258
0.0,-0.0023530766556305593,0.0011082336776695456,0.025009789906040258
0.0,-0.0033973391572246214,0.0018399892179505883,0.025009789906040258
0.0,0.001072072000253499,-0.002829737213474459,0.025009789906040258
0.0,-0.0013552992863345992,0.004318344520896744,0.025009789906040258
0.0,-0.0032680357065828503,0.003418174986052236,0.025009789906040258
0.0,-0.00233946950846331,0.00393903313347721,0.025009789906040258
0.0,-0.0041395518377669305,0.00016753444086980984,0.025009789906040258
0.0,0.0004257056015939398,0.0029492843817529035,0.025009789906040258
0.0,-0.0041386136705696686,-0.0020955651348586457,0.025009789906040258
0.0,0.0014500260715522018,0.0038852438862804206,0.025009789906040258
0.0,-0.002484399158397821,0.00353612365530509,0.025009789906040258
0.0,-0.004277698127573615,-0.0012776581042182045,0.025009789906040258
1.0,-0.00010761889248200873,-53.500245049864915,0.025009789906040258
1.0,7.854498341686167e-05,-53.50042774945599,0.025009789906040258
1.0,-0.00017956923384332413,-53.500318392533785,0.025009789906040258
1.0,-0.00012131808684046064,-53.500205530047054,0.025009789906040258
1.0,0.00013103582129758706,-53.50024396449302,0.025009789906040258
1.0,0.0001327432334434775,-53.500312712988666,0.025009789906040258
1.0,-0.00012500215565935946,-53.50018895759382,0.025009789906040258
1.0,-0.0001424162534107154,-53.50032966975641,0.025009789906040258
1.0,0.00013637097516294716,-53.50035163463238,0.025009789906040258
1.0,-4.18438129461407e-05,-53.500384387968055,0.025009789906040258
1.0,-3.214945000706848e-05,-53.500274976579995,0.025009789906040258
1.0,1.0354649242927394e-05,-53.5004267930293,0.025009789906040258
1.0,6.831068293067233e-05,-53.50026780975823,0.025009789906040258
1.0,0.00015585306159948686,-53.50031019664791,0.025009789906040258
1.0,4.206158314445929e-05,-53.500427284850204,0.025009789906040258
1.0,-0.00018161355694701342,-53.50031136584473,0.025009789906040258
1.0,-1.2397954414655743e-05,-53.500324039699876,0.025009789906040258
1.0,-1.2085375520332065e-05,-53.50042708467884,0.025009789906040258
1.0,4.071185405507549e-05,-53.50040098430414,0.025009789906040258
1.0,8.62337383082945e-05,-53.50032519816806,0.025009789906040258
1.0,-0.0001494766519130053,-53.50020493365124,0.025009789906040258
1.0,-4.0225513949110336e-05,-53.50020249363629,0.025009789906040258
1.0,-0.00012897069245099146,-53.50031069843749,0.025009789906040258
1.0,6.984288791755944e-05,-53.5002623614011,0.025009789906040258
1.0,-5.957822517288491e-05,-53.50029648993011,0.025009789906040258
1.0,8.689669726535953e-05,-53.500360781104604,0.025009789906040258
1.0,0.00016631328564642445,-53.50034546350177,0.025009789906040258
1.0,2.0564413531154457e-05,-53.50031039192697,0.025009789906040258
1.0,-0.00019216786773057493,-53.500271915176356,0.025009789906040258
1.0,-5.419645235882342e-05,-53.50034051426865,0.025009789906040258
1.0,0.00010695387379655585,-53.500225715009336,0.025009789906040258
1.0,-0.00015084567475298627,-53.50022321923284,0.025009789906040258
1.0,7.496920513005989e-05,-53.50032461365368,0.025009789906040258
1.0,-5.472859652400075e-05,-53.50043818822154,0.025009789906040258
1.0,-0.00011755342834618432,-53.50039741638483,0.025009789906040258
1.0,0.0001637245519532371,-53.50024543072925,0.025009789906040258
1.0,6.607578943373937e-05,-53.500444100782886,0.025009789906040258
1.0,7.709689978696588e-05,-53.500404927205004,0.025009789906040258
1.0,-5.810209544421241e-05,-53.50023877711959,0.025009789906040258
1.0,-7.715384868944852e-05,-53.500433973353765,0.025009789906040258
1.0,8.930922752625747e-05,-53.50039034257717,0.025009789906040258
1.0,-8.068851764519991e-05,-53.500360239229394,0.025009789906040258
1.0,-4.55421596079475e-05,-53.50040527156624,0.025009789906040258
1.0,-0.00014434957806486182,-53.500238581239614,0.025009789906040258
1.0,8.778855748303727e-05,-53.500209141835256,0.025009789906040258
1.0,-8.644330610962925e-05,-53.500224900289425,0.025009789906040258
1.0,9.624451062961725e-05,-53.500239983132005,0.025009789906040258
1.0,-0.00011200699483282506,-53.50040407076647,0.025009789906040258
1.0,-8.263983671596975e-05,-53.500372650653716,0.025009789906040258
1.0,3.206427061641648e-05,-53.50038254773565,0.025009789906040258
1.0,5.183948960985063e-06,-53.50038900776639,0.025009789906040258
1.0,-0.00010257771764798918,-53.50019003592034,0.025009789906040258
1.0,7.164550759242161e-05,-53.50037338476999,0.025009789906040258
1.0,-3.0441303456640867e-05,-53.5002644715544,0.025009789906040258
1.0,1.698422790497034e-05,-53.500249623789216,0.025009789906040258
1.0,-7.175490072697244e-05,-53.50026409048705,0.025009789906040258
1.0,7.70528362536993e-05,-53.500222615047264,0.025009789906040258
1.0,0.00015306997223518692,-53.50021885105025,0.025009789906040258
1.0,-0.0001005102450051254,-53.50019890286577,0.025009789906040258
1.0,-0.0001574650932028021,-53.50034209178221,0.025009789906040258
1.0,-6.550306483532609e-05,-53.500315497036475,0.025009789906040258
1.0,-1.897618699597814e-05,-53.500186520750425,0.025009789906040258
1.0,-7.588079778741985e-05,-53.50042325127262,0.025009789906040258
1.0,-0.0001701762708208321,-53.50022933846175,0.025009789906040258
1.0,-5.502532803092208e-05,-53.50041774459309,0.025009789906040258
1.0,6.855363948332638e-05,-53.500416324935,0.025009789906040258
1.0,-1.615551609202015e-05,-53.500423098348044,0.025009789906040258
1.0,0.00018684702385485252,-53.500258917216215,0.025009789906040258
1.0,4.922803730877945e-05,-53.50028484323808,0.025009789906040258
1.0,2.49042856748094e-06,-53.50023671767762,0.025009789906040258
1.0,-1.4106583734463385e-05,-53.50017690632671,0.025009789906040258
1.0,2.0112365154645317e-05,-53.5003785851454,0.025009789906040258
1.0,3.91451284142974e-06,-53.5003215412507,0.025009789906040258
1.0,-8.704536899273307e-05,-53.50043210366657,0.025009789906040258
1.0,0.00011805655178065422,-53.50026885336054,0.025009789906040258
1.0,2.1838376420113548e-05,-53.500271534850924,0.025009789906040258
1.0,0.0001228271926052571,-53.50019780695716,0.025009789906040258
1.0,8.307339141921943e-05,-53.50021543578328,0.025009789906040258
1.0,-0.00011482663006745497,-53.50018473809018,0.025009789906040258
1.0,-1.8228084541327405e-05,-53.50023101604607,0.025009789906040258
1.0,-0.000125424476976832,-53.500367051544075,0.025009789906040258
1.0,-0.00014360432861337813,-53.50018976010585,0.025009789906040258
1.0,7.351297902502552e-05,-53.50029505064385,0.025009789906040258
1.0,7.482431250949162e-05,-53.50018173939088,0.025009789906040258
1.0,0.0001333153985214608,-53.50030712002797,0.025009789906040258
1.0,0.00018353354662536958,-53.50032454206605,0.025009789906040258
1.0,-7.161289500601242e-05,-53.50041993381441,0.025009789906040258
1.0,-1.661087133886241e-05,-53.500340767700145,0.025009789906040258
1.0,2.0609863047305055e-05,-53.50021504186252,0.025009789906040258
1.0,-0.0001398279428457272,-53.500370334625785,0.025009789906040258
1.0,-8.556670860215831e-05,-53.50033545840388,0.025009789906040258
1.0,7.477673109335115e-05,-53.50040073111174,0.025009789906040258
1.0,-0.0001324584046571431,-53.500383421063724,0.025009789906040258
1.0,-6.325826970510207e-05,-53.50028798252205,0.025009789906040258
1.0,-3.971087699916609e-05,-53.50042833427449,0.025009789906040258
1.0,0.00013108874337319776,-53.500186212098505,0.025009789906040258
1.0,-7.322081832583649e-05,-53.500357931740815,0.025009789906040258
1.0,-0.00015934585492516362,-53.500312671589505,0.025009789906040258
1.0,2.2044310798108313e-05,-53.50020690978287,0.025009789906040258
1.0,7.236845439706485e-05,-53.50017938115091,0.025009789906040258
1.0,-8.775101200342306e-05,-53.500355153985666,0.025009789906040258
1.0,-0.0001163109891599845,-53.5002908322715,0.025009789906040258
1.0,-3.538630839194923e-05,-53.50041391432681,0.025009789906040258
1.0,7.341634082447257e-06,-53.50045191290415,0.025009789906040258
1.0,7.0513695247242936e-06,-53.50033036067616,0.025009789906040258
1.0,7.483013090947566e-05,-53.50022905363683,0.025009789906040258
1.0,-0.0001009596145706837,-53.5003955251329,0.025009789906040258
1.0,-5.8071976370754896e-05,-53.50022815614274,0.025009789906040258
1.0,-9.216874275796982e-06,-53.500247205162935,0.025009789906040258
1.0,-4.131643532012674e-05,-53.50042925623883,0.025009789906040258
1.0,-9.524055549192667e-05,-53.500270541270766,0.025009789906040258
1.0,9.401628785354887e-05,-53.500383822730306,0.025009789906040258
1.0,0.00016121898715226735,-53.50021530144119,0.025009789906040258
1.0,-9.225491042030853e-05,-53.50042422250041,0.025009789906040258
1.0,-6.078246723362213e-05,-53.50029923348053,0.025009789906040258
1.0,7.477995716342889e-05,-53.500193008685194,0.025009789906040258
1.0,9.039649869890809e-05,-53.50039982490813,0.025009789906040258
1.0,-0.00013158485895559124,-53.50023425463716,0.025009789906040258
1.0,6.252304256726404e-05,-53.500185075805994,0.025009789906040258
1.0,3.168055205549081e-05,-53.50044087372173,0.025009789906040258
1.0,-6.359107474018799e-05,-53.500184762211994,0.025009789906040258
1.0,-0.00011998566222359841,-53.500398874778824,0.025009789906040258
1.0,7.066871740679659e-06,-53.50043954445003,0.025009789906040258
1.0,-2.829600186871062e-05,-53.50040055301161,0.025009789906040258
1.0,0.00011550581724861786,-53.50035749471268,0.025009789906040258
1.0,-0.00013910674927331002,-53.50029394906162,0.025009789906040258
1.0,7.278710426561474e-05,-53.50022809859658,0.025009789906040258
1.0,-0.00012958947840502333,-53.50028295652743,0.025009789906040258
1.0,2.1184338205415543e-05,-53.500425008019896,0.025009789906040258
1.0,1.6918694401901746e-05,-53.50042299827487,0.025009789906040258
1.0,5.9882981254588685e-05,-53.50042145284043,0.025009789906040258
1.0,0.00011364453465034785,-53.50031397104242,0.025009789906040258
1.0,-3.6392394823892005e-05,-53.500232363561146,0.025009789906040258
1.0,1.3801762410170504e-06,-53.500232790425656,0.025009789906040258
1.0,-0.00017419423234343867,-53.500351421112754,0.025009789906040258
1.0,0.00011606879118630786,-53.50019196065261,0.025009789906040258
1.0,-0.00012417520932928028,-53.50034421169875,0.025009789906040258
1.0,1.7340169616630874e-05,-53.50035698587384,0.025009789906040258
1.0,6.311322945151687e-05,-53.50025630939478,0.025009789906040258
1.0,-5.7521560185236353e-05,-53.50021624653283,0.025009789906040258
1.0,1.1158854804182994e-05,-53.50040155099294,0.025009789906040258
1.0,-6.275173344150176e-05,-53.50040504259769,0.025009789906040258
1.0,4.778101031810422e-05,-53.500268320846274,0.025009789906040258
1.0,-0.00013143191353748307,-53.500372734962625,0.025009789906040258
1.0,-0.00011945470960128546,-53.50021927535096,0.025009789906040258
1.0,-0.00011407701012444704,-53.50019197443786,0.025009789906040258
1.0,-0.00013502706831047817,-53.50034599050975,0.025009789906040258
1.0,1.0441746808087515e-05,-53.50027940524295,0.025009789906040258
1.0,0.00010665264167286637,-53.50025949074034,0.025009789906040258
1.0,5.556307068488309e-05,-53.500407400542365,0.025009789906040258
1.0,6.500318253443993e-05,-53.50038047001106,0.025009789906040258
1.0,-3.01283189934054e-05,-53.50028398380281,0.025009789906040258
1.0,2.37771888011995e-06,-53.50029768668709,0.025009789906040258
1.0,-5.284948734751715e-07,-53.50030368186141,0.025009789906040258
1.0,-2.121434951596335e-06,-53.50032448206157,0.025009789906040258
1.0,6.630616120162358e-05,-53.500255132209375,0.025009789906040258
1.0,-2.0375455029864042e-05,-53.50045920710206,0.025009789906040258
1.0,3.666072965735623e-05,-53.500352940795416,0.025009789906040258
1.0,-2.2019354638302957e-05,-53.500314303499906,0.025009789906040258
1.0,0.00013138298580628316,-53.500265339840794,0.025009789906040258
1.0,1.703969652089299e-05,-53.50017643088272,0.025009789906040258
1.0,-0.00011963881216203731,-53.500299791413795,0.025009789906040258
1.0,-3.783781900423833e-05,-53.5003184809208,0.025009789906040258
1.0,6.59669103839633e-05,-53.50037803554785,0.025009789906040258
1.0,6.351224360656715e-05,-53.50017850627616,0.025009789906040258
1.0,-4.525772397201422e-05,-53.50029059038954,0.025009789906040258
1.0,-6.993248272024744e-05,-53.500300379459894,0.025009789906040258
1.0,-0.00010790913739455732,-53.50042112775164,0.025009789906040258
1.0,-0.00014962482258340515,-53.500249640907484,0.025009789906040258
1.0,2.2631834045938604e-05,-53.50018165902114,0.025009789906040258
1.0,-7.651754882154194e-06,-53.50035407314171,0.025009789906040258
1.0,7.901287499123555e-05,-53.5003029189035,0.025009789906040258
1.0,0.00012708041661824154,-53.50028886537457,0.025009789906040258
1.0,0.00010621181223058329,-53.500343288196596,0.025009789906040258
1.0,4.876802819175907e-05,-53.5004281380499,0.025009789906040258
1.0,3.585284320983817e-05,-53.50045064414007,0.025009789906040258
1.0,-5.617670860935675e-05,-53.500295357048905,0.025009789906040258
1.0,2.241012377890428e-06,-53.50022700567315,0.025009789906040258
1.0,5.223120433051065e-06,-53.500340518021915,0.025009789906040258
1.0,-0.00015803267901048912,-53.5003401931835,0.025009789906040258
1.0,-0.0001569643795633624,-53.500310066839106,0.025009789906040258
1.0,1.5204749182373689e-05,-53.50042941652048,0.025009789906040258
1.0,7.285882136187638e-05,-53.50018216402105,0.025009789906040258
1.0,0.00013761465654482663,-53.50032781899963,0.025009789906040258
1.0,-0.00011723563393672976,-53.50022635691373,0.025009789906040258
1.0,3.270979153757736e-06,-53.50029622084381,0.025009789906040258
1.0,-2.60372280003196e-05,-53.500185661053656,0.025009789906040258
1.0,0.00010557251234288856,-53.50039078700809,0.025009789906040258
1.0,9.879861607231533e-05,-53.50030338289923,0.025009789906040258
1.0,-0.00014820356818745495,-53.50020413588937,0.025009789906040258
1.0,-8.409459852032342e-06,-53.50029938606274,0.025009789906040258
1.0,-0.0001075006752735419,-53.500183349276185,0.025009789906040258
1.0,7.85785699015662e-05,-53.500325653339175,0.025009789906040258
1.0,-8.198144850979361e-05,-53.50042185460934,0.025009789906040258
1.0,5.504450156479379e-05,-53.50034040661489,0.025009789906040258
1.0,0.00012791817541923933,-53.50018651710199,0.025009789906040258
1.0,7.78292604941555e-05,-53.50020454452429,0.025009789906040258
1.0,1.7542961938232793e-05,-53.50042663990543,0.025009789906040258
1.0,-0.00018468923331482756,-53.500273755701926,0.025009789906040258
1.0,2.951664443440194e-05,-53.50017706107502,0.025009789906040258
1.0,4.04632350914369e-05,-53.50018005111286,0.025009789906040258
1.0,-8.236879911649453e-05,-53.50019648823653,0.025009789906040258
1.0,1.5825760500298713e-05,-53.50020638001373,0.025009789906040258
1.0,-2.187652187757294e-05,-53.50035164912052,0.025009789906040258
1.0,-7.229473997227842e-05,-53.50044182507901,0.025009789906040258
1.0,0.00015318711550804665,-53.500384476626,0.025009789906040258
1.0,9.558030398260087e-06,-53.50027658485186,0.025009789906040258
1.0,-6.153281195864224e-05,-53.500283284335225,0.025009789906040258
1.0,9.87654258999271e-05,-53.50031571747275,0.025009789906040258
1.0,-1.856211513651118e-05,-53.500434852239835,0.025009789906040258
1.0,2.2888657635888876e-06,-53.500299613631064,0.025009789906040258
1.0,5.9096851842355136e-05,-53.500440982403205,0.025009789906040258
1.0,-0.00011315766146680062,-53.50025729008744,0.025009789906040258
1.0,3.0055077036017508e-05,-53.500179830542635,0.025009789906040258
1.0,-5.761533243031636e-05,-53.50033726438251,0.025009789906040258
1.0,4.2613934690294286e-05,-53.500202158668486,0.025009789906040258
1.0,-1.5937530373655306e-05,-53.500377982951015,0.025009789906040258
1.0,-0.00012238854833412915,-53.50035658119168,0.025009789906040258
1.0,8.186338166638052e-05,-53.500403165384085,0.025009789906040258
1.0,-1.481196389807593e-05,-53.50036609338862,0.025009789906040258
1.0,-0.00013786302577045717,-53.50036789720696,0.025009789906040258
1.0,-8.222357879006381e-05,-53.50035347282652,0.025009789906040258
1.0,-1.9732342372513756e-05,-53.500343542176495,0.025009789906040258
1.0,0.00012634060397687108,-53.50029633558031,0.025009789906040258
1.0,7.376667790026659e-05,-53.50030569646101,0.025009789906040258
1.0,2.890421900048068e-05,-53.50032300655306,0.025009789906040258
1.0,7.123966785371749e-05,-53.500247588589794,0.025009789906040258
1.0,-4.551229860894068e-05,-53.50018001607078,0.025009789906040258
1.0,-7.187510519202078e-05,-53.50022650930181,0.025009789906040258
1.0,0.0001020286524351377,-53.500339796767214,0.025009789906040258
1.0,-8.604998053485247e-05,-53.500402857408645,0.025009789906040258
1.0,-2.255930921801763e-05,-53.50025371419699,0.025009789906040258
1.0,-0.00015614865971258496,-53.50033508717553,0.025009789906040258
1.0,6.157411437968108e-05,-53.50036622158188,0.025009789906040258
1.0,6.149355648332744e-05,-53.50033775420109,0.025009789906040258
1.0,-4.118650144135927e-05,-53.50037926788957,0.025009789906040258
1.0,-6.457990392760848e-05,-53.50044312009328,0.025009789906040258
1.0,-0.00011202701200119236,-53.50018609463249,0.025009789906040258
1.0,5.2652808252062755e-05,-53.50018313196648,0.025009789906040258
1.0,-7.248999231990183e-05,-53.50031792816832,0.025009789906040258
1.0,4.846497562382979e-05,-53.50031361891856,0.025009789906040258
1.0,-0.00011784026375849521,-53.5003292612328,0.025009789906040258
1.0,-1.297322983884186e-05,-53.500432874539825,0.025009789906040258
1.0,7.850906920570111e-06,-53.50030495756577,0.025009789906040258
1.0,0.0001142875612956118,-53.500412040019256,0.025009789906040258
1.0,-7.127318619382095e-05,-53.500365637434335,0.025009789906040258
1.0,4.441652412268127e-05,-53.500177437071386,0.025009789906040258
1.0,-7.897347907181995e-06,-53.50017667963602,0.025009789906040258
1.0,2.7591853879904704e-05,-53.500212568955355,0.025009789906040258
1.0,6.346053132766372e-06,-53.500462187022826,0.025009789906040258
1.0,-8.085356656195586e-05,-53.50038406622121,0.025009789906040258
1.0,8.474002432734551e-05,-53.50041383071155,0.025009789906040258
1.0,0.00016575788303896388,-53.50027559869334,0.025009789906040258
1.0,2.513804636006256e-05,-53.50029193434685,0.025009789906040258
1.0,-0.00015218235968461613,-53.500301179445614,0.025009789906040258
1.0,-0.00015633391875979896,-53.50020511159329,0.025009789906040258
1.0,7.928623660546918e-05,-53.50039334952158,0.025009789906040258
1.0,-0.00017218337175251008,-53.50034284513169,0.025009789906040258
1.0,-7.778155986315483e-05,-53.50027208938005,0.025009789906040258
1.0,-4.259727225708332e-05,-53.50027435187823,0.025009789906040258
1.0,-7.135349085629628e-05,-53.50017956285386,0.025009789906040258
1.0,4.813783077395328e-05,-53.500402397244684,0.025009789906040258
1.0,6.67267342038258e-05,-53.50041711998888,0.025009789906040258
1.0,9.433727172947215e-05,-53.50030259155725,0.025009789906040258
1.0,-5.8650868826504166e-05,-53.50019822937582,0.025009789906040258
1.0,9.608184670284459e-05,-53.50028765100599,0.025009789906040258
1.0,-0.00017292074712571548,-53.50023132707786,0.025009789906040258
1.0,0.0001029834941448371,-53.50019134937399,0.025009789906040258
1.0,1.8425429606949706e-05,-53.50042847598663,0.025009789906040258
1.0,0.00010942333556940298,-53.50041479402499,0.025009789906040258
1.0,-1.5054705088779485e-05,-53.500176831531085,0.025009789906040258
1.0,-2.426292832691246e-05,-53.50018001226378,0.025009789906040258
1.0,-0.00017452534429196476,-53.50027624044688,0.025009789906040258
1.0,4.571742907799603e-05,-53.500190741672235,0.025009789906040258
1.0,-3.150220570447004e-05,-53.50017868539939,0.025009789906040258
1.0,4.2766000880600785e-06,-53.500435648856694,0.025009789906040258
1.0,-0.00010612000578191783,-53.50033613815451,0.025009789906040258
1.0,-8.479514347214945e-05,-53.500254864884,0.025009789906040258
1.0,-0.00010756713446369304,-53.50036638674877,0.025009789906040258
1.0,5.082525910182767e-05,-53.50039042941099,0.025009789906040258
1.0,-0.00011383129014674864,-53.50019726206831,0.025009789906040258
1.0,-4.982010192122743e-05,-53.50039819276701,0.025009789906040258
1.0,0.0001444052676546903,-53.500214050488495,0.025009789906040258
1.0,8.260075297172875e-05,-53.500345780960515,0.025009789906040258
1.0,-6.243440635245179e-05,-53.50044285956486,0.025009789906040258
1.0,-0.00010834238190327028,-53.50018526440189,0.025009789906040258
1.0,1.74831949006915e-05,-53.5001762480924,0.025009789906040258
1.0,1.7380127474098117e-05,-53.50039286086406,0.025009789906040258
1.0,4.821883891459322e-05,-53.50037265265256,0.025009789906040258
1.0,-5.358038886704719e-05,-53.50025562682331,0.025009789906040258
1.0,-8.130751936619163e-05,-53.50018215107907,0.025009789906040258
1.0,-0.0001760417546634585,-53.50028111045505,0.025009789906040258
1.0,-2.4456226088709343e-05,-53.50020471042086,0.025009789906040258
1.0,6.0061620892781775e-05,-53.50037509836333,0.025009789906040258
1.0,-0.0001065292390904915,-53.50018768915463,0.025009789906040258
1.0,-5.655325231046504e-05,-53.50030464835487,0.025009789906040258
1.0,-0.00010025862340867775,-53.5001822459203,0.025009789906040258
1.0,0.0001188326841088383,-53.50023723772146,0.025009789906040258
1.0,-8.727784451068032e-05,-53.50018727328934,0.025009789906040258
1.0,0.00010216999012158112,-53.500287079913434,0.025009789906040258
1.0,4.00405007869864e-05,-53.500271127806286,0.025009789906040258
1.0,5.8321997171262296e-05,-53.50024898276001,0.025009789906040258
1.0,-7.744683300714428e-05,-53.50018724833453,0.025009789906040258
1.0,-0.0001807126769577394,-53.50029894940725,0.025009789906040258
1.0,7.667193263927174e-05,-53.5001921561899,0.025009789906040258
1.0,7.269343161908637e-05,-53.500251878901366,0.025009789906040258
1.0,1.4941518600153358e-05,-53.50032777881174,0.025009789906040258
1.0,-0.0001064456594193075,-53.50026750125972,0.025009789906040258
1.0,-5.6040202547791296e-05,-53.50042987770371,0.025009789906040258
1.0,-7.111555157734983e-05,-53.50030104475873,0.025009789906040258
1.0,0.00017932827381628158,-53.50025964150926,0.025009789906040258
1.0,-9.91453307079837e-05,-53.50032200793325,0.025009789906040258
1.0,9.627773032860887e-05,-53.50026610579374,0.025009789906040258
1.0,-8.93812484967782e-05,-53.500303246250716,0.025009789906040258
1.0,6.408060589713216e-05,-53.500182365804804,0.025009789906040258
1.0,0.00014225904099873787,-53.50038155254417,0.025009789906040258
1.0,5.028379234950364e-05,-53.50036425122136,0.025009789906040258
1.0,-3.5365195694136986e-06,-53.50018338300186,0.025009789906040258
1.0,-0.00010679305033178821,-53.50040746157534,0.025009789906040258
1.0,-4.516637856966099e-05,-53.50031546034086,0.025009789906040258
1.0,4.809645859360501e-05,-53.50019178504669,0.025009789906040258
1.0,-1.038185428736682e-05,-53.50019516876444,0.025009789906040258
1.0,-5.7746308016248804e-05,-53.50044172904077,0.025009789906040258
1.0,-9.351270133350909e-05,-53.50019675279453,0.025009789906040258
1.0,5.6945277730591215e-05,-53.500360508903576,0.025009789906040258
1.0,-5.808357310144174e-05,-53.500331862503415,0.025009789906040258
1.0,-1.8523023310734743e-06,-53.50031029490279,0.025009789906040258
1.0,0.00010296921791663749,-53.50029806100715,0.025009789906040258
1.0,9.333935884114908e-05,-53.50042565482172,0.025009789906040258
1.0,-6.265112588899058e-05,-53.50018194061276,0.025009789906040258
1.0,-0.00013612342667101984,-53.500390091162515,0.025009789906040258
1.0,5.6782676601585536e-05,-53.50029563197603,0.025009789906040258
1.0,-4.0765538168230364e-05,-53.500177316973385,0.025009789906040258
1.0,9.50643307469079e-05,-53.50033091682921,0.025009789906040258
1.0,-9.314979403285406e-05,-53.50018185288897,0.025009789906040258
1.0,0.00010342650377381801,-53.50028002014665,0.025009789906040258
1.0,3.532540143424967e-05,-53.50044470172094,0.025009789906040258
1.0,-7.087347589163073e-05,-53.50028698994925,0.025009789906040258
1.0,6.728190640181708e-06,-53.500383828596846,0.025009789906040258
1.0,-2.2869931425972823e-05,-53.50039631473433,0.025009789906040258
1.0,-0.00014703058638332323,-53.50037471459899,0.025009789906040258
1.0,-3.165181357545066e-05,-53.500408102766855,0.025009789906040258
1.0,-0.000152491664366039,-53.50030358444884,0.025009789906040258
1.0,0.00011628526372930992,-53.500206583294336,0.025009789906040258
1.0,-4.209458404424993e-05,-53.500190072473465,0.025009789906040258
1.0,-0.00011972755172351413,-53.50018589334531,0.025009789906040258
1.0,4.501885744545575e-05,-53.50021337640755,0.025009789906040258
1.0,0.00010768956517992478,-53.50018344750767,0.025009789906040258
1.0,-3.5481366074563425e-05,-53.50026937729521,0.025009789906040258
1.0,9.901615100815775e-05,-53.50031698352565,0.025009789906040258
1.0,3.901802169892221e-05,-53.50044181608826,0.025009789906040258
1.0,-4.277806929842143e-05,-53.500339235859826,0.025009789906040258
1.0,-0.00012145960364051689,-53.500343503772825,0.025009789906040258
1.0,0.00011617658078222348,-53.50037299430417,0.025009789906040258
1.0,-4.96145809094628e-05,-53.50031576536776,0.025009789906040258
1.0,-8.148009602138018e-06,-53.500364069274895,0.025009789906040258
1.0,-0.00011237721605894535,-53.50034047865794,0.025009789906040258
1.0,3.063395410141112e-05,-53.500179843611626,0.025009789906040258
1.0,-4.514436181546344e-06,-53.5002314296553,0.025009789906040258
1.0,5.888665745601429e-05,-53.50033052617179,0.025009789906040258
1.0,4.905515752007261e-05,-53.50018624239832,0.025009789906040258
1.0,-4.422014484006809e-05,-53.50032533274779,0.025009789906040258
1.0,1.5542791267808553e-05,-53.50023677779063,0.025009789906040258
1.0,-6.330065507853533e-05,-53.500192557640524,0.025009789906040258
1.0,9.743304478604387e-05,-53.50024905429787,0.025009789906040258
1.0,-1.0843013279249192e-05,-53.50036596539137,0.025009789906040258
1.0,-4.3167330590065944e-06,-53.500321893397796,0.025009789906040258
1.0,7.5961116014156e-05,-53.50031155072779,0.025009789906040258
1.0,0.00015165329524791105,-53.50033869871194,0.025009789906040258
1.0,-4.3163079102015445e-05,-53.50041444396958,0.025009789906040258
1.0,3.332313236903417e-05,-53.50038137689038,0.025009789906040258
1.0,-0.00012989101799831815,-53.50032263231842,0.025009789906040258
1.0,3.313747677680112e-05,-53.500273990487344,0.025009789906040258
1.0,4.5900465677206626e-05,-53.50032346014225,0.025009789906040258
1.0,-0.00014856090642467734,-53.500195681771714,0.025009789906040258
1.0,-0.00010771685869670478,-53.50037167605332,0.025009789906040258
1.0,-6.816622340366507e-05,-53.50024912760901,0.025009789906040258
1.0,4.9091816336499505e-05,-53.50031765993168,0.025009789906040258
1.0,-0.00010704951811035812,-53.50041907879714,0.025009789906040258
1.0,2.488532935895904e-05,-53.50019260611883,0.025009789906040258
1.0,-0.0001847360127484876,-53.50030109998333,0.025009789906040258
1.0,-0.00015281876638084668,-53.500375766796694,0.025009789906040258
1.0,0.0001229503982713709,-53.500386589554616,0.025009789906040258
1.0,0.00011101096678345357,-53.50038464884326,0.025009789906040258
1.0,-9.177965592144233e-05,-53.50040453889834,0.025009789906040258
1.0,1.821345255326179e-05,-53.50021874697386,0.025009789906040258
1.0,0.00012654559801461573,-53.50029022313229,0.025009789906040258
1.0,-3.6444068112206907e-06,-53.50025917413204,0.025009789906040258
1.0,0.0001891702367586845,-53.500280583891296,0.025009789906040258
1.0,5.066535961972818e-05,-53.50032183523993,0.025009789906040258
1.0,0.00011197242609384261,-53.500230321978975,0.025009789906040258
1.0,0.00010393562856947369,-53.50036703270847,0.025009789906040258
1.0,4.64245504741001e-05,-53.500268665456865,0.025009789906040258
1.0,7.811155076353771e-05,-53.50021496105587,0.025009789906040258
1.0,-4.376186219445799e-05,-53.50038917295192,0.025009789906040258
1.0,-0.00015122270789191816,-53.50030283166249,0.025009789906040258
1.0,9.987162639291114e-05,-53.50039461924827,0.025009789906040258
1.0,7.788765937633002e-05,-53.500263003809856,0.025009789906040258
1.0,0.00013104091025439857,-53.50032342342304,0.025009789906040258
1.0,9.904450718245528e-06,-53.500429659694866,0.025009789906040258
1.0,-7.194198774840288e-05,-53.50018152655268,0.025009789906040258
1.0,2.7088043302869735e-06,-53.50018355769852,0.025009789906040258
1.0,0.00012904709549843574,-53.500245169636045,0.025009789906040258
1.0,2.602122996986367e-05,-53.50017696127557,0.025009789906040258
1.0,-4.5155780654226874e-05,-53.50031160182707,0.025009789906040258
1.0,-1.7078910454770835e-05,-53.500321713239465,0.025009789906040258
1.0,6.782508246061525e-05,-53.500302701821234,0.025009789906040258
1.0,-0.0001227251137763119,-53.50028969843764,0.025009789906040258
1.0,0.00010195194611029024,-53.500328592925875,0.025009789906040258
1.0,-7.605122859644098e-05,-53.50026546719276,0.025009789906040258
1.0,-2.6523652803867037e-05,-53.50035261530262,0.025009789906040258
1.0,2.4234303138470636e-05,-53.500186695104006,0.025009789906040258
1.0,-4.591471223136523e-05,-53.50040401315832,0.025009789906040258
1.0,-4.9078082639653076e-05,-53.50018539161435,0.025009789906040258
1.0,7.108282531831378e-05,-53.500203714390736,0.025009789906040258
1.0,-3.359994794749355e-05,-53.500177455048934,0.025009789906040258
1.0,-8.976527669801726e-05,-53.50023960649341,0.025009789906040258
1.0,4.001875009862488e-05,-53.50041814292358,0.025009789906040258
1.0,-3.380145623177455e-06,-53.500279718660536,0.025009789906040258
1.0,2.1531457135459675e-05,-53.50037479981523,0.025009789906040258
1.0,-3.774574411252729e-06,-53.50035950710298,0.025009789906040258
1.0,-7.213348317591795e-05,-53.500342482712554,0.025009789906040258
1.0,9.118909920857732e-05,-53.50027807274077,0.025009789906040258
1.0,-6.451061490864163e-05,-53.50036737552993,0.025009789906040258
1.0,0.00014686860178869665,-53.50030845753829,0.025009789906040258
1.0,2.1449474775891986e-05,-53.50032263403228,0.025009789906040258
1.0,2.9408282149034903e-05,-53.50041208198101,0.025009789906040258
1.0,-2.1234748884602084e-05,-53.50025985810297,0.025009789906040258
1.0,-3.837900785619297e-05,-53.50041620308673,0.025009789906040258
1.0,-0.0001621514949192715,-53.50023978819932,0.025009789906040258
1.0,5.5312785747219095e-05,-53.50035027189695,0.025009789906040258
1.0,-7.414962081853105e-05,-53.500247585273456,0.025009789906040258
1.0,3.46860621114331e-05,-53.500182786926544,0.025009789906040258
1.0,-0.00012246358051015704,-53.500388253553865,0.025009789906040258
1.0,0.00013322281917282908,-53.50039052672557,0.025009789906040258
1.0,6.64474817462235e-05,-53.50041374509884,0.025009789906040258
1.0,0.00016482194232025904,-53.50025669134793,0.025009789906040258
1.0,0.0001765235507775742,-53.50022719372912,0.025009789906040258
1.0,2.3722669512338257e-05,-53.50018203227434,0.025009789906040258
1.0,-0.00015865950349081004,-53.50026032920059,0.025009789906040258
1.0,-9.785200411371875e-05,-53.500234809218114,0.025009789906040258
1.0,0.00011769251005233627,-53.50040860782908,0.025009789906040258
1.0,0.00017570436599356754,-53.500325235859464,0.025009789906040258
1.0,-0.00015476113318868556,-53.50032548126779,0.025009789906040258
1.0,-9.687169883676461e-05,-53.50018491713326,0.025009789906040258
1.0,0.0001233955463888492,-53.50036944881514,0.025009789906040258
1.0,-5.080888473152356e-05,-53.50045033024006,0.025009789906040258
1.0,7.631114471706724e-05,-53.50030922169571,0.025009789906040258
1.0,-7.442632968590601e-05,-53.500322094160595,0.025009789906040258
1.0,4.373120767908745e-05,-53.50019120563031,0.025009789906040258
1.0,-0.00010308422861626809,-53.50034975193299,0.025009789906040258
1.0,-6.49847911020629e-05,-53.50034627677928,0.025009789906040258
1.0,8.678562940644952e-05,-53.50026964027166,0.025009789906040258
1.0,-6.740515363290456e-05,-53.500321058977974,0.025009789906040258
1.0,-3.454443575634514e-05,-53.500380127996785,0.025009789906040258
1.0,5.260718188537794e-05,-53.50020701503473,0.025009789906040258
1.0,-8.086094634407459e-05,-53.500321309665225,0.025009789906040258
1.0,-2.760209627794552e-05,-53.50018408959692,0.025009789906040258
1.0,-2.156250773577284e-05,-53.50020460286014,0.025009789906040258
1.0,3.929513783518246e-05,-53.5003740828083,0.025009789906040258
1.0,-9.90438390857662e-05,-53.50018247839094,0.025009789906040258
1.0,0.00013667367922920448,-53.50038438219281,0.025009789906040258
1.0,6.486215397316641e-05,-53.50027243052188,0.025009789906040258
1.0,-7.72806995534836e-05,-53.50026373377841,0.025009789906040258
1.0,-0.00013152755935408322,-53.50029589630359,0.025009789906040258
1.0,-0.0001749101749055626,-53.50023422754962,0.025009789906040258
1.0,-1.6301468978241473e-05,-53.50043781335102,0.025009789906040258
1.0,-6.959523564020742e-05,-53.50037190055699,0.025009789906040258
1.0,8.305240756811827e-05,-53.500226461855306,0.025009789906040258
1.0,7.253153573216764e-05,-53.50042157942866,0.025009789906040258
1.0,-0.00014363799984806747,-53.50037731096576,0.025009789906040258
1.0,4.789196704635401e-05,-53.500376732842724,0.025009789906040258
1.0,4.276811203141051e-05,-53.50038708183193,0.025009789906040258
1.0,-6.521236395684582e-05,-53.500269475982094,0.025009789906040258
1.0,0.00011316670602923296,-53.50027283619369,0.025009789906040258
1.0,0.00010999563362190656,-53.50031601777276,0.025009789906040258
1.0,9.330634410531502e-05,-53.50023465299138,0.025009789906040258
1.0,-1.9654539017643913e-05,-53.5002719494816,0.025009789906040258
1.0,0.00017043979778463836,-53.500315691259615,0.025009789906040258
1.0,-0.00010468250264494827,-53.50038482305326,0.025009789906040258
1.0,-6.889475718452331e-05,-53.50043025647004,0.025009789906040258
1.0,-1.9296765404241967e-05,-53.50039359182131,0.025009789906040258
1.0,0.0001340543433059338,-53.50037625431829,0.025009789906040258
1.0,-0.0001797351982943951,-53.50028339777104,0.025009789906040258
1.0,-0.0001000835726756577,-53.50027326799079,0.025009789906040258
1.0,4.9607906131399204e-05,-53.50024531644432,0.025009789906040258
1.0,-2.2042206405004094e-05,-53.500424626347126,0.025009789906040258
1.0,4.962152310206136e-05,-53.50040830125608,0.025009789906040258
1.0,6.301331705316215e-05,-53.50036921272023,0.025009789906040258
1.0,-9.86897693202593e-05,-53.50022771020838,0.025009789906040258
1.0,-0.00014356022294492732,-53.500243421583264,0.025009789906040258
1.0,-1.699701604046533e-07,-53.500400961109314,0.025009789906040258
1.0,2.6737263437048853e-05,-53.50028592259028,0.025009789906040258
1.0,4.8008955113587604e-05,-53.50018989679459,0.025009789906040258
1.0,7.171779177639337e-05,-53.50023695395916,0.025009789906040258
1.0,-0.00010003845855877103,-53.50028494751828,0.025009789906040258
1.0,-2.4763805390293214e-05,-53.5004374481379,0.025009789906040258
1.0,0.00010684523820003733,-53.500374674157285,0.025009789906040258
1.0,0.00011650154793940715,-53.50032658736728,0.025009789906040258
1.0,0.00010055850412271639,-53.50040160533317,0.025009789906040258
1.0,-2.0438727603711015e-05,-53.500285979869645,0.025009789906040258
1.0,-8.035308698861598e-06,-53.500331150616645,0.025009789906040258
1.0,2.2101598776913534e-05,-53.50044238858061,0.025009789906040258
1.0,-2.9426542065280614e-06,-53.50031273994233,0.025009789906040258
1.0,5.201950156674684e-05,-53.50020576383705,0.025009789906040258
1.0,9.311500084407953e-05,-53.500204475662855,0.025009789906040258
1.0,8.714276010124422e-05,-53.50023694522669,0.025009789906040258
1.0,-0.00013651032400474605,-53.50036015963878,0.025009789906040258
1.0,-8.301407775590519e-05,-53.50020555855245,0.025009789906040258
1.0,6.311168390737976e-05,-53.5002124678313,0.025009789906040258
1.0,-1.4425634929260411e-05,-53.500359685254395,0.025009789906040258
1.0,0.00014400353782662023,-53.50024609326816,0.025009789906040258
1.0,8.656900491388342e-05,-53.500372233725514,0.025009789906040258
1.0,-6.759719647320139e-05,-53.50024148565789,0.025009789906040258
1.0,3.049810310074008e-05,-53.5004129751982,0.025009789906040258
1.0,0.00011553209096248906,-53.50018459964458,0.025009789906040258
1.0,5.669193569346476e-05,-53.500448245240584,0.025009789906040258
1.0,-1.1231871867689591e-05,-53.50024535357191,0.025009789906040258
1.0,2.7549596783416064e-05,-53.500329132790945,0.025009789906040258
1.0,-6.482033646193486e-05,-53.50017961103503,0.025009789906040258
1.0,-3.704517979130628e-05,-53.500182265517324,0.025009789906040258
1.0,-0.00011767337136703304,-53.50026730078334,0.025009789906040258
1.0,-9.390402417253085e-05,-53.50035078023994,0.025009789906040258
1.0,-0.00015960375194623566,-53.50026773967952,0.025009789906040258
1.0,0.00017501268032305006,-53.50025956051687,0.025009789906040258
1.0,-2.655235990967064e-06,-53.500431837902426,0.025009789906040258
1.0,-0.0001087396079455516,-53.50021048345344,0.025009789906040258
1.0,2.7808342965229826e-05,-53.50029182538042,0.025009789906040258
1.0,-3.040260750353241e-05,-53.50042096200558,0.025009789906040258
1.0,3.433828148047269e-05,-53.50031046306135,0.025009789906040258
1.0,6.131462191305559e-05,-53.500343385807895,0.025009789906040258
1.0,-2.38769549121276e-06,-53.50024162515676,0.025009789906040258
1.0,-6.385741797387823e-05,-53.50044371376846,0.025009789906040258
1.0,0.00011612350598610988,-53.50025802400467,0.025009789906040258
1.0,6.422194960364891e-05,-53.50035635381034,0.025009789906040258
1.0,7.427393100556401e-05,-53.50039334823473,0.025009789906040258
1.0,0.00011839802573376801,-53.50035876323855,0.025009789906040258
1.0,-3.275200150021362e-05,-53.50025808199982,0.025009789906040258
1.0,3.5445531537448005e-05,-53.50017665153703,0.025009789906040258
1.0,5.673278459639164e-05,-53.500330921257046,0.025009789906040258
1.0,1.2743959702188334e-05,-53.50019852876835,0.025009789906040258
1.0,-7.995464857302181e-05,-53.500362074746086,0.025009789906040258
1.0,2.5019824167138438e-05,-53.50041074752725,0.025009789906040258
1.0,-1.3044084476110385e-05,-53.50028295339138,0.025009789906040258
1.0,0.0001416842165369303,-53.500308993967636,0.025009789906040258
1.0,0.00012489293618500596,-53.5002156087952,0.025009789906040258
1.0,-4.745132754813142e-05,-53.50044082236649,0.025009789906040258
1.0,-0.00011564090824123241,-53.500264643252265,0.025009789906040258
1.0,7.729949395951508e-05,-53.500256303035684,0.025009789906040258
1.0,-5.719294292916288e-05,-53.50042251582235,0.025009789906040258
1.0,0.00010905912517245042,-53.50035918576248,0.025009789906040258
1.0,0.00010396085357200491,-53.500281831806376,0.025009789906040258
1.0,9.08774251584532e-05,-53.50026620504007,0.025009789906040258
1.0,-0.00012066534278432073,-53.50036502687882,0.025009789906040258
1.0,0.00017038286450343776,-53.500240644206016,0.025009789906040258
1.0,-3.9861564151699724e-06,-53.500252730124984,0.025009789906040258
1.0,-0.00017393090904960218,-53.50027874223903,0.025009789906040258
1.0,5.038966787473953e-05,-53.500195131780536,0.025009789906040258
1.0,-5.881665521201285e-05,-53.50042537958366,0.025009789906040258
1.0,6.098483667926757e-05,-53.50037555847618,0.025009789906040258
1.0,-7.970585932071117e-05,-53.50022387000999,0.025009789906040258
1.0,8.269980408481814e-06,-53.500422367458604,0.025009789906040258
1.0,-0.00010778370883812727,-53.50026077879774,0.025009789906040258
1.0,-2.592432231018904e-05,-53.50036586833364,0.025009789906040258
1.0,-8.063300541039098e-05,-53.50033649820474,0.025009789906040258
1.0,-2.753662761012521e-05,-53.500300330910285,0.025009789906040258
1.0,0.0001560092274033309,-53.500271831636795,0.025009789906040258
1.0,5.4456472643238385e-05,-53.50042421388943,0.025009789906040258
1.0,5.886863071680182e-05,-53.500320930030206,0.025009789906040258
1.0,8.499974190456783e-05,-53.50018169801867,0.025009789906040258
1.0,-8.917202804425983e-05,-53.50037561237397,0.025009789906040258
1.0,-8.492137824234192e-05,-53.50041790548248,0.025009789906040258
1.0,5.40412590099848e-06,-53.500242227353795,0.025009789906040258
1.0,6.727822397634142e-06,-53.500262038786005,0.025009789906040258
1.0,1.3756256686647816e-05,-53.500395731127384,0.025009789906040258
1.0,-0.00011624542134924809,-53.500373445396725,0.025009789906040258
1.0,8.13561502219784e-05,-53.500256818353435,0.025009789906040258
1.0,-5.24083668160813e-05,-53.500276537639856,0.025009789906040258
1.0,0.00012939980763349013,-53.50024184964746,0.025009789906040258
1.0,6.611871874184772e-05,-53.50024908128481,0.025009789906040258
1.0,-2.356363202116185e-06,-53.50036729450526,0.025009789906040258
1.0,9.833577739470911e-05,-53.50018825380053,0.025009789906040258
1.0,6.230014738051182e-05,-53.500397391064936,0.025009789906040258
1.0,6.0874840805524855e-05,-53.500207559563975,0.025009789906040258
1.0,5.185730216794582e-05,-53.50024404088985,0.025009789906040258
1.0,8.168611618675214e-06,-53.500201376711075,0.025009789906040258
1.0,-7.466818622603455e-05,-53.500205317354926,0.025009789906040258
1.0,-6.025082344507382e-05,-53.50028071773738,0.025009789906040258
1.0,-0.00010319663632429865,-53.500393261262836,0.025009789906040258
1.0,-0.0001577249529987057,-53.5002473437505,0.025009789906040258
1.0,-1.5836328298490798e-05,-53.50029991097709,0.025009789906040258
1.0,5.080358196529744e-05,-53.50017769821387,0.025009789906040258
1.0,-0.00013494086793741644,-53.500394532395454,0.025009789906040258
1.0,0.00012284520066430105,-53.500317769806514,0.025009789906040258
1.0,-0.00011334373487770222,-53.50029230214077,0.025009789906040258
1.0,-5.868076614490292e-05,-53.50040580980347,0.025009789906040258
1.0,6.993185751369424e-05,-53.50017957092729,0.025009789906040258
1.0,-0.00011554220581189156,-53.50030830750404,0.025009789906040258
1.0,-3.7356961255952115e-05,-53.50038726222591,0.025009789906040258
1.0,-8.382548854513061e-05,-53.50033924072194,0.025009789906040258
1.0,-8.296417636088904e-05,-53.50020142673385,0.025009789906040258
1.0,-0.00010208801789701738,-53.50030362436734,0.025009789906040258
1.0,0.0001218998186374165,-53.50028117629879,0.025009789906040258
1.0,4.673910010311033e-05,-53.50035019147275,0.025009789906040258
1.0,6.676068272071234e-05,-53.50044488659775,0.025009789906040258
1.0,-2.149901619841188e-05,-53.50037597115286,0.025009789906040258
1.0,7.174803602438828e-05,-53.5003006948592,0.025009789906040258
1.0,-0.00010995664817770034,-53.500247168842535,0.025009789906040258
1.0,-8.996059387200717e-05,-53.500315214840526,0.025009789906040258
1.0,5.04470857798367e-05,-53.50028819465687,0.025009789906040258
1.0,5.181614953331248e-06,-53.50020463687392,0.025009789906040258
1.0,-4.8587114431342115e-05,-53.50043575531912,0.025009789906040258
1.0,1.7058113223278326e-05,-53.50029560327128,0.025009789906040258
1.0,9.355846524883304e-05,-53.5003436592896,0.025009789906040258
1.0,4.7250911386353955e-07,-53.50037638808448,0.025009789906040258
1.0,0.00013901837110097404,-53.50025533859085,0.025009789906040258
1.0,-6.776076102710249e-05,-53.50028859804067,0.025009789906040258
1.0,-1.5451888105921796e-05,-53.50037707652526,0.025009789906040258
1.0,-2.9920705782338075e-05,-53.50017641632022,0.025009789906040258
1.0,0.00014947036224555177,-53.50027450246535,0.025009789906040258
1.0,-0.00010697441825868736,-53.50037278605726,0.025009789906040258
1.0,-5.279722660134212e-05,-53.50028475989679,0.025009789906040258
1.0,9.699896108372741e-05,-53.5003914844413,0.025009789906040258
1.0,4.842385396841564e-05,-53.50018320119694,0.025009789906040258
1.0,-0.00012868721589143206,-53.500357415395825,0.025009789906040258
1.0,6.426829084560381e-05,-53.500300883426284,0.025009789906040258
1.0,-2.35327324249468e-05,-53.50033285355921,0.025009789906040258
1.0,0.00013006527667158707,-53.50037874453592,0.025009789906040258
1.0,-3.1099420489510976e-05,-53.500323650809754,0.025009789906040258
1.0,7.074074003909914e-05,-53.50023775203341,0.025009789906040258
1.0,0.00012384230598172508,-53.500298892699405,0.025009789906040258
1.0,-0.00015944397230072127,-53.500204536628154,0.025009789906040258
1.0,4.668573417276889e-05,-53.500204214150585,0.025009789906040258
1.0,-5.557829214097865e-05,-53.500374125496776,0.025009789906040258
1.0,6.298601429577388e-05,-53.5004223299614,0.025009789906040258
1.0,-4.664044663371669e-05,-53.50018222434665,0.025009789906040258
1.0,0.000150092058710527,-53.50038698955015,0.025009789906040258
1.0,-2.4286820385910346e-05,-53.50043479781637,0.025009789906040258
1.0,-0.00017821658642702687,-53.500238045632805,0.025009789906040258
1.0,0.00011943983352225018,-53.500210125755316,0.025009789906040258
1.0,3.802328224189466e-05,-53.50020606643868,0.025009789906040258
1.0,6.838113257856548e-05,-53.50040282681681,0.025009789906040258
1.0,1.6958685416845753e-05,-53.50028383708921,0.025009789906040258
1.0,1.6958067355354878e-06,-53.500317856422924,0.025009789906040258
1.0,-1.638998376574108e-05,-53.500192081804,0.025009789906040258
1.0,-8.267044360721343e-05,-53.50039694305269,0.025009789906040258
1.0,6.307017914508606e-05,-53.500193504950495,0.025009789906040258
1.0,3.1071367256885196e-05,-53.50031180016705,0.025009789906040258
1.0,-1.9304437213207848e-05,-53.50039890448677,0.025009789906040258
1.0,-0.00011798951457109297,-53.500340971337515,0.025009789906040258
1.0,-4.739240531392852e-05,-53.50025631312408,0.025009789906040258
1.0,6.149048753911757e-05,-53.50043635794266,0.025009789906040258
1.0,-5.151065157749102e-06,-53.50034980573712,0.025009789906040258
1.0,-2.7210695275670105e-05,-53.500292662886935,0.025009789906040258
1.0,-8.671930518744375e-05,-53.50019136043173,0.025009789906040258
1.0,-8.956516253988411e-05,-53.50029346320789,0.025009789906040258
1.0,-9.540494314008718e-07,-53.500347372667704,0.025009789906040258
1.0,2.8351991538499988e-05,-53.50039905974138,0.025009789906040258
1.0,0.00015039986485732015,-53.500288130585886,0.025009789906040258
1.0,2.0419293771389846e-05,-53.5002274765199,0.025009789906040258
1.0,0.00011176789056577263,-53.50039560858268,0.025009789906040258
1.0,8.697487036357643e-06,-53.500199274363446,0.025009789906040258
1.0,-4.378172939034641e-05,-53.50027355994478,0.025009789906040258
1.0,-0.00015312587169802327,-53.5002521628483,0.025009789906040258
1.0,-4.228050382870663e-05,-53.50025805878657,0.025009789906040258
1.0,-0.00010962838256389773,-53.50033484088745,0.025009789906040258
1.0,5.2638152233441815e-05,-53.50043418920672,0.025009789906040258
1.0,-6.659495861427445e-05,-53.50024985885222,0.025009789906040258
1.0,-0.00013348768005982947,-53.50020700561029,0.025009789906040258
1.0,5.711462518931398e-05,-53.50033414029338,0.025009789906040258
1.0,9.762653935041499e-06,-53.5003228681333,0.025009789906040258
1.0,8.968261237640718e-05,-53.5002323788752,0.025009789906040258
1.0,-1.679522292530322e-05,-53.50019255854811,0.025009789906040258
1.0,-5.9235261542056605e-05,-53.500339156220875,0.025009789906040258
1.0,-0.0001251390207741565,-53.50023412192267,0.025009789906040258
1.0,2.01295284174563e-05,-53.50031556171999,0.025009789906040258
1.0,-2.6037477186768854e-05,-53.50017793700545,0.025009789906040258
1.0,2.2116729847532213e-05,-53.5004020192758,0.025009789906040258
1.0,7.269728070724568e-05,-53.50042270336302,0.025009789906040258
1.0,-7.710413857253684e-05,-53.500244532680824,0.025009789906040258
1.0,0.00012387353857690186,-53.50029779584702,0.025009789906040258
1.0,8.55666649313136e-06,-53.500234936312054,0.025009789906040258
1.0,3.281858656123404e-05,-53.50033419574231,0.025009789906040258
1.0,-5.0043425243728734e-05,-53.500326307398765,0.025009789906040258
1.0,-0.00013280613120514317,-53.5002873567386,0.025009789906040258
1.0,0.00011620365311415526,-53.500416489982584,0.025009789906040258
1.0,-0.00014630270783300148,-53.50020906488423,0.025009789906040258
1.0,5.26024317171192e-05,-53.50035718068742,0.025009789906040258
1.0,-0.0001606930309492327,-53.500338545634584,0.025009789906040258
1.0,7.849710371132801e-05,-53.50021938185324,0.025009789906040258
1.0,-2.1645192731511997e-05,-53.50043252436771,0.025009789906040258
1.0,0.00015997198693185055,-53.500212245531046,0.025009789906040258
1.0,-0.00015885816796412655,-53.50023223192502,0.025009789906040258
1.0,-4.156343185179878e-06,-53.50032165604143,0.025009789906040258
1.0,1.6884124116600674e-05,-53.500378103332025,0.025009789906040258
1.0,7.150649640053075e-05,-53.50017919905215,0.025009789906040258
1.0,1.4827410014461861e-05,-53.50036714530495,0.025009789906040258
1.0,5.771445251312457e-05,-53.500375789548514,0.025009789906040258
1.0,-6.61149929310767e-05,-53.50020779700741,0.025009789906040258
1.0,-7.755618043780999e-06,-53.50043004958502,0.025009789906040258
1.0,3.6436511470228083e-05,-53.50032043272265,0.025009789906040258
1.0,4.451448508646649e-05,-53.50017715196272,0.025009789906040258
1.0,6.437684916704711e-05,-53.50029619853357,0.025009789906040258
1.0,-9.758810255888761e-05,-53.5002418075083,0.025009789906040258
1.0,9.761244619355125e-05,-53.50025692399659,0.025009789906040258
1.0,-0.00010062076682615384,-53.50019883060062,0.025009789906040258
1.0,-5.5513885707014765e-05,-53.50018028741112,0.025009789906040258
1.0,-2.656846180393302e-05,-53.500408677700094,0.025009789906040258
1.0,-4.635141549469424e-06,-53.50040953681202,0.025009789906040258
1.0,0.00010272407449818388,-53.50028565843023,0.025009789906040258
1.0,-3.3914098086285094e-05,-53.500409439149635,0.025009789906040258
1.0,-2.211081836822615e-05,-53.500459031611726,0.025009789906040258
1.0,0.00015598430288576992,-53.50020198295754,0.025009789906040258
1.0,2.851018309524278e-05,-53.50017725958078,0.025009789906040258
1.0,7.231502724280858e-05,-53.50042934594583,0.025009789906040258
1.0,1.8294485492731383e-05,-53.50031524155986,0.025009789906040258
1.0,5.6672371364641094e-05,-53.500383431295816,0.025009789906040258
1.0,4.203772504673964e-05,-53.500193841478904,0.025009789906040258
1.0,-7.249219488514314e-05,-53.50029639709307,0.025009789906040258
1.0,-0.00016352774225936173,-53.50028663678345,0.025009789906040258
1.0,-0.00010087843925887796,-53.50042779492537,0.025009789906040258
1.0,-3.1813726730334224e-05,-53.50032851967507,0.025009789906040258
1.0,7.697177333909622e-05,-53.500211065601796,0.025009789906040258
1.0,0.0001451387478184074,-53.50035990547965,0.025009789906040258
1.0,0.00017950020540524747,-53.50033651687419,0.025009789906040258
1.0,0.0001514888483953314,-53.50022529856081,0.025009789906040258
1.0,-0.00012382483464534744,-53.50030576480462,0.025009789906040258
1.0,0.00014374312610243578,-53.500382012805815,0.025009789906040258
1.0,0.00010321432032256439,-53.500207951512486,0.025009789906040258
1.0,-7.39769202766638e-05,-53.500180759093546,0.025009789906040258
1.0,-7.806216723693638e-05,-53.50042875361707,0.025009789906040258
1.0,-8.192449956112569e-05,-53.5002364024391,0.025009789906040258
1.0,-0.00011744757095044633,-53.50040052258939,0.025009789906040258
1.0,8.026397384952588e-06,-53.50017971971121,0.025009789906040258
1.0,0.00014254643625122299,-53.5003330129564,0.025009789906040258
1.0,-0.00011047725594437452,-53.50032337895374,0.025009789906040258
1.0,0.0001740580033882111,-53.50024488619954,0.025009789906040258
1.0,-0.00010297160367045421,-53.50040750776948,0.025009789906040258
1.0,-8.791134733243666e-05,-53.50018086465318,0.025009789906040258
1.0,-8.739017825831752e-05,-53.50038998402336,0.025009789906040258
1.0,4.04565238483201e-05,-53.50018329335055,0.025009789906040258
1.0,-0.00011065929487230619,-53.50034469085465,0.025009789906040258
1.0,-0.00013945247579982833,-53.50028567730628,0.025009789906040258
1.0,0.00011607755793718866,-53.50024236448199,0.025009789906040258
1.0,-0.00016816536052743913,-53.50035314866503,0.025009789906040258
1.0,7.243599853268279e-05,-53.50018039954663,0.025009789906040258
1.0,1.4797823349788075e-05,-53.500313678825634,0.025009789906040258
1.0,5.736780430476429e-06,-53.50023819383773,0.025009789906040258
1.0,0.00011638401898039774,-53.500256716926444,0.025009789906040258
1.0,-0.0001507456494138637,-53.50024746853475,0.025009789906040258
1.0,-6.313445258854244e-05,-53.50032405537182,0.025009789906040258
1.0,-7.91254112080253e-05,-53.50032811404953,0.025009789906040258
1.0,-4.468512815769543e-05,-53.50017722882386,0.025009789906040258
1.0,2.9882440527373433e-05,-53.50045787695657,0.025009789906040258
1.0,-0.00011176575888782736,-53.50029856451077,0.025009789906040258
1.0,-0.00010426546843689266,-53.5003915194218,0.025009789906040258
1.0,7.625976533276457e-05,-53.50026633897248,0.025009789906040258
1.0,-4.2684417131511054e-05,-53.50038960047837,0.025009789906040258
1.0,-1.1299365804351424e-05,-53.500226827211314,0.025009789906040258
1.0,-5.305857515303103e-05,-53.50025749477186,0.025009789906040258
1.0,-0.0001658540854592161,-53.5002239510563,0.025009789906040258
1.0,-0.00015172699040277848,-53.50028628320247,0.025009789906040258
1.0,8.640446663221724e-05,-53.50028499003709,0.025009789906040258
1.0,-0.0001048780873666999,-53.50023089405194,0.025009789906040258
1.0,-8.777525399494834e-05,-53.500401415582346,0.025009789906040258
1.0,3.304127137226942e-06,-53.50041898436436,0.025009789906040258
1.0,-7.917785583089199e-05,-53.50018031293863,0.025009789906040258
1.0,-0.0001541117583911955,-53.50029441166362,0.025009789906040258
1.0,0.00015719082470155854,-53.50030632022644,0.025009789906040258
1.0,-1.3182304043901638e-05,-53.50027021921541,0.025009789906040258
1.0,-0.000103568747992,-53.50042147934037,0.025009789906040258
1.0,0.00012013231899032917,-53.50027029372022,0.025009789906040258
1.0,4.816245898808802e-05,-53.50038071794087,0.025009789906040258
1.0,6.194976360163196e-05,-53.50035239051321,0.025009789906040258
1.0,0.0001271849661890201,-53.500320534681485,0.025009789906040258
1.0,-0.0001240320069655354,-53.50029547631941,0.025009789906040258
1.0,5.971576440089166e-05,-53.50041189553475,0.025009789906040258
1.0,-6.537212695434391e-05,-53.50021263253705,0.025009789906040258
1.0,9.279849132459717e-07,-53.500363477479226,0.025009789906040258
1.0,0.00012617741694143092,-53.50025105374728,0.025009789906040258
1.0,-3.6887363950022234e-06,-53.500293251580665,0.025009789906040258
1.0,-0.00015061898305646082,-53.50033250183279,0.025009789906040258
1.0,-9.935981410791328e-05,-53.50027738431141,0.025009789906040258
1.0,4.675135283127574e-06,-53.50031534010007,0.025009789906040258
1.0,7.856356257462949e-05,-53.500392368034,0.025009789906040258
1.0,3.3927173250791753e-06,-53.500252249478194,0.025009789906040258
1.0,1.7969367790193758e-05,-53.50021801965848,0.025009789906040258
1.0,0.00012486898322805473,-53.500277973866154,0.025009789906040258
1.0,-0.00012085384883064876,-53.50018556111511,0.025009789906040258
1.0,-4.594389155521128e-05,-53.500332208700584,0.025009789906040258
1.0,-0.00014381070197799772,-53.50026282901598,0.025009789906040258
1.0,8.098565239933464e-05,-53.50036173590421,0.025009789906040258
1.0,0.00015344896281277443,-53.50021341500121,0.025009789906040258
1.0,-9.500844772247774e-05,-53.50037187390507,0.025009789906040258
1.0,-7.207091127980902e-05,-53.50030324501921,0.025009789906040258
1.0,0.0001269675783674984,-53.50018544862249,0.025009789906040258
1.0,7.087865935773152e-05,-53.50020235913116,0.025009789906040258
1.0,-2.5430308714824434e-05,-53.50027896450388,0.025009789906040258
1.0,3.472656472247593e-05,-53.50032422752341,0.025009789906040258
1.0,6.0953157127840996e-05,-53.500351042581094,0.025009789906040258
1.0,6.241676059559609e-05,-53.500279012285716,0.025009789906040258
1.0,-4.923099763942673e-05,-53.500196099861505,0.025009789906040258
1.0,-7.095896057052187e-05,-53.50039910272943,0.025009789906040258
1.0,5.353501474125721e-06,-53.500328940295454,0.025009789906040258
1.0,-0.00010296164467504809,-53.50020373200641,0.025009789906040258
1.0,-0.00012155138674074806,-53.500198982279215,0.025009789906040258
1.0,3.364414170814456e-05,-53.50017682677431,0.025009789906040258
1.0,-8.824691412456787e-05,-53.50037242833208,0.025009789906040258
1.0,-8.686551193903824e-05,-53.50018219052839,0.025009789906040258
1.0,5.515473178441255e-05,-53.500178201098656,0.025009789906040258
1.0,-9.856190071744209e-05,-53.50040796406029,0.025009789906040258
1.0,0.00014018425743955731,-53.50037822884013,0.025009789906040258
1.0,-3.244667039226101e-05,-53.50038056515658,0.025009789906040258
1.0,2.791812285796169e-05,-53.5002217237232,0.025009789906040258
1.0,-8.344183518715909e-05,-53.500416025306365,0.025009789906040258
1.0,-1.833833718123401e-05,-53.50042613351289,0.025009789906040258
1.0,-2.8383132699261182e-05,-53.50035115694379,0.025009789906040258
1.0,7.352254521197921e-06,-53.50017602717196,0.025009789906040258
1.0,-6.789436907794766e-05,-53.500307176158664,0.025009789906040258
1.0,0.0001318927358013866,-53.50036867367913,0.025009789906040258
1.0,0.00014095592587892725,-53.50036189672981,0.025009789906040258
1.0,-2.613083099234359e-05,-53.500379591557746,0.025009789906040258
1.0,4.4270051299477586e-05,-53.50035405779551,0.025009789906040258
1.0,-0.0001246331239812548,-53.50032608128228,0.025009789906040258
1.0,0.00014277756110203654,-53.50035561999543,0.025009789906040258
1.0,-6.589488980068836e-05,-53.500323388111966,0.025009789906040258
1.0,1.6290307972788298e-05,-53.50034114845756,0.025009789906040258
1.0,0.00011480342310221658,-53.50024199348342,0.025009789906040258
1.0,0.00013221729280132877,-53.50031353840164,0.025009789906040258
1.0,0.00012856321657750414,-53.50019375215442,0.025009789906040258
1.0,-8.166684315824568e-05,-53.500310472201434,0.025009789906040258
1.0,-7.483734428603839e-05,-53.500189627001944,0.025009789906040258
1.0,0.00016059711581561942,-53.500203349726775,0.025009789906040258
1.0,1.8562413258038646e-05,-53.50043280481768,0.025009789906040258
1.0,0.00013741371110143064,-53.50037134310182,0.025009789906040258
1.0,0.00013487983274984572,-53.50031781474445,0.025009789906040258
1.0,-6.840169846977773e-06,-53.50038825222019,0.025009789906040258
1.0,2.8177713206289923e-05,-53.50019634728732,0.025009789906040258
1.0,5.536534586880748e-05,-53.50020283668704,0.025009789906040258
1.0,-4.956400485767176e-05,-53.50019857622184,0.025009789906040258
1.0,6.863593959405279e-06,-53.5001788486221,0.025009789906040258
1.0,7.24336125017544e-05,-53.5002589276328,0.025009789906040258
1.0,-4.8889965254872436e-05,-53.50043936096323,0.025009789906040258
1.0,-7.441591018775284e-05,-53.50041784021758,0.025009789906040258
1.0,4.5403943731869845e-05,-53.50020013756635,0.025009789906040258
1.0,0.0001055500971034462,-53.500184022512336,0.025009789906040258
1.0,7.721853615194618e-05,-53.50022936647771,0.025009789906040258
1.0,-0.00011460644914507156,-53.50034487372035,0.025009789906040258
1.0,7.823134903617301e-05,-53.5003961226023,0.025009789906040258
1.0,7.1418355083174845e-06,-53.500461799222116,0.025009789906040258
1.0,6.919500342661422e-05,-53.500255506583414,0.025009789906040258
1.0,-0.0001399257994236791,-53.50032905753994,0.025009789906040258
1.0,-0.0001322689034353175,-53.50036250263145,0.025009789906040258
1.0,-6.080865269986191e-05,-53.50018634121489,0.025009789906040258
1.0,3.7587268456817924e-05,-53.50033690589058,0.025009789906040258
1.0,-6.25115036783086e-05,-53.500178598948146,0.025009789906040258
1.0,0.00011323630907256188,-53.500379478264286,0.025009789906040258
1.0,-6.632643247783676e-05,-53.500246070933045,0.025009789906040258
1.0,-9.79269132237448e-05,-53.500181964923584,0.025009789906040258
1.0,0.00011742620655752489,-53.500392579889514,0.025009789906040258
1.0,9.72234907195002e-05,-53.500196970164424,0.025009789906040258
1.0,1.9276070508666976e-05,-53.5004596415713,0.025009789906040258
1.0,0.00011778018225072628,-53.500384410482354,0.025009789906040258
1.0,3.808612834355074e-05,-53.500393838627204,0.025009789906040258
1.0,-9.267211617114413e-05,-53.500432526343644,0.025009789906040258
1.0,5.899714714807658e-05,-53.50018462558416,0.025009789906040258
1.0,9.302111442721639e-05,-53.500221188062824,0.025009789906040258
1.0,0.00017155291081394353,-53.50026726393841,0.025009789906040258
1.0,-6.531533271214585e-05,-53.500183670544054,0.025009789906040258
1.0,4.752531673801741e-05,-53.50043018510766,0.025009789906040258
1.0,2.9555698610295167e-05,-53.50017694629144,0.025009789906040258
1.0,-1.1050841222992602e-05,-53.50044850317255,0.025009789906040258
1.0,3.0460358472206295e-06,-53.50043260850346,0.025009789906040258
1.0,9.24835994773332e-05,-53.50041375992984,0.025009789906040258
1.0,-4.271143397360788e-05,-53.50030051981609,0.025009789906040258
1.0,0.00018036742888938306,-53.50029846780963,0.025009789906040258
1.0,0.00011451777275439667,-53.500367492152556,0.025009789906040258
1.0,-3.4532295195788265e-05,-53.50044873254151,0.025009789906040258
1.0,-7.910290268142717e-05,-53.500180282475846,0.025009789906040258
1.0,6.767746701896726e-05,-53.50040868159088,0.025009789906040258
1.0,7.650942404069383e-05,-53.50030514884866,0.025009789906040258
1.0,-7.093544218861325e-05,-53.500419461176236,0.025009789906040258
1.0,7.0532805147571764e-06,-53.50020388634875,0.025009789906040258
1.0,3.6756688507111335e-05,-53.50035459370466,0.025009789906040258
1.0,3.552315526000882e-05,-53.50028302541053,0.025009789906040258
1.0,3.978886943478699e-05,-53.50034169674954,0.025009789906040258
1.0,8.274859261803158e-05,-53.50033865275483,0.025009789906040258
1.0,-9.495887898935962e-05,-53.50041723147727,0.025009789906040258
1.0,-0.00010402724111457928,-53.5002695639798,0.025009789906040258
1.0,-1.3928272819541121e-05,-53.50039044891905,0.025009789906040258
1.0,-1.2238437696154847e-05,-53.50030805882819,0.025009789906040258
1.0,0.00012125245120131467,-53.500321636576,0.025009789906040258
1.0,6.428833201255202e-05,-53.50034636300274,0.025009789906040258
1.0,3.9899814373356435e-05,-53.50044654322039,0.025009789906040258
1.0,-4.585483390506795e-05,-53.500333227422765,0.025009789906040258
1.0,-7.169820055707987e-05,-53.500416335618766,0.025009789906040258
1.0,-4.846709928152393e-05,-53.500287253475356,0.025009789906040258
1.0,8.184692068979871e-05,-53.500246210640384,0.025009789906040258
1.0,-8.268601332517278e-06,-53.50035924212564,0.025009789906040258
1.0,-4.594854384976088e-05,-53.500325909522985,0.025009789906040258
